<?xml version="1.0" encoding="UTF-8"?>
<gpx creator="StravaGPX" version="1.1" xmlns="http://www.topografix.com/GPX/1/1" xmlns:xsi="http://www.w3.org/2001/XMLSchema-instance" xsi:schemaLocation="http://www.topografix.com/GPX/1/1 http://www.topografix.com/GPX/1/1/gpx.xsd">
 <metadata>
  <time>2026-10-02T12:04:33Z</time>
 </metadata>
 <trk>
  <name>Peak Prompt</name>
  <type>hiking</type>
  <trkseg>
   <trkpt lat="46.5199440" lon="12.0088120">
    <ele>2108.1</ele>
    <time>2026-10-02T12:04:33Z</time>
   </trkpt>
   <trkpt lat="46.5199440" lon="12.0088120">
    <ele>2108.1</ele>
    <time>2026-10-02T12:04:34Z</time>
   </trkpt>
   <trkpt lat="46.5199450" lon="12.0088120">
    <ele>2108.1</ele>
    <time>2026-10-02T12:04:35Z</time>
   </trkpt>
   <trkpt lat="46.5199450" lon="12.0088120">
    <ele>2108.1</ele>
    <time>2026-10-02T12:04:36Z</time>
   </trkpt>
   <trkpt lat="46.5199450" lon="12.0088120">
    <ele>2108.1</ele>
    <time>2026-10-02T12:04:37Z</time>
   </trkpt>
   <trkpt lat="46.5199450" lon="12.0088120">
    <ele>2108.1</ele>
    <time>2026-10-02T12:04:38Z</time>
   </trkpt>
   <trkpt lat="46.5199450" lon="12.0088120">
    <ele>2108.1</ele>
    <time>2026-10-02T12:04:39Z</time>
   </trkpt>
   <trkpt lat="46.5199450" lon="12.0088120">
    <ele>2108.1</ele>
    <time>2026-10-02T12:04:40Z</time>
   </trkpt>
   <trkpt lat="46.5199450" lon="12.0088120">
    <ele>2108.1</ele>
    <time>2026-10-02T12:04:41Z</time>
   </trkpt>
   <trkpt lat="46.5199450" lon="12.0088120">
    <ele>2108.1</ele>
    <time>2026-10-02T12:04:42Z</time>
   </trkpt>
   <trkpt lat="46.5199470" lon="12.0088110">
    <ele>2108.1</ele>
    <time>2026-10-02T12:04:43Z</time>
   </trkpt>
   <trkpt lat="46.5199790" lon="12.0088140">
    <ele>2108.1</ele>
    <time>2026-10-02T12:04:44Z</time>
   </trkpt>
   <trkpt lat="46.5199890" lon="12.0088020">
    <ele>2108.1</ele>
    <time>2026-10-02T12:04:45Z</time>
   </trkpt>
   <trkpt lat="46.5199880" lon="12.0087940">
    <ele>2108.1</ele>
    <time>2026-10-02T12:04:46Z</time>
   </trkpt>
   <trkpt lat="46.5199870" lon="12.0087960">
    <ele>2108.1</ele>
    <time>2026-10-02T12:04:47Z</time>
   </trkpt>
   <trkpt lat="46.5199870" lon="12.0087950">
    <ele>2108.1</ele>
    <time>2026-10-02T12:04:48Z</time>
   </trkpt>
   <trkpt lat="46.5199900" lon="12.0087950">
    <ele>2108.1</ele>
    <time>2026-10-02T12:04:49Z</time>
   </trkpt>
   <trkpt lat="46.5199800" lon="12.0087820">
    <ele>2108.1</ele>
    <time>2026-10-02T12:04:51Z</time>
   </trkpt>
   <trkpt lat="46.5199780" lon="12.0087750">
    <ele>2108.1</ele>
    <time>2026-10-02T12:04:53Z</time>
   </trkpt>
   <trkpt lat="46.5199810" lon="12.0087760">
    <ele>2108.1</ele>
    <time>2026-10-02T12:04:54Z</time>
   </trkpt>
   <trkpt lat="46.5199790" lon="12.0087800">
    <ele>2108.1</ele>
    <time>2026-10-02T12:04:55Z</time>
   </trkpt>
   <trkpt lat="46.5199790" lon="12.0087750">
    <ele>2108.1</ele>
    <time>2026-10-02T12:04:56Z</time>
   </trkpt>
   <trkpt lat="46.5199800" lon="12.0087720">
    <ele>2108.1</ele>
    <time>2026-10-02T12:04:57Z</time>
   </trkpt>
   <trkpt lat="46.5199810" lon="12.0087620">
    <ele>2108.1</ele>
    <time>2026-10-02T12:04:58Z</time>
   </trkpt>
   <trkpt lat="46.5199780" lon="12.0087570">
    <ele>2108.1</ele>
    <time>2026-10-02T12:04:59Z</time>
   </trkpt>
   <trkpt lat="46.5199720" lon="12.0087510">
    <ele>2108.2</ele>
    <time>2026-10-02T12:05:00Z</time>
   </trkpt>
   <trkpt lat="46.5199800" lon="12.0087500">
    <ele>2108.2</ele>
    <time>2026-10-02T12:05:01Z</time>
   </trkpt>
   <trkpt lat="46.5199800" lon="12.0087500">
    <ele>2108.2</ele>
    <time>2026-10-02T12:05:02Z</time>
   </trkpt>
   <trkpt lat="46.5199840" lon="12.0087480">
    <ele>2108.2</ele>
    <time>2026-10-02T12:05:03Z</time>
   </trkpt>
   <trkpt lat="46.5199840" lon="12.0087400">
    <ele>2108.2</ele>
    <time>2026-10-02T12:05:05Z</time>
   </trkpt>
   <trkpt lat="46.5199740" lon="12.0087530">
    <ele>2108.2</ele>
    <time>2026-10-02T12:05:06Z</time>
   </trkpt>
   <trkpt lat="46.5199930" lon="12.0087480">
    <ele>2108.2</ele>
    <time>2026-10-02T12:05:07Z</time>
   </trkpt>
   <trkpt lat="46.5199930" lon="12.0087540">
    <ele>2108.2</ele>
    <time>2026-10-02T12:05:08Z</time>
   </trkpt>
   <trkpt lat="46.5199960" lon="12.0087550">
    <ele>2108.2</ele>
    <time>2026-10-02T12:05:09Z</time>
   </trkpt>
   <trkpt lat="46.5199890" lon="12.0087630">
    <ele>2108.2</ele>
    <time>2026-10-02T12:05:10Z</time>
   </trkpt>
   <trkpt lat="46.5199850" lon="12.0087610">
    <ele>2108.2</ele>
    <time>2026-10-02T12:05:12Z</time>
   </trkpt>
   <trkpt lat="46.5199870" lon="12.0087590">
    <ele>2108.2</ele>
    <time>2026-10-02T12:05:13Z</time>
   </trkpt>
   <trkpt lat="46.5199950" lon="12.0087620">
    <ele>2108.2</ele>
    <time>2026-10-02T12:05:14Z</time>
   </trkpt>
   <trkpt lat="46.5200060" lon="12.0087750">
    <ele>2108.3</ele>
    <time>2026-10-02T12:05:15Z</time>
   </trkpt>
   <trkpt lat="46.5200190" lon="12.0087940">
    <ele>2108.3</ele>
    <time>2026-10-02T12:05:16Z</time>
   </trkpt>
   <trkpt lat="46.5200270" lon="12.0088110">
    <ele>2108.3</ele>
    <time>2026-10-02T12:05:17Z</time>
   </trkpt>
   <trkpt lat="46.5200270" lon="12.0088220">
    <ele>2108.3</ele>
    <time>2026-10-02T12:05:18Z</time>
   </trkpt>
   <trkpt lat="46.5200360" lon="12.0088310">
    <ele>2108.3</ele>
    <time>2026-10-02T12:05:19Z</time>
   </trkpt>
   <trkpt lat="46.5200470" lon="12.0088480">
    <ele>2108.4</ele>
    <time>2026-10-02T12:05:20Z</time>
   </trkpt>
   <trkpt lat="46.5200520" lon="12.0088600">
    <ele>2108.4</ele>
    <time>2026-10-02T12:05:21Z</time>
   </trkpt>
   <trkpt lat="46.5200540" lon="12.0088790">
    <ele>2108.4</ele>
    <time>2026-10-02T12:05:22Z</time>
   </trkpt>
   <trkpt lat="46.5200700" lon="12.0088900">
    <ele>2108.4</ele>
    <time>2026-10-02T12:05:23Z</time>
   </trkpt>
   <trkpt lat="46.5200840" lon="12.0088950">
    <ele>2108.5</ele>
    <time>2026-10-02T12:05:24Z</time>
   </trkpt>
   <trkpt lat="46.5200940" lon="12.0088940">
    <ele>2108.5</ele>
    <time>2026-10-02T12:05:25Z</time>
   </trkpt>
   <trkpt lat="46.5201050" lon="12.0088980">
    <ele>2108.5</ele>
    <time>2026-10-02T12:05:26Z</time>
   </trkpt>
   <trkpt lat="46.5201180" lon="12.0089130">
    <ele>2108.5</ele>
    <time>2026-10-02T12:05:27Z</time>
   </trkpt>
   <trkpt lat="46.5201230" lon="12.0089330">
    <ele>2108.6</ele>
    <time>2026-10-02T12:05:28Z</time>
   </trkpt>
   <trkpt lat="46.5201370" lon="12.0089440">
    <ele>2108.6</ele>
    <time>2026-10-02T12:05:29Z</time>
   </trkpt>
   <trkpt lat="46.5201440" lon="12.0089420">
    <ele>2108.7</ele>
    <time>2026-10-02T12:05:30Z</time>
   </trkpt>
   <trkpt lat="46.5201530" lon="12.0089360">
    <ele>2108.7</ele>
    <time>2026-10-02T12:05:31Z</time>
   </trkpt>
   <trkpt lat="46.5201550" lon="12.0089360">
    <ele>2108.7</ele>
    <time>2026-10-02T12:05:32Z</time>
   </trkpt>
   <trkpt lat="46.5201510" lon="12.0089270">
    <ele>2108.7</ele>
    <time>2026-10-02T12:05:33Z</time>
   </trkpt>
   <trkpt lat="46.5201530" lon="12.0089260">
    <ele>2108.7</ele>
    <time>2026-10-02T12:05:34Z</time>
   </trkpt>
   <trkpt lat="46.5201550" lon="12.0089430">
    <ele>2108.7</ele>
    <time>2026-10-02T12:05:35Z</time>
   </trkpt>
   <trkpt lat="46.5201640" lon="12.0089590">
    <ele>2108.8</ele>
    <time>2026-10-02T12:05:36Z</time>
   </trkpt>
   <trkpt lat="46.5201710" lon="12.0089670">
    <ele>2108.8</ele>
    <time>2026-10-02T12:05:37Z</time>
   </trkpt>
   <trkpt lat="46.5201710" lon="12.0089850">
    <ele>2108.9</ele>
    <time>2026-10-02T12:05:38Z</time>
   </trkpt>
   <trkpt lat="46.5201690" lon="12.0090030">
    <ele>2108.9</ele>
    <time>2026-10-02T12:05:39Z</time>
   </trkpt>
   <trkpt lat="46.5201700" lon="12.0090310">
    <ele>2108.9</ele>
    <time>2026-10-02T12:05:40Z</time>
   </trkpt>
   <trkpt lat="46.5201680" lon="12.0090500">
    <ele>2109.0</ele>
    <time>2026-10-02T12:05:41Z</time>
   </trkpt>
   <trkpt lat="46.5201700" lon="12.0090650">
    <ele>2109.0</ele>
    <time>2026-10-02T12:05:42Z</time>
   </trkpt>
   <trkpt lat="46.5201680" lon="12.0090870">
    <ele>2109.1</ele>
    <time>2026-10-02T12:05:43Z</time>
   </trkpt>
   <trkpt lat="46.5201730" lon="12.0091000">
    <ele>2109.1</ele>
    <time>2026-10-02T12:05:44Z</time>
   </trkpt>
   <trkpt lat="46.5201650" lon="12.0091170">
    <ele>2109.2</ele>
    <time>2026-10-02T12:05:45Z</time>
   </trkpt>
   <trkpt lat="46.5201490" lon="12.0091310">
    <ele>2109.2</ele>
    <time>2026-10-02T12:05:46Z</time>
   </trkpt>
   <trkpt lat="46.5201520" lon="12.0091320">
    <ele>2109.3</ele>
    <time>2026-10-02T12:05:47Z</time>
   </trkpt>
   <trkpt lat="46.5201540" lon="12.0091280">
    <ele>2109.3</ele>
    <time>2026-10-02T12:05:48Z</time>
   </trkpt>
   <trkpt lat="46.5201730" lon="12.0091420">
    <ele>2109.3</ele>
    <time>2026-10-02T12:05:49Z</time>
   </trkpt>
   <trkpt lat="46.5201770" lon="12.0091530">
    <ele>2109.4</ele>
    <time>2026-10-02T12:05:50Z</time>
   </trkpt>
   <trkpt lat="46.5201890" lon="12.0091650">
    <ele>2109.4</ele>
    <time>2026-10-02T12:05:51Z</time>
   </trkpt>
   <trkpt lat="46.5202000" lon="12.0091710">
    <ele>2109.5</ele>
    <time>2026-10-02T12:05:52Z</time>
   </trkpt>
   <trkpt lat="46.5202080" lon="12.0091630">
    <ele>2109.5</ele>
    <time>2026-10-02T12:05:53Z</time>
   </trkpt>
   <trkpt lat="46.5202220" lon="12.0091810">
    <ele>2109.6</ele>
    <time>2026-10-02T12:05:54Z</time>
   </trkpt>
   <trkpt lat="46.5202340" lon="12.0091820">
    <ele>2109.7</ele>
    <time>2026-10-02T12:05:55Z</time>
   </trkpt>
   <trkpt lat="46.5202400" lon="12.0091840">
    <ele>2109.7</ele>
    <time>2026-10-02T12:05:56Z</time>
   </trkpt>
   <trkpt lat="46.5202500" lon="12.0091900">
    <ele>2109.7</ele>
    <time>2026-10-02T12:05:57Z</time>
   </trkpt>
   <trkpt lat="46.5202630" lon="12.0092000">
    <ele>2109.8</ele>
    <time>2026-10-02T12:05:58Z</time>
   </trkpt>
   <trkpt lat="46.5202690" lon="12.0092060">
    <ele>2109.8</ele>
    <time>2026-10-02T12:05:59Z</time>
   </trkpt>
   <trkpt lat="46.5202780" lon="12.0092150">
    <ele>2109.9</ele>
    <time>2026-10-02T12:06:00Z</time>
   </trkpt>
   <trkpt lat="46.5202960" lon="12.0092170">
    <ele>2110.0</ele>
    <time>2026-10-02T12:06:01Z</time>
   </trkpt>
   <trkpt lat="46.5203090" lon="12.0092250">
    <ele>2110.1</ele>
    <time>2026-10-02T12:06:02Z</time>
   </trkpt>
   <trkpt lat="46.5203220" lon="12.0092050">
    <ele>2110.2</ele>
    <time>2026-10-02T12:06:03Z</time>
   </trkpt>
   <trkpt lat="46.5203230" lon="12.0092010">
    <ele>2110.3</ele>
    <time>2026-10-02T12:06:04Z</time>
   </trkpt>
   <trkpt lat="46.5203150" lon="12.0092010">
    <ele>2110.3</ele>
    <time>2026-10-02T12:06:05Z</time>
   </trkpt>
   <trkpt lat="46.5203120" lon="12.0092090">
    <ele>2110.3</ele>
    <time>2026-10-02T12:06:06Z</time>
   </trkpt>
   <trkpt lat="46.5203200" lon="12.0092230">
    <ele>2110.4</ele>
    <time>2026-10-02T12:06:07Z</time>
   </trkpt>
   <trkpt lat="46.5203300" lon="12.0092320">
    <ele>2110.5</ele>
    <time>2026-10-02T12:06:08Z</time>
   </trkpt>
   <trkpt lat="46.5203380" lon="12.0092390">
    <ele>2110.5</ele>
    <time>2026-10-02T12:06:09Z</time>
   </trkpt>
   <trkpt lat="46.5203400" lon="12.0092480">
    <ele>2110.6</ele>
    <time>2026-10-02T12:06:10Z</time>
   </trkpt>
   <trkpt lat="46.5203290" lon="12.0092650">
    <ele>2110.7</ele>
    <time>2026-10-02T12:06:11Z</time>
   </trkpt>
   <trkpt lat="46.5203240" lon="12.0092710">
    <ele>2110.7</ele>
    <time>2026-10-02T12:06:12Z</time>
   </trkpt>
   <trkpt lat="46.5203360" lon="12.0092890">
    <ele>2110.8</ele>
    <time>2026-10-02T12:06:13Z</time>
   </trkpt>
   <trkpt lat="46.5203180" lon="12.0092670">
    <ele>2110.9</ele>
    <time>2026-10-02T12:06:14Z</time>
   </trkpt>
   <trkpt lat="46.5203160" lon="12.0092680">
    <ele>2110.9</ele>
    <time>2026-10-02T12:06:15Z</time>
   </trkpt>
   <trkpt lat="46.5203150" lon="12.0092760">
    <ele>2111.0</ele>
    <time>2026-10-02T12:06:16Z</time>
   </trkpt>
   <trkpt lat="46.5203170" lon="12.0092640">
    <ele>2111.0</ele>
    <time>2026-10-02T12:06:17Z</time>
   </trkpt>
   <trkpt lat="46.5203310" lon="12.0092300">
    <ele>2111.2</ele>
    <time>2026-10-02T12:06:18Z</time>
   </trkpt>
   <trkpt lat="46.5203500" lon="12.0092410">
    <ele>2111.3</ele>
    <time>2026-10-02T12:06:19Z</time>
   </trkpt>
   <trkpt lat="46.5203440" lon="12.0092570">
    <ele>2111.4</ele>
    <time>2026-10-02T12:06:20Z</time>
   </trkpt>
   <trkpt lat="46.5203430" lon="12.0092740">
    <ele>2111.4</ele>
    <time>2026-10-02T12:06:21Z</time>
   </trkpt>
   <trkpt lat="46.5203610" lon="12.0092970">
    <ele>2111.6</ele>
    <time>2026-10-02T12:06:22Z</time>
   </trkpt>
   <trkpt lat="46.5203920" lon="12.0093100">
    <ele>2111.8</ele>
    <time>2026-10-02T12:06:23Z</time>
   </trkpt>
   <trkpt lat="46.5204040" lon="12.0093120">
    <ele>2111.8</ele>
    <time>2026-10-02T12:06:24Z</time>
   </trkpt>
   <trkpt lat="46.5204080" lon="12.0093240">
    <ele>2111.9</ele>
    <time>2026-10-02T12:06:25Z</time>
   </trkpt>
   <trkpt lat="46.5204210" lon="12.0093290">
    <ele>2112.0</ele>
    <time>2026-10-02T12:06:26Z</time>
   </trkpt>
   <trkpt lat="46.5204210" lon="12.0093280">
    <ele>2112.0</ele>
    <time>2026-10-02T12:06:27Z</time>
   </trkpt>
   <trkpt lat="46.5204180" lon="12.0093290">
    <ele>2112.0</ele>
    <time>2026-10-02T12:06:28Z</time>
   </trkpt>
   <trkpt lat="46.5204160" lon="12.0093240">
    <ele>2112.0</ele>
    <time>2026-10-02T12:06:29Z</time>
   </trkpt>
   <trkpt lat="46.5204170" lon="12.0093240">
    <ele>2112.0</ele>
    <time>2026-10-02T12:06:30Z</time>
   </trkpt>
   <trkpt lat="46.5204190" lon="12.0093240">
    <ele>2112.0</ele>
    <time>2026-10-02T12:06:31Z</time>
   </trkpt>
   <trkpt lat="46.5204170" lon="12.0093390">
    <ele>2112.1</ele>
    <time>2026-10-02T12:06:32Z</time>
   </trkpt>
   <trkpt lat="46.5204180" lon="12.0093490">
    <ele>2112.1</ele>
    <time>2026-10-02T12:06:33Z</time>
   </trkpt>
   <trkpt lat="46.5204020" lon="12.0093620">
    <ele>2112.2</ele>
    <time>2026-10-02T12:06:34Z</time>
   </trkpt>
   <trkpt lat="46.5203950" lon="12.0093790">
    <ele>2112.3</ele>
    <time>2026-10-02T12:06:35Z</time>
   </trkpt>
   <trkpt lat="46.5203980" lon="12.0094060">
    <ele>2112.4</ele>
    <time>2026-10-02T12:06:36Z</time>
   </trkpt>
   <trkpt lat="46.5203980" lon="12.0094160">
    <ele>2112.5</ele>
    <time>2026-10-02T12:06:37Z</time>
   </trkpt>
   <trkpt lat="46.5204110" lon="12.0094260">
    <ele>2112.7</ele>
    <time>2026-10-02T12:06:38Z</time>
   </trkpt>
   <trkpt lat="46.5204130" lon="12.0094260">
    <ele>2112.7</ele>
    <time>2026-10-02T12:06:39Z</time>
   </trkpt>
   <trkpt lat="46.5204190" lon="12.0094270">
    <ele>2112.8</ele>
    <time>2026-10-02T12:06:40Z</time>
   </trkpt>
   <trkpt lat="46.5204200" lon="12.0094240">
    <ele>2112.8</ele>
    <time>2026-10-02T12:06:41Z</time>
   </trkpt>
   <trkpt lat="46.5204200" lon="12.0094240">
    <ele>2112.8</ele>
    <time>2026-10-02T12:06:42Z</time>
   </trkpt>
   <trkpt lat="46.5204200" lon="12.0094240">
    <ele>2112.8</ele>
    <time>2026-10-02T12:06:43Z</time>
   </trkpt>
   <trkpt lat="46.5204290" lon="12.0094270">
    <ele>2113.0</ele>
    <time>2026-10-02T12:06:44Z</time>
   </trkpt>
   <trkpt lat="46.5204390" lon="12.0094170">
    <ele>2113.2</ele>
    <time>2026-10-02T12:06:45Z</time>
   </trkpt>
   <trkpt lat="46.5204390" lon="12.0094130">
    <ele>2113.3</ele>
    <time>2026-10-02T12:06:46Z</time>
   </trkpt>
   <trkpt lat="46.5204430" lon="12.0093990">
    <ele>2113.5</ele>
    <time>2026-10-02T12:06:47Z</time>
   </trkpt>
   <trkpt lat="46.5204500" lon="12.0093970">
    <ele>2113.6</ele>
    <time>2026-10-02T12:06:48Z</time>
   </trkpt>
   <trkpt lat="46.5204510" lon="12.0094150">
    <ele>2113.8</ele>
    <time>2026-10-02T12:06:49Z</time>
   </trkpt>
   <trkpt lat="46.5204590" lon="12.0094180">
    <ele>2113.9</ele>
    <time>2026-10-02T12:06:50Z</time>
   </trkpt>
   <trkpt lat="46.5204700" lon="12.0094230">
    <ele>2114.1</ele>
    <time>2026-10-02T12:06:51Z</time>
   </trkpt>
   <trkpt lat="46.5204730" lon="12.0094380">
    <ele>2114.3</ele>
    <time>2026-10-02T12:06:52Z</time>
   </trkpt>
   <trkpt lat="46.5204790" lon="12.0094410">
    <ele>2114.4</ele>
    <time>2026-10-02T12:06:53Z</time>
   </trkpt>
   <trkpt lat="46.5204890" lon="12.0094430">
    <ele>2114.6</ele>
    <time>2026-10-02T12:06:54Z</time>
   </trkpt>
   <trkpt lat="46.5204870" lon="12.0094450">
    <ele>2114.7</ele>
    <time>2026-10-02T12:06:55Z</time>
   </trkpt>
   <trkpt lat="46.5204860" lon="12.0094450">
    <ele>2114.7</ele>
    <time>2026-10-02T12:06:56Z</time>
   </trkpt>
   <trkpt lat="46.5204850" lon="12.0094440">
    <ele>2114.7</ele>
    <time>2026-10-02T12:06:57Z</time>
   </trkpt>
   <trkpt lat="46.5204870" lon="12.0094490">
    <ele>2114.8</ele>
    <time>2026-10-02T12:06:58Z</time>
   </trkpt>
   <trkpt lat="46.5204940" lon="12.0094570">
    <ele>2114.9</ele>
    <time>2026-10-02T12:06:59Z</time>
   </trkpt>
   <trkpt lat="46.5204880" lon="12.0094440">
    <ele>2115.1</ele>
    <time>2026-10-02T12:07:00Z</time>
   </trkpt>
   <trkpt lat="46.5204850" lon="12.0094430">
    <ele>2115.2</ele>
    <time>2026-10-02T12:07:01Z</time>
   </trkpt>
   <trkpt lat="46.5204970" lon="12.0094240">
    <ele>2115.5</ele>
    <time>2026-10-02T12:07:02Z</time>
   </trkpt>
   <trkpt lat="46.5205000" lon="12.0094260">
    <ele>2115.5</ele>
    <time>2026-10-02T12:07:03Z</time>
   </trkpt>
   <trkpt lat="46.5205100" lon="12.0094210">
    <ele>2115.7</ele>
    <time>2026-10-02T12:07:04Z</time>
   </trkpt>
   <trkpt lat="46.5205180" lon="12.0094180">
    <ele>2115.9</ele>
    <time>2026-10-02T12:07:05Z</time>
   </trkpt>
   <trkpt lat="46.5205270" lon="12.0094280">
    <ele>2116.1</ele>
    <time>2026-10-02T12:07:06Z</time>
   </trkpt>
   <trkpt lat="46.5205280" lon="12.0094370">
    <ele>2116.2</ele>
    <time>2026-10-02T12:07:07Z</time>
   </trkpt>
   <trkpt lat="46.5205330" lon="12.0094350">
    <ele>2116.3</ele>
    <time>2026-10-02T12:07:08Z</time>
   </trkpt>
   <trkpt lat="46.5205430" lon="12.0094400">
    <ele>2116.5</ele>
    <time>2026-10-02T12:07:09Z</time>
   </trkpt>
   <trkpt lat="46.5205470" lon="12.0094440">
    <ele>2116.6</ele>
    <time>2026-10-02T12:07:10Z</time>
   </trkpt>
   <trkpt lat="46.5205530" lon="12.0094590">
    <ele>2116.8</ele>
    <time>2026-10-02T12:07:11Z</time>
   </trkpt>
   <trkpt lat="46.5205590" lon="12.0094690">
    <ele>2117.0</ele>
    <time>2026-10-02T12:07:12Z</time>
   </trkpt>
   <trkpt lat="46.5205640" lon="12.0094710">
    <ele>2117.1</ele>
    <time>2026-10-02T12:07:13Z</time>
   </trkpt>
   <trkpt lat="46.5205670" lon="12.0094740">
    <ele>2117.2</ele>
    <time>2026-10-02T12:07:14Z</time>
   </trkpt>
   <trkpt lat="46.5205720" lon="12.0094770">
    <ele>2117.3</ele>
    <time>2026-10-02T12:07:15Z</time>
   </trkpt>
   <trkpt lat="46.5205760" lon="12.0094790">
    <ele>2117.4</ele>
    <time>2026-10-02T12:07:16Z</time>
   </trkpt>
   <trkpt lat="46.5205790" lon="12.0094840">
    <ele>2117.5</ele>
    <time>2026-10-02T12:07:17Z</time>
   </trkpt>
   <trkpt lat="46.5205840" lon="12.0094910">
    <ele>2117.6</ele>
    <time>2026-10-02T12:07:18Z</time>
   </trkpt>
   <trkpt lat="46.5205890" lon="12.0095000">
    <ele>2117.8</ele>
    <time>2026-10-02T12:07:19Z</time>
   </trkpt>
   <trkpt lat="46.5205990" lon="12.0095080">
    <ele>2118.0</ele>
    <time>2026-10-02T12:07:20Z</time>
   </trkpt>
   <trkpt lat="46.5206030" lon="12.0095130">
    <ele>2118.2</ele>
    <time>2026-10-02T12:07:21Z</time>
   </trkpt>
   <trkpt lat="46.5206080" lon="12.0095210">
    <ele>2118.3</ele>
    <time>2026-10-02T12:07:22Z</time>
   </trkpt>
   <trkpt lat="46.5206100" lon="12.0095240">
    <ele>2118.4</ele>
    <time>2026-10-02T12:07:23Z</time>
   </trkpt>
   <trkpt lat="46.5206170" lon="12.0095320">
    <ele>2118.6</ele>
    <time>2026-10-02T12:07:24Z</time>
   </trkpt>
   <trkpt lat="46.5206210" lon="12.0095420">
    <ele>2118.7</ele>
    <time>2026-10-02T12:07:25Z</time>
   </trkpt>
   <trkpt lat="46.5206270" lon="12.0095530">
    <ele>2118.9</ele>
    <time>2026-10-02T12:07:26Z</time>
   </trkpt>
   <trkpt lat="46.5206280" lon="12.0095630">
    <ele>2119.1</ele>
    <time>2026-10-02T12:07:27Z</time>
   </trkpt>
   <trkpt lat="46.5206280" lon="12.0095680">
    <ele>2119.2</ele>
    <time>2026-10-02T12:07:28Z</time>
   </trkpt>
   <trkpt lat="46.5206370" lon="12.0095740">
    <ele>2119.4</ele>
    <time>2026-10-02T12:07:29Z</time>
   </trkpt>
   <trkpt lat="46.5206430" lon="12.0095840">
    <ele>2119.6</ele>
    <time>2026-10-02T12:07:30Z</time>
   </trkpt>
   <trkpt lat="46.5206480" lon="12.0095930">
    <ele>2119.7</ele>
    <time>2026-10-02T12:07:31Z</time>
   </trkpt>
   <trkpt lat="46.5206540" lon="12.0095910">
    <ele>2119.9</ele>
    <time>2026-10-02T12:07:32Z</time>
   </trkpt>
   <trkpt lat="46.5206600" lon="12.0095950">
    <ele>2120.0</ele>
    <time>2026-10-02T12:07:33Z</time>
   </trkpt>
   <trkpt lat="46.5206670" lon="12.0096030">
    <ele>2120.2</ele>
    <time>2026-10-02T12:07:34Z</time>
   </trkpt>
   <trkpt lat="46.5206730" lon="12.0096150">
    <ele>2120.4</ele>
    <time>2026-10-02T12:07:35Z</time>
   </trkpt>
   <trkpt lat="46.5206760" lon="12.0096180">
    <ele>2120.5</ele>
    <time>2026-10-02T12:07:36Z</time>
   </trkpt>
   <trkpt lat="46.5206840" lon="12.0096240">
    <ele>2120.7</ele>
    <time>2026-10-02T12:07:37Z</time>
   </trkpt>
   <trkpt lat="46.5206880" lon="12.0096300">
    <ele>2120.9</ele>
    <time>2026-10-02T12:07:38Z</time>
   </trkpt>
   <trkpt lat="46.5206970" lon="12.0096440">
    <ele>2121.1</ele>
    <time>2026-10-02T12:07:39Z</time>
   </trkpt>
   <trkpt lat="46.5207010" lon="12.0096570">
    <ele>2121.4</ele>
    <time>2026-10-02T12:07:40Z</time>
   </trkpt>
   <trkpt lat="46.5207070" lon="12.0096670">
    <ele>2121.6</ele>
    <time>2026-10-02T12:07:41Z</time>
   </trkpt>
   <trkpt lat="46.5207100" lon="12.0096770">
    <ele>2121.7</ele>
    <time>2026-10-02T12:07:42Z</time>
   </trkpt>
   <trkpt lat="46.5207190" lon="12.0096870">
    <ele>2122.0</ele>
    <time>2026-10-02T12:07:43Z</time>
   </trkpt>
   <trkpt lat="46.5207230" lon="12.0096980">
    <ele>2122.2</ele>
    <time>2026-10-02T12:07:44Z</time>
   </trkpt>
   <trkpt lat="46.5207310" lon="12.0097020">
    <ele>2122.4</ele>
    <time>2026-10-02T12:07:45Z</time>
   </trkpt>
   <trkpt lat="46.5207320" lon="12.0097140">
    <ele>2122.6</ele>
    <time>2026-10-02T12:07:46Z</time>
   </trkpt>
   <trkpt lat="46.5207340" lon="12.0097160">
    <ele>2122.6</ele>
    <time>2026-10-02T12:07:47Z</time>
   </trkpt>
   <trkpt lat="46.5207440" lon="12.0097260">
    <ele>2122.9</ele>
    <time>2026-10-02T12:07:48Z</time>
   </trkpt>
   <trkpt lat="46.5207490" lon="12.0097310">
    <ele>2123.0</ele>
    <time>2026-10-02T12:07:49Z</time>
   </trkpt>
   <trkpt lat="46.5207590" lon="12.0097320">
    <ele>2123.3</ele>
    <time>2026-10-02T12:07:50Z</time>
   </trkpt>
   <trkpt lat="46.5207650" lon="12.0097320">
    <ele>2123.4</ele>
    <time>2026-10-02T12:07:51Z</time>
   </trkpt>
   <trkpt lat="46.5207760" lon="12.0097460">
    <ele>2123.7</ele>
    <time>2026-10-02T12:07:52Z</time>
   </trkpt>
   <trkpt lat="46.5207790" lon="12.0097490">
    <ele>2123.8</ele>
    <time>2026-10-02T12:07:53Z</time>
   </trkpt>
   <trkpt lat="46.5207810" lon="12.0097530">
    <ele>2123.9</ele>
    <time>2026-10-02T12:07:54Z</time>
   </trkpt>
   <trkpt lat="46.5207860" lon="12.0097570">
    <ele>2124.0</ele>
    <time>2026-10-02T12:07:55Z</time>
   </trkpt>
   <trkpt lat="46.5208000" lon="12.0097690">
    <ele>2124.4</ele>
    <time>2026-10-02T12:07:56Z</time>
   </trkpt>
   <trkpt lat="46.5208040" lon="12.0097690">
    <ele>2124.5</ele>
    <time>2026-10-02T12:07:57Z</time>
   </trkpt>
   <trkpt lat="46.5208130" lon="12.0097680">
    <ele>2124.7</ele>
    <time>2026-10-02T12:07:58Z</time>
   </trkpt>
   <trkpt lat="46.5208290" lon="12.0097700">
    <ele>2125.1</ele>
    <time>2026-10-02T12:07:59Z</time>
   </trkpt>
   <trkpt lat="46.5208360" lon="12.0097700">
    <ele>2125.2</ele>
    <time>2026-10-02T12:08:00Z</time>
   </trkpt>
   <trkpt lat="46.5208380" lon="12.0097650">
    <ele>2125.3</ele>
    <time>2026-10-02T12:08:01Z</time>
   </trkpt>
   <trkpt lat="46.5208400" lon="12.0097670">
    <ele>2125.4</ele>
    <time>2026-10-02T12:08:02Z</time>
   </trkpt>
   <trkpt lat="46.5208510" lon="12.0097680">
    <ele>2125.6</ele>
    <time>2026-10-02T12:08:03Z</time>
   </trkpt>
   <trkpt lat="46.5208550" lon="12.0097750">
    <ele>2125.8</ele>
    <time>2026-10-02T12:08:04Z</time>
   </trkpt>
   <trkpt lat="46.5208610" lon="12.0097710">
    <ele>2125.9</ele>
    <time>2026-10-02T12:08:05Z</time>
   </trkpt>
   <trkpt lat="46.5208700" lon="12.0097660">
    <ele>2126.1</ele>
    <time>2026-10-02T12:08:06Z</time>
   </trkpt>
   <trkpt lat="46.5208760" lon="12.0097670">
    <ele>2126.3</ele>
    <time>2026-10-02T12:08:07Z</time>
   </trkpt>
   <trkpt lat="46.5208830" lon="12.0097630">
    <ele>2126.4</ele>
    <time>2026-10-02T12:08:08Z</time>
   </trkpt>
   <trkpt lat="46.5208910" lon="12.0097570">
    <ele>2126.6</ele>
    <time>2026-10-02T12:08:09Z</time>
   </trkpt>
   <trkpt lat="46.5208930" lon="12.0097550">
    <ele>2126.7</ele>
    <time>2026-10-02T12:08:10Z</time>
   </trkpt>
   <trkpt lat="46.5209000" lon="12.0097600">
    <ele>2126.9</ele>
    <time>2026-10-02T12:08:11Z</time>
   </trkpt>
   <trkpt lat="46.5209070" lon="12.0097610">
    <ele>2127.0</ele>
    <time>2026-10-02T12:08:12Z</time>
   </trkpt>
   <trkpt lat="46.5209160" lon="12.0097620">
    <ele>2127.2</ele>
    <time>2026-10-02T12:08:13Z</time>
   </trkpt>
   <trkpt lat="46.5209230" lon="12.0097630">
    <ele>2127.4</ele>
    <time>2026-10-02T12:08:14Z</time>
   </trkpt>
   <trkpt lat="46.5209300" lon="12.0097600">
    <ele>2127.6</ele>
    <time>2026-10-02T12:08:15Z</time>
   </trkpt>
   <trkpt lat="46.5209370" lon="12.0097620">
    <ele>2127.7</ele>
    <time>2026-10-02T12:08:16Z</time>
   </trkpt>
   <trkpt lat="46.5209450" lon="12.0097590">
    <ele>2127.9</ele>
    <time>2026-10-02T12:08:18Z</time>
   </trkpt>
   <trkpt lat="46.5209510" lon="12.0097650">
    <ele>2128.1</ele>
    <time>2026-10-02T12:08:19Z</time>
   </trkpt>
   <trkpt lat="46.5209640" lon="12.0097740">
    <ele>2128.4</ele>
    <time>2026-10-02T12:08:20Z</time>
   </trkpt>
   <trkpt lat="46.5209810" lon="12.0097730">
    <ele>2128.8</ele>
    <time>2026-10-02T12:08:21Z</time>
   </trkpt>
   <trkpt lat="46.5209960" lon="12.0097730">
    <ele>2129.1</ele>
    <time>2026-10-02T12:08:22Z</time>
   </trkpt>
   <trkpt lat="46.5209980" lon="12.0097670">
    <ele>2129.2</ele>
    <time>2026-10-02T12:08:23Z</time>
   </trkpt>
   <trkpt lat="46.5210070" lon="12.0097640">
    <ele>2129.4</ele>
    <time>2026-10-02T12:08:24Z</time>
   </trkpt>
   <trkpt lat="46.5210140" lon="12.0097720">
    <ele>2129.6</ele>
    <time>2026-10-02T12:08:25Z</time>
   </trkpt>
   <trkpt lat="46.5210230" lon="12.0097690">
    <ele>2129.8</ele>
    <time>2026-10-02T12:08:26Z</time>
   </trkpt>
   <trkpt lat="46.5210300" lon="12.0097710">
    <ele>2130.0</ele>
    <time>2026-10-02T12:08:27Z</time>
   </trkpt>
   <trkpt lat="46.5210350" lon="12.0097670">
    <ele>2130.1</ele>
    <time>2026-10-02T12:08:28Z</time>
   </trkpt>
   <trkpt lat="46.5210480" lon="12.0097730">
    <ele>2130.4</ele>
    <time>2026-10-02T12:08:29Z</time>
   </trkpt>
   <trkpt lat="46.5210560" lon="12.0097760">
    <ele>2130.6</ele>
    <time>2026-10-02T12:08:30Z</time>
   </trkpt>
   <trkpt lat="46.5210690" lon="12.0097780">
    <ele>2130.9</ele>
    <time>2026-10-02T12:08:31Z</time>
   </trkpt>
   <trkpt lat="46.5210730" lon="12.0097840">
    <ele>2131.0</ele>
    <time>2026-10-02T12:08:32Z</time>
   </trkpt>
   <trkpt lat="46.5210810" lon="12.0097920">
    <ele>2131.2</ele>
    <time>2026-10-02T12:08:33Z</time>
   </trkpt>
   <trkpt lat="46.5210840" lon="12.0098020">
    <ele>2131.3</ele>
    <time>2026-10-02T12:08:34Z</time>
   </trkpt>
   <trkpt lat="46.5210870" lon="12.0098060">
    <ele>2131.4</ele>
    <time>2026-10-02T12:08:35Z</time>
   </trkpt>
   <trkpt lat="46.5210900" lon="12.0098140">
    <ele>2131.6</ele>
    <time>2026-10-02T12:08:36Z</time>
   </trkpt>
   <trkpt lat="46.5211010" lon="12.0098270">
    <ele>2131.9</ele>
    <time>2026-10-02T12:08:37Z</time>
   </trkpt>
   <trkpt lat="46.5211070" lon="12.0098330">
    <ele>2132.0</ele>
    <time>2026-10-02T12:08:38Z</time>
   </trkpt>
   <trkpt lat="46.5211150" lon="12.0098420">
    <ele>2132.2</ele>
    <time>2026-10-02T12:08:39Z</time>
   </trkpt>
   <trkpt lat="46.5211220" lon="12.0098420">
    <ele>2132.4</ele>
    <time>2026-10-02T12:08:40Z</time>
   </trkpt>
   <trkpt lat="46.5211310" lon="12.0098500">
    <ele>2132.6</ele>
    <time>2026-10-02T12:08:41Z</time>
   </trkpt>
   <trkpt lat="46.5211380" lon="12.0098550">
    <ele>2132.8</ele>
    <time>2026-10-02T12:08:42Z</time>
   </trkpt>
   <trkpt lat="46.5211440" lon="12.0098550">
    <ele>2132.9</ele>
    <time>2026-10-02T12:08:43Z</time>
   </trkpt>
   <trkpt lat="46.5211490" lon="12.0098620">
    <ele>2133.0</ele>
    <time>2026-10-02T12:08:44Z</time>
   </trkpt>
   <trkpt lat="46.5211480" lon="12.0098630">
    <ele>2133.1</ele>
    <time>2026-10-02T12:08:45Z</time>
   </trkpt>
   <trkpt lat="46.5211570" lon="12.0098610">
    <ele>2133.3</ele>
    <time>2026-10-02T12:08:46Z</time>
   </trkpt>
   <trkpt lat="46.5211580" lon="12.0098610">
    <ele>2133.3</ele>
    <time>2026-10-02T12:08:47Z</time>
   </trkpt>
   <trkpt lat="46.5211580" lon="12.0098620">
    <ele>2133.3</ele>
    <time>2026-10-02T12:08:48Z</time>
   </trkpt>
   <trkpt lat="46.5211600" lon="12.0098550">
    <ele>2133.4</ele>
    <time>2026-10-02T12:08:49Z</time>
   </trkpt>
   <trkpt lat="46.5211590" lon="12.0098470">
    <ele>2133.5</ele>
    <time>2026-10-02T12:08:50Z</time>
   </trkpt>
   <trkpt lat="46.5211670" lon="12.0098650">
    <ele>2133.8</ele>
    <time>2026-10-02T12:08:51Z</time>
   </trkpt>
   <trkpt lat="46.5211680" lon="12.0098780">
    <ele>2134.0</ele>
    <time>2026-10-02T12:08:52Z</time>
   </trkpt>
   <trkpt lat="46.5211770" lon="12.0098830">
    <ele>2134.2</ele>
    <time>2026-10-02T12:08:53Z</time>
   </trkpt>
   <trkpt lat="46.5211760" lon="12.0098840">
    <ele>2134.2</ele>
    <time>2026-10-02T12:08:54Z</time>
   </trkpt>
   <trkpt lat="46.5211810" lon="12.0098900">
    <ele>2134.4</ele>
    <time>2026-10-02T12:08:55Z</time>
   </trkpt>
   <trkpt lat="46.5211880" lon="12.0098980">
    <ele>2134.6</ele>
    <time>2026-10-02T12:08:56Z</time>
   </trkpt>
   <trkpt lat="46.5211910" lon="12.0099010">
    <ele>2134.6</ele>
    <time>2026-10-02T12:08:57Z</time>
   </trkpt>
   <trkpt lat="46.5211940" lon="12.0099070">
    <ele>2134.7</ele>
    <time>2026-10-02T12:08:58Z</time>
   </trkpt>
   <trkpt lat="46.5212020" lon="12.0099180">
    <ele>2135.0</ele>
    <time>2026-10-02T12:08:59Z</time>
   </trkpt>
   <trkpt lat="46.5212070" lon="12.0099190">
    <ele>2135.1</ele>
    <time>2026-10-02T12:09:00Z</time>
   </trkpt>
   <trkpt lat="46.5212110" lon="12.0099220">
    <ele>2135.2</ele>
    <time>2026-10-02T12:09:01Z</time>
   </trkpt>
   <trkpt lat="46.5212170" lon="12.0099320">
    <ele>2135.4</ele>
    <time>2026-10-02T12:09:02Z</time>
   </trkpt>
   <trkpt lat="46.5212230" lon="12.0099390">
    <ele>2135.5</ele>
    <time>2026-10-02T12:09:03Z</time>
   </trkpt>
   <trkpt lat="46.5212240" lon="12.0099410">
    <ele>2135.6</ele>
    <time>2026-10-02T12:09:04Z</time>
   </trkpt>
   <trkpt lat="46.5212310" lon="12.0099460">
    <ele>2135.7</ele>
    <time>2026-10-02T12:09:05Z</time>
   </trkpt>
   <trkpt lat="46.5212380" lon="12.0099540">
    <ele>2135.9</ele>
    <time>2026-10-02T12:09:06Z</time>
   </trkpt>
   <trkpt lat="46.5212440" lon="12.0099590">
    <ele>2136.0</ele>
    <time>2026-10-02T12:09:07Z</time>
   </trkpt>
   <trkpt lat="46.5212500" lon="12.0099680">
    <ele>2136.2</ele>
    <time>2026-10-02T12:09:08Z</time>
   </trkpt>
   <trkpt lat="46.5212510" lon="12.0099710">
    <ele>2136.3</ele>
    <time>2026-10-02T12:09:09Z</time>
   </trkpt>
   <trkpt lat="46.5212580" lon="12.0099760">
    <ele>2136.4</ele>
    <time>2026-10-02T12:09:10Z</time>
   </trkpt>
   <trkpt lat="46.5212660" lon="12.0099820">
    <ele>2136.6</ele>
    <time>2026-10-02T12:09:11Z</time>
   </trkpt>
   <trkpt lat="46.5212700" lon="12.0099880">
    <ele>2136.7</ele>
    <time>2026-10-02T12:09:12Z</time>
   </trkpt>
   <trkpt lat="46.5212790" lon="12.0099960">
    <ele>2137.0</ele>
    <time>2026-10-02T12:09:13Z</time>
   </trkpt>
   <trkpt lat="46.5212770" lon="12.0099990">
    <ele>2137.0</ele>
    <time>2026-10-02T12:09:14Z</time>
   </trkpt>
   <trkpt lat="46.5212750" lon="12.0099990">
    <ele>2137.1</ele>
    <time>2026-10-02T12:09:15Z</time>
   </trkpt>
   <trkpt lat="46.5212870" lon="12.0100080">
    <ele>2137.3</ele>
    <time>2026-10-02T12:09:16Z</time>
   </trkpt>
   <trkpt lat="46.5212920" lon="12.0100110">
    <ele>2137.4</ele>
    <time>2026-10-02T12:09:17Z</time>
   </trkpt>
   <trkpt lat="46.5212960" lon="12.0100140">
    <ele>2137.5</ele>
    <time>2026-10-02T12:09:18Z</time>
   </trkpt>
   <trkpt lat="46.5212950" lon="12.0100170">
    <ele>2137.6</ele>
    <time>2026-10-02T12:09:19Z</time>
   </trkpt>
   <trkpt lat="46.5212960" lon="12.0100230">
    <ele>2137.7</ele>
    <time>2026-10-02T12:09:20Z</time>
   </trkpt>
   <trkpt lat="46.5213030" lon="12.0100300">
    <ele>2137.8</ele>
    <time>2026-10-02T12:09:21Z</time>
   </trkpt>
   <trkpt lat="46.5213060" lon="12.0100280">
    <ele>2137.9</ele>
    <time>2026-10-02T12:09:22Z</time>
   </trkpt>
   <trkpt lat="46.5213110" lon="12.0100360">
    <ele>2138.1</ele>
    <time>2026-10-02T12:09:23Z</time>
   </trkpt>
   <trkpt lat="46.5213150" lon="12.0100420">
    <ele>2138.2</ele>
    <time>2026-10-02T12:09:24Z</time>
   </trkpt>
   <trkpt lat="46.5213170" lon="12.0100490">
    <ele>2138.3</ele>
    <time>2026-10-02T12:09:25Z</time>
   </trkpt>
   <trkpt lat="46.5213220" lon="12.0100500">
    <ele>2138.4</ele>
    <time>2026-10-02T12:09:26Z</time>
   </trkpt>
   <trkpt lat="46.5213310" lon="12.0100620">
    <ele>2138.6</ele>
    <time>2026-10-02T12:09:28Z</time>
   </trkpt>
   <trkpt lat="46.5213400" lon="12.0100700">
    <ele>2138.8</ele>
    <time>2026-10-02T12:09:29Z</time>
   </trkpt>
   <trkpt lat="46.5213390" lon="12.0100760">
    <ele>2138.9</ele>
    <time>2026-10-02T12:09:30Z</time>
   </trkpt>
   <trkpt lat="46.5213470" lon="12.0100840">
    <ele>2139.1</ele>
    <time>2026-10-02T12:09:31Z</time>
   </trkpt>
   <trkpt lat="46.5213480" lon="12.0100890">
    <ele>2139.2</ele>
    <time>2026-10-02T12:09:32Z</time>
   </trkpt>
   <trkpt lat="46.5213520" lon="12.0100980">
    <ele>2139.3</ele>
    <time>2026-10-02T12:09:33Z</time>
   </trkpt>
   <trkpt lat="46.5213530" lon="12.0100970">
    <ele>2139.4</ele>
    <time>2026-10-02T12:09:34Z</time>
   </trkpt>
   <trkpt lat="46.5213570" lon="12.0100950">
    <ele>2139.4</ele>
    <time>2026-10-02T12:09:35Z</time>
   </trkpt>
   <trkpt lat="46.5213580" lon="12.0100990">
    <ele>2139.5</ele>
    <time>2026-10-02T12:09:36Z</time>
   </trkpt>
   <trkpt lat="46.5213530" lon="12.0100970">
    <ele>2139.6</ele>
    <time>2026-10-02T12:09:37Z</time>
   </trkpt>
   <trkpt lat="46.5213520" lon="12.0100980">
    <ele>2139.6</ele>
    <time>2026-10-02T12:09:38Z</time>
   </trkpt>
   <trkpt lat="46.5213540" lon="12.0100960">
    <ele>2139.7</ele>
    <time>2026-10-02T12:09:39Z</time>
   </trkpt>
   <trkpt lat="46.5213540" lon="12.0100960">
    <ele>2139.7</ele>
    <time>2026-10-02T12:09:40Z</time>
   </trkpt>
   <trkpt lat="46.5213540" lon="12.0100960">
    <ele>2139.7</ele>
    <time>2026-10-02T12:09:41Z</time>
   </trkpt>
   <trkpt lat="46.5213530" lon="12.0100940">
    <ele>2139.7</ele>
    <time>2026-10-02T12:09:42Z</time>
   </trkpt>
   <trkpt lat="46.5213510" lon="12.0100940">
    <ele>2139.8</ele>
    <time>2026-10-02T12:09:43Z</time>
   </trkpt>
   <trkpt lat="46.5213510" lon="12.0100940">
    <ele>2139.8</ele>
    <time>2026-10-02T12:09:44Z</time>
   </trkpt>
   <trkpt lat="46.5213460" lon="12.0100950">
    <ele>2139.9</ele>
    <time>2026-10-02T12:09:45Z</time>
   </trkpt>
   <trkpt lat="46.5213450" lon="12.0100980">
    <ele>2139.9</ele>
    <time>2026-10-02T12:09:46Z</time>
   </trkpt>
   <trkpt lat="46.5213460" lon="12.0100980">
    <ele>2139.9</ele>
    <time>2026-10-02T12:09:47Z</time>
   </trkpt>
   <trkpt lat="46.5213420" lon="12.0100980">
    <ele>2140.0</ele>
    <time>2026-10-02T12:09:48Z</time>
   </trkpt>
   <trkpt lat="46.5213440" lon="12.0101100">
    <ele>2140.2</ele>
    <time>2026-10-02T12:09:49Z</time>
   </trkpt>
   <trkpt lat="46.5213410" lon="12.0101140">
    <ele>2140.2</ele>
    <time>2026-10-02T12:09:50Z</time>
   </trkpt>
   <trkpt lat="46.5213500" lon="12.0101280">
    <ele>2140.5</ele>
    <time>2026-10-02T12:09:51Z</time>
   </trkpt>
   <trkpt lat="46.5213560" lon="12.0101310">
    <ele>2140.6</ele>
    <time>2026-10-02T12:09:52Z</time>
   </trkpt>
   <trkpt lat="46.5213670" lon="12.0101270">
    <ele>2140.8</ele>
    <time>2026-10-02T12:09:53Z</time>
   </trkpt>
   <trkpt lat="46.5213710" lon="12.0101060">
    <ele>2141.1</ele>
    <time>2026-10-02T12:09:54Z</time>
   </trkpt>
   <trkpt lat="46.5213780" lon="12.0101030">
    <ele>2141.3</ele>
    <time>2026-10-02T12:09:55Z</time>
   </trkpt>
   <trkpt lat="46.5213930" lon="12.0100840">
    <ele>2141.6</ele>
    <time>2026-10-02T12:09:56Z</time>
   </trkpt>
   <trkpt lat="46.5214030" lon="12.0100710">
    <ele>2141.9</ele>
    <time>2026-10-02T12:09:57Z</time>
   </trkpt>
   <trkpt lat="46.5214170" lon="12.0100630">
    <ele>2142.2</ele>
    <time>2026-10-02T12:09:58Z</time>
   </trkpt>
   <trkpt lat="46.5214240" lon="12.0100550">
    <ele>2142.4</ele>
    <time>2026-10-02T12:09:59Z</time>
   </trkpt>
   <trkpt lat="46.5214260" lon="12.0100510">
    <ele>2142.4</ele>
    <time>2026-10-02T12:10:00Z</time>
   </trkpt>
   <trkpt lat="46.5214240" lon="12.0100530">
    <ele>2142.5</ele>
    <time>2026-10-02T12:10:01Z</time>
   </trkpt>
   <trkpt lat="46.5214250" lon="12.0100600">
    <ele>2142.6</ele>
    <time>2026-10-02T12:10:02Z</time>
   </trkpt>
   <trkpt lat="46.5214260" lon="12.0100650">
    <ele>2142.6</ele>
    <time>2026-10-02T12:10:03Z</time>
   </trkpt>
   <trkpt lat="46.5214240" lon="12.0100720">
    <ele>2142.7</ele>
    <time>2026-10-02T12:10:04Z</time>
   </trkpt>
   <trkpt lat="46.5214290" lon="12.0100730">
    <ele>2142.8</ele>
    <time>2026-10-02T12:10:05Z</time>
   </trkpt>
   <trkpt lat="46.5214330" lon="12.0100810">
    <ele>2143.0</ele>
    <time>2026-10-02T12:10:06Z</time>
   </trkpt>
   <trkpt lat="46.5214350" lon="12.0100800">
    <ele>2143.0</ele>
    <time>2026-10-02T12:10:07Z</time>
   </trkpt>
   <trkpt lat="46.5214350" lon="12.0100780">
    <ele>2143.0</ele>
    <time>2026-10-02T12:10:08Z</time>
   </trkpt>
   <trkpt lat="46.5214350" lon="12.0100830">
    <ele>2143.1</ele>
    <time>2026-10-02T12:10:09Z</time>
   </trkpt>
   <trkpt lat="46.5214390" lon="12.0100870">
    <ele>2143.2</ele>
    <time>2026-10-02T12:10:10Z</time>
   </trkpt>
   <trkpt lat="46.5214420" lon="12.0100900">
    <ele>2143.3</ele>
    <time>2026-10-02T12:10:11Z</time>
   </trkpt>
   <trkpt lat="46.5214420" lon="12.0100900">
    <ele>2143.3</ele>
    <time>2026-10-02T12:10:12Z</time>
   </trkpt>
   <trkpt lat="46.5214480" lon="12.0100930">
    <ele>2143.4</ele>
    <time>2026-10-02T12:10:13Z</time>
   </trkpt>
   <trkpt lat="46.5214580" lon="12.0100910">
    <ele>2143.6</ele>
    <time>2026-10-02T12:10:14Z</time>
   </trkpt>
   <trkpt lat="46.5214710" lon="12.0100850">
    <ele>2143.8</ele>
    <time>2026-10-02T12:10:15Z</time>
   </trkpt>
   <trkpt lat="46.5214740" lon="12.0100720">
    <ele>2144.0</ele>
    <time>2026-10-02T12:10:16Z</time>
   </trkpt>
   <trkpt lat="46.5214810" lon="12.0100630">
    <ele>2144.2</ele>
    <time>2026-10-02T12:10:17Z</time>
   </trkpt>
   <trkpt lat="46.5214910" lon="12.0100520">
    <ele>2144.4</ele>
    <time>2026-10-02T12:10:18Z</time>
   </trkpt>
   <trkpt lat="46.5214930" lon="12.0100420">
    <ele>2144.5</ele>
    <time>2026-10-02T12:10:19Z</time>
   </trkpt>
   <trkpt lat="46.5215010" lon="12.0100280">
    <ele>2144.8</ele>
    <time>2026-10-02T12:10:20Z</time>
   </trkpt>
   <trkpt lat="46.5215080" lon="12.0100190">
    <ele>2144.9</ele>
    <time>2026-10-02T12:10:21Z</time>
   </trkpt>
   <trkpt lat="46.5215100" lon="12.0100100">
    <ele>2145.1</ele>
    <time>2026-10-02T12:10:22Z</time>
   </trkpt>
   <trkpt lat="46.5215100" lon="12.0100070">
    <ele>2145.1</ele>
    <time>2026-10-02T12:10:23Z</time>
   </trkpt>
   <trkpt lat="46.5215050" lon="12.0100080">
    <ele>2145.2</ele>
    <time>2026-10-02T12:10:24Z</time>
   </trkpt>
   <trkpt lat="46.5215050" lon="12.0100080">
    <ele>2145.2</ele>
    <time>2026-10-02T12:10:25Z</time>
   </trkpt>
   <trkpt lat="46.5215050" lon="12.0100080">
    <ele>2145.2</ele>
    <time>2026-10-02T12:10:26Z</time>
   </trkpt>
   <trkpt lat="46.5215050" lon="12.0100080">
    <ele>2145.2</ele>
    <time>2026-10-02T12:10:27Z</time>
   </trkpt>
   <trkpt lat="46.5215050" lon="12.0100080">
    <ele>2145.2</ele>
    <time>2026-10-02T12:10:28Z</time>
   </trkpt>
   <trkpt lat="46.5215050" lon="12.0100080">
    <ele>2145.2</ele>
    <time>2026-10-02T12:10:29Z</time>
   </trkpt>
   <trkpt lat="46.5215050" lon="12.0100080">
    <ele>2145.2</ele>
    <time>2026-10-02T12:10:30Z</time>
   </trkpt>
   <trkpt lat="46.5215050" lon="12.0100080">
    <ele>2145.2</ele>
    <time>2026-10-02T12:10:31Z</time>
   </trkpt>
   <trkpt lat="46.5215090" lon="12.0100070">
    <ele>2145.3</ele>
    <time>2026-10-02T12:10:32Z</time>
   </trkpt>
   <trkpt lat="46.5215050" lon="12.0100120">
    <ele>2145.4</ele>
    <time>2026-10-02T12:10:33Z</time>
   </trkpt>
   <trkpt lat="46.5215000" lon="12.0100210">
    <ele>2145.5</ele>
    <time>2026-10-02T12:10:34Z</time>
   </trkpt>
   <trkpt lat="46.5215010" lon="12.0100340">
    <ele>2145.7</ele>
    <time>2026-10-02T12:10:35Z</time>
   </trkpt>
   <trkpt lat="46.5215030" lon="12.0100430">
    <ele>2145.8</ele>
    <time>2026-10-02T12:10:36Z</time>
   </trkpt>
   <trkpt lat="46.5215060" lon="12.0100450">
    <ele>2145.8</ele>
    <time>2026-10-02T12:10:37Z</time>
   </trkpt>
   <trkpt lat="46.5215090" lon="12.0100550">
    <ele>2146.0</ele>
    <time>2026-10-02T12:10:38Z</time>
   </trkpt>
   <trkpt lat="46.5215070" lon="12.0100620">
    <ele>2146.1</ele>
    <time>2026-10-02T12:10:39Z</time>
   </trkpt>
   <trkpt lat="46.5215060" lon="12.0100690">
    <ele>2146.1</ele>
    <time>2026-10-02T12:10:40Z</time>
   </trkpt>
   <trkpt lat="46.5215030" lon="12.0100810">
    <ele>2146.3</ele>
    <time>2026-10-02T12:10:41Z</time>
   </trkpt>
   <trkpt lat="46.5215010" lon="12.0100940">
    <ele>2146.4</ele>
    <time>2026-10-02T12:10:42Z</time>
   </trkpt>
   <trkpt lat="46.5214960" lon="12.0100950">
    <ele>2146.5</ele>
    <time>2026-10-02T12:10:43Z</time>
   </trkpt>
   <trkpt lat="46.5214930" lon="12.0100920">
    <ele>2146.6</ele>
    <time>2026-10-02T12:10:44Z</time>
   </trkpt>
   <trkpt lat="46.5214930" lon="12.0100930">
    <ele>2146.6</ele>
    <time>2026-10-02T12:10:45Z</time>
   </trkpt>
   <trkpt lat="46.5214880" lon="12.0101100">
    <ele>2146.8</ele>
    <time>2026-10-02T12:10:46Z</time>
   </trkpt>
   <trkpt lat="46.5214850" lon="12.0101230">
    <ele>2147.0</ele>
    <time>2026-10-02T12:10:47Z</time>
   </trkpt>
   <trkpt lat="46.5214850" lon="12.0101320">
    <ele>2147.1</ele>
    <time>2026-10-02T12:10:48Z</time>
   </trkpt>
   <trkpt lat="46.5214830" lon="12.0101400">
    <ele>2147.2</ele>
    <time>2026-10-02T12:10:49Z</time>
   </trkpt>
   <trkpt lat="46.5214840" lon="12.0101520">
    <ele>2147.3</ele>
    <time>2026-10-02T12:10:50Z</time>
   </trkpt>
   <trkpt lat="46.5214850" lon="12.0101580">
    <ele>2147.4</ele>
    <time>2026-10-02T12:10:51Z</time>
   </trkpt>
   <trkpt lat="46.5214880" lon="12.0101650">
    <ele>2147.5</ele>
    <time>2026-10-02T12:10:52Z</time>
   </trkpt>
   <trkpt lat="46.5214940" lon="12.0101700">
    <ele>2147.6</ele>
    <time>2026-10-02T12:10:53Z</time>
   </trkpt>
   <trkpt lat="46.5214950" lon="12.0101820">
    <ele>2147.7</ele>
    <time>2026-10-02T12:10:54Z</time>
   </trkpt>
   <trkpt lat="46.5214970" lon="12.0101940">
    <ele>2147.9</ele>
    <time>2026-10-02T12:10:55Z</time>
   </trkpt>
   <trkpt lat="46.5215020" lon="12.0102000">
    <ele>2148.0</ele>
    <time>2026-10-02T12:10:56Z</time>
   </trkpt>
   <trkpt lat="46.5215080" lon="12.0102090">
    <ele>2148.1</ele>
    <time>2026-10-02T12:10:57Z</time>
   </trkpt>
   <trkpt lat="46.5215140" lon="12.0102150">
    <ele>2148.2</ele>
    <time>2026-10-02T12:10:58Z</time>
   </trkpt>
   <trkpt lat="46.5215190" lon="12.0102200">
    <ele>2148.3</ele>
    <time>2026-10-02T12:10:59Z</time>
   </trkpt>
   <trkpt lat="46.5215250" lon="12.0102290">
    <ele>2148.5</ele>
    <time>2026-10-02T12:11:00Z</time>
   </trkpt>
   <trkpt lat="46.5215320" lon="12.0102540">
    <ele>2148.7</ele>
    <time>2026-10-02T12:11:01Z</time>
   </trkpt>
   <trkpt lat="46.5215340" lon="12.0102620">
    <ele>2148.8</ele>
    <time>2026-10-02T12:11:02Z</time>
   </trkpt>
   <trkpt lat="46.5215400" lon="12.0102730">
    <ele>2149.0</ele>
    <time>2026-10-02T12:11:04Z</time>
   </trkpt>
   <trkpt lat="46.5215430" lon="12.0102740">
    <ele>2149.0</ele>
    <time>2026-10-02T12:11:05Z</time>
   </trkpt>
   <trkpt lat="46.5215430" lon="12.0102850">
    <ele>2149.1</ele>
    <time>2026-10-02T12:11:06Z</time>
   </trkpt>
   <trkpt lat="46.5215430" lon="12.0102910">
    <ele>2149.2</ele>
    <time>2026-10-02T12:11:07Z</time>
   </trkpt>
   <trkpt lat="46.5215500" lon="12.0102970">
    <ele>2149.3</ele>
    <time>2026-10-02T12:11:08Z</time>
   </trkpt>
   <trkpt lat="46.5215530" lon="12.0103050">
    <ele>2149.4</ele>
    <time>2026-10-02T12:11:09Z</time>
   </trkpt>
   <trkpt lat="46.5215560" lon="12.0103310">
    <ele>2149.7</ele>
    <time>2026-10-02T12:11:10Z</time>
   </trkpt>
   <trkpt lat="46.5215640" lon="12.0103290">
    <ele>2149.8</ele>
    <time>2026-10-02T12:11:11Z</time>
   </trkpt>
   <trkpt lat="46.5215670" lon="12.0103370">
    <ele>2149.9</ele>
    <time>2026-10-02T12:11:12Z</time>
   </trkpt>
   <trkpt lat="46.5215740" lon="12.0103500">
    <ele>2150.1</ele>
    <time>2026-10-02T12:11:13Z</time>
   </trkpt>
   <trkpt lat="46.5215800" lon="12.0103540">
    <ele>2150.2</ele>
    <time>2026-10-02T12:11:14Z</time>
   </trkpt>
   <trkpt lat="46.5215840" lon="12.0103630">
    <ele>2150.3</ele>
    <time>2026-10-02T12:11:15Z</time>
   </trkpt>
   <trkpt lat="46.5215900" lon="12.0103710">
    <ele>2150.4</ele>
    <time>2026-10-02T12:11:16Z</time>
   </trkpt>
   <trkpt lat="46.5215920" lon="12.0103820">
    <ele>2150.6</ele>
    <time>2026-10-02T12:11:17Z</time>
   </trkpt>
   <trkpt lat="46.5215950" lon="12.0104050">
    <ele>2150.9</ele>
    <time>2026-10-02T12:11:18Z</time>
   </trkpt>
   <trkpt lat="46.5216000" lon="12.0104170">
    <ele>2151.0</ele>
    <time>2026-10-02T12:11:19Z</time>
   </trkpt>
   <trkpt lat="46.5216050" lon="12.0104250">
    <ele>2151.1</ele>
    <time>2026-10-02T12:11:20Z</time>
   </trkpt>
   <trkpt lat="46.5216060" lon="12.0104360">
    <ele>2151.1</ele>
    <time>2026-10-02T12:11:21Z</time>
   </trkpt>
   <trkpt lat="46.5216080" lon="12.0104450">
    <ele>2151.2</ele>
    <time>2026-10-02T12:11:22Z</time>
   </trkpt>
   <trkpt lat="46.5216140" lon="12.0104480">
    <ele>2151.3</ele>
    <time>2026-10-02T12:11:23Z</time>
   </trkpt>
   <trkpt lat="46.5216170" lon="12.0104580">
    <ele>2151.4</ele>
    <time>2026-10-02T12:11:24Z</time>
   </trkpt>
   <trkpt lat="46.5216200" lon="12.0104780">
    <ele>2151.5</ele>
    <time>2026-10-02T12:11:25Z</time>
   </trkpt>
   <trkpt lat="46.5216220" lon="12.0104860">
    <ele>2151.6</ele>
    <time>2026-10-02T12:11:26Z</time>
   </trkpt>
   <trkpt lat="46.5216250" lon="12.0104960">
    <ele>2151.7</ele>
    <time>2026-10-02T12:11:27Z</time>
   </trkpt>
   <trkpt lat="46.5216250" lon="12.0105100">
    <ele>2151.8</ele>
    <time>2026-10-02T12:11:28Z</time>
   </trkpt>
   <trkpt lat="46.5216320" lon="12.0105190">
    <ele>2151.9</ele>
    <time>2026-10-02T12:11:29Z</time>
   </trkpt>
   <trkpt lat="46.5216350" lon="12.0105240">
    <ele>2151.9</ele>
    <time>2026-10-02T12:11:30Z</time>
   </trkpt>
   <trkpt lat="46.5216430" lon="12.0105170">
    <ele>2152.0</ele>
    <time>2026-10-02T12:11:31Z</time>
   </trkpt>
   <trkpt lat="46.5216480" lon="12.0105200">
    <ele>2152.1</ele>
    <time>2026-10-02T12:11:32Z</time>
   </trkpt>
   <trkpt lat="46.5216520" lon="12.0105360">
    <ele>2152.2</ele>
    <time>2026-10-02T12:11:33Z</time>
   </trkpt>
   <trkpt lat="46.5216530" lon="12.0105410">
    <ele>2152.3</ele>
    <time>2026-10-02T12:11:34Z</time>
   </trkpt>
   <trkpt lat="46.5216550" lon="12.0105500">
    <ele>2152.3</ele>
    <time>2026-10-02T12:11:35Z</time>
   </trkpt>
   <trkpt lat="46.5216560" lon="12.0105590">
    <ele>2152.4</ele>
    <time>2026-10-02T12:11:36Z</time>
   </trkpt>
   <trkpt lat="46.5216590" lon="12.0105670">
    <ele>2152.5</ele>
    <time>2026-10-02T12:11:37Z</time>
   </trkpt>
   <trkpt lat="46.5216640" lon="12.0105710">
    <ele>2152.6</ele>
    <time>2026-10-02T12:11:38Z</time>
   </trkpt>
   <trkpt lat="46.5216660" lon="12.0105780">
    <ele>2152.6</ele>
    <time>2026-10-02T12:11:39Z</time>
   </trkpt>
   <trkpt lat="46.5216690" lon="12.0105900">
    <ele>2152.7</ele>
    <time>2026-10-02T12:11:40Z</time>
   </trkpt>
   <trkpt lat="46.5216660" lon="12.0106040">
    <ele>2152.8</ele>
    <time>2026-10-02T12:11:41Z</time>
   </trkpt>
   <trkpt lat="46.5216660" lon="12.0106310">
    <ele>2153.0</ele>
    <time>2026-10-02T12:11:42Z</time>
   </trkpt>
   <trkpt lat="46.5216660" lon="12.0106440">
    <ele>2153.1</ele>
    <time>2026-10-02T12:11:43Z</time>
   </trkpt>
   <trkpt lat="46.5216680" lon="12.0106550">
    <ele>2153.2</ele>
    <time>2026-10-02T12:11:44Z</time>
   </trkpt>
   <trkpt lat="46.5216640" lon="12.0106690">
    <ele>2153.3</ele>
    <time>2026-10-02T12:11:45Z</time>
   </trkpt>
   <trkpt lat="46.5216620" lon="12.0106850">
    <ele>2153.5</ele>
    <time>2026-10-02T12:11:46Z</time>
   </trkpt>
   <trkpt lat="46.5216610" lon="12.0106810">
    <ele>2153.5</ele>
    <time>2026-10-02T12:11:47Z</time>
   </trkpt>
   <trkpt lat="46.5216650" lon="12.0106700">
    <ele>2153.6</ele>
    <time>2026-10-02T12:11:48Z</time>
   </trkpt>
   <trkpt lat="46.5216720" lon="12.0106610">
    <ele>2153.7</ele>
    <time>2026-10-02T12:11:49Z</time>
   </trkpt>
   <trkpt lat="46.5216630" lon="12.0106610">
    <ele>2153.8</ele>
    <time>2026-10-02T12:11:50Z</time>
   </trkpt>
   <trkpt lat="46.5216610" lon="12.0106550">
    <ele>2153.8</ele>
    <time>2026-10-02T12:11:51Z</time>
   </trkpt>
   <trkpt lat="46.5216580" lon="12.0106480">
    <ele>2153.9</ele>
    <time>2026-10-02T12:11:52Z</time>
   </trkpt>
   <trkpt lat="46.5216580" lon="12.0106480">
    <ele>2153.9</ele>
    <time>2026-10-02T12:11:53Z</time>
   </trkpt>
   <trkpt lat="46.5216580" lon="12.0106480">
    <ele>2153.9</ele>
    <time>2026-10-02T12:11:54Z</time>
   </trkpt>
   <trkpt lat="46.5216580" lon="12.0106430">
    <ele>2153.9</ele>
    <time>2026-10-02T12:11:55Z</time>
   </trkpt>
   <trkpt lat="46.5216650" lon="12.0106430">
    <ele>2154.0</ele>
    <time>2026-10-02T12:11:56Z</time>
   </trkpt>
   <trkpt lat="46.5216660" lon="12.0106450">
    <ele>2154.0</ele>
    <time>2026-10-02T12:11:57Z</time>
   </trkpt>
   <trkpt lat="46.5216620" lon="12.0106490">
    <ele>2154.1</ele>
    <time>2026-10-02T12:11:58Z</time>
   </trkpt>
   <trkpt lat="46.5216620" lon="12.0106490">
    <ele>2154.1</ele>
    <time>2026-10-02T12:11:59Z</time>
   </trkpt>
   <trkpt lat="46.5216620" lon="12.0106490">
    <ele>2154.1</ele>
    <time>2026-10-02T12:12:00Z</time>
   </trkpt>
   <trkpt lat="46.5216660" lon="12.0106600">
    <ele>2154.2</ele>
    <time>2026-10-02T12:12:01Z</time>
   </trkpt>
   <trkpt lat="46.5216700" lon="12.0106610">
    <ele>2154.2</ele>
    <time>2026-10-02T12:12:02Z</time>
   </trkpt>
   <trkpt lat="46.5216700" lon="12.0106610">
    <ele>2154.2</ele>
    <time>2026-10-02T12:12:03Z</time>
   </trkpt>
   <trkpt lat="46.5216700" lon="12.0106610">
    <ele>2154.2</ele>
    <time>2026-10-02T12:12:04Z</time>
   </trkpt>
   <trkpt lat="46.5216670" lon="12.0106600">
    <ele>2154.3</ele>
    <time>2026-10-02T12:12:05Z</time>
   </trkpt>
   <trkpt lat="46.5216690" lon="12.0106560">
    <ele>2154.3</ele>
    <time>2026-10-02T12:12:06Z</time>
   </trkpt>
   <trkpt lat="46.5216700" lon="12.0106540">
    <ele>2154.3</ele>
    <time>2026-10-02T12:12:07Z</time>
   </trkpt>
   <trkpt lat="46.5216700" lon="12.0106540">
    <ele>2154.3</ele>
    <time>2026-10-02T12:12:08Z</time>
   </trkpt>
   <trkpt lat="46.5216700" lon="12.0106540">
    <ele>2154.3</ele>
    <time>2026-10-02T12:12:09Z</time>
   </trkpt>
   <trkpt lat="46.5216710" lon="12.0106550">
    <ele>2154.3</ele>
    <time>2026-10-02T12:12:10Z</time>
   </trkpt>
   <trkpt lat="46.5216720" lon="12.0106610">
    <ele>2154.4</ele>
    <time>2026-10-02T12:12:11Z</time>
   </trkpt>
   <trkpt lat="46.5216750" lon="12.0106670">
    <ele>2154.4</ele>
    <time>2026-10-02T12:12:12Z</time>
   </trkpt>
   <trkpt lat="46.5216800" lon="12.0106710">
    <ele>2154.5</ele>
    <time>2026-10-02T12:12:13Z</time>
   </trkpt>
   <trkpt lat="46.5216760" lon="12.0106730">
    <ele>2154.6</ele>
    <time>2026-10-02T12:12:14Z</time>
   </trkpt>
   <trkpt lat="46.5216780" lon="12.0106680">
    <ele>2154.6</ele>
    <time>2026-10-02T12:12:15Z</time>
   </trkpt>
   <trkpt lat="46.5216730" lon="12.0106680">
    <ele>2154.7</ele>
    <time>2026-10-02T12:12:16Z</time>
   </trkpt>
   <trkpt lat="46.5216710" lon="12.0106670">
    <ele>2154.7</ele>
    <time>2026-10-02T12:12:17Z</time>
   </trkpt>
   <trkpt lat="46.5216710" lon="12.0106660">
    <ele>2154.7</ele>
    <time>2026-10-02T12:12:18Z</time>
   </trkpt>
   <trkpt lat="46.5216710" lon="12.0106660">
    <ele>2154.7</ele>
    <time>2026-10-02T12:12:19Z</time>
   </trkpt>
   <trkpt lat="46.5216710" lon="12.0106660">
    <ele>2154.7</ele>
    <time>2026-10-02T12:12:20Z</time>
   </trkpt>
   <trkpt lat="46.5216710" lon="12.0106660">
    <ele>2154.7</ele>
    <time>2026-10-02T12:12:21Z</time>
   </trkpt>
   <trkpt lat="46.5216710" lon="12.0106660">
    <ele>2154.7</ele>
    <time>2026-10-02T12:12:22Z</time>
   </trkpt>
   <trkpt lat="46.5216710" lon="12.0106660">
    <ele>2154.7</ele>
    <time>2026-10-02T12:12:23Z</time>
   </trkpt>
   <trkpt lat="46.5216710" lon="12.0106660">
    <ele>2154.7</ele>
    <time>2026-10-02T12:12:24Z</time>
   </trkpt>
   <trkpt lat="46.5216710" lon="12.0106660">
    <ele>2154.7</ele>
    <time>2026-10-02T12:12:25Z</time>
   </trkpt>
   <trkpt lat="46.5216540" lon="12.0106840">
    <ele>2154.9</ele>
    <time>2026-10-02T12:12:26Z</time>
   </trkpt>
   <trkpt lat="46.5216540" lon="12.0106820">
    <ele>2155.0</ele>
    <time>2026-10-02T12:12:27Z</time>
   </trkpt>
   <trkpt lat="46.5216550" lon="12.0106880">
    <ele>2155.0</ele>
    <time>2026-10-02T12:12:28Z</time>
   </trkpt>
   <trkpt lat="46.5216540" lon="12.0106870">
    <ele>2155.0</ele>
    <time>2026-10-02T12:12:29Z</time>
   </trkpt>
   <trkpt lat="46.5216520" lon="12.0106890">
    <ele>2155.0</ele>
    <time>2026-10-02T12:12:30Z</time>
   </trkpt>
   <trkpt lat="46.5216530" lon="12.0107000">
    <ele>2155.1</ele>
    <time>2026-10-02T12:12:31Z</time>
   </trkpt>
   <trkpt lat="46.5216510" lon="12.0107160">
    <ele>2155.3</ele>
    <time>2026-10-02T12:12:32Z</time>
   </trkpt>
   <trkpt lat="46.5216490" lon="12.0107270">
    <ele>2155.3</ele>
    <time>2026-10-02T12:12:33Z</time>
   </trkpt>
   <trkpt lat="46.5216520" lon="12.0107430">
    <ele>2155.5</ele>
    <time>2026-10-02T12:12:34Z</time>
   </trkpt>
   <trkpt lat="46.5216460" lon="12.0107540">
    <ele>2155.6</ele>
    <time>2026-10-02T12:12:35Z</time>
   </trkpt>
   <trkpt lat="46.5216460" lon="12.0107650">
    <ele>2155.7</ele>
    <time>2026-10-02T12:12:36Z</time>
   </trkpt>
   <trkpt lat="46.5216500" lon="12.0107730">
    <ele>2155.7</ele>
    <time>2026-10-02T12:12:37Z</time>
   </trkpt>
   <trkpt lat="46.5216500" lon="12.0107800">
    <ele>2155.8</ele>
    <time>2026-10-02T12:12:38Z</time>
   </trkpt>
   <trkpt lat="46.5216530" lon="12.0107970">
    <ele>2155.9</ele>
    <time>2026-10-02T12:12:39Z</time>
   </trkpt>
   <trkpt lat="46.5216510" lon="12.0108040">
    <ele>2156.0</ele>
    <time>2026-10-02T12:12:40Z</time>
   </trkpt>
   <trkpt lat="46.5216520" lon="12.0108070">
    <ele>2156.0</ele>
    <time>2026-10-02T12:12:41Z</time>
   </trkpt>
   <trkpt lat="46.5216480" lon="12.0108210">
    <ele>2156.1</ele>
    <time>2026-10-02T12:12:42Z</time>
   </trkpt>
   <trkpt lat="46.5216450" lon="12.0108270">
    <ele>2156.2</ele>
    <time>2026-10-02T12:12:43Z</time>
   </trkpt>
   <trkpt lat="46.5216470" lon="12.0108240">
    <ele>2156.2</ele>
    <time>2026-10-02T12:12:44Z</time>
   </trkpt>
   <trkpt lat="46.5216480" lon="12.0108230">
    <ele>2156.3</ele>
    <time>2026-10-02T12:12:45Z</time>
   </trkpt>
   <trkpt lat="46.5216500" lon="12.0108200">
    <ele>2156.3</ele>
    <time>2026-10-02T12:12:46Z</time>
   </trkpt>
   <trkpt lat="46.5216440" lon="12.0108220">
    <ele>2156.4</ele>
    <time>2026-10-02T12:12:47Z</time>
   </trkpt>
   <trkpt lat="46.5216470" lon="12.0108190">
    <ele>2156.4</ele>
    <time>2026-10-02T12:12:48Z</time>
   </trkpt>
   <trkpt lat="46.5216440" lon="12.0108250">
    <ele>2156.5</ele>
    <time>2026-10-02T12:12:49Z</time>
   </trkpt>
   <trkpt lat="46.5216440" lon="12.0108250">
    <ele>2156.5</ele>
    <time>2026-10-02T12:12:50Z</time>
   </trkpt>
   <trkpt lat="46.5216450" lon="12.0108300">
    <ele>2156.5</ele>
    <time>2026-10-02T12:12:51Z</time>
   </trkpt>
   <trkpt lat="46.5216520" lon="12.0108280">
    <ele>2156.6</ele>
    <time>2026-10-02T12:12:52Z</time>
   </trkpt>
   <trkpt lat="46.5216600" lon="12.0108360">
    <ele>2156.7</ele>
    <time>2026-10-02T12:12:53Z</time>
   </trkpt>
   <trkpt lat="46.5216680" lon="12.0108450">
    <ele>2156.8</ele>
    <time>2026-10-02T12:12:54Z</time>
   </trkpt>
   <trkpt lat="46.5216730" lon="12.0108550">
    <ele>2156.9</ele>
    <time>2026-10-02T12:12:55Z</time>
   </trkpt>
   <trkpt lat="46.5216800" lon="12.0108610">
    <ele>2157.0</ele>
    <time>2026-10-02T12:12:56Z</time>
   </trkpt>
   <trkpt lat="46.5216860" lon="12.0108610">
    <ele>2157.1</ele>
    <time>2026-10-02T12:12:57Z</time>
   </trkpt>
   <trkpt lat="46.5216840" lon="12.0108570">
    <ele>2157.1</ele>
    <time>2026-10-02T12:12:58Z</time>
   </trkpt>
   <trkpt lat="46.5216860" lon="12.0108610">
    <ele>2157.1</ele>
    <time>2026-10-02T12:12:59Z</time>
   </trkpt>
   <trkpt lat="46.5216850" lon="12.0108610">
    <ele>2157.1</ele>
    <time>2026-10-02T12:13:00Z</time>
   </trkpt>
   <trkpt lat="46.5216860" lon="12.0108620">
    <ele>2157.2</ele>
    <time>2026-10-02T12:13:01Z</time>
   </trkpt>
   <trkpt lat="46.5216890" lon="12.0108650">
    <ele>2157.2</ele>
    <time>2026-10-02T12:13:02Z</time>
   </trkpt>
   <trkpt lat="46.5216870" lon="12.0108580">
    <ele>2157.3</ele>
    <time>2026-10-02T12:13:03Z</time>
   </trkpt>
   <trkpt lat="46.5216930" lon="12.0108490">
    <ele>2157.4</ele>
    <time>2026-10-02T12:13:04Z</time>
   </trkpt>
   <trkpt lat="46.5217030" lon="12.0108410">
    <ele>2157.5</ele>
    <time>2026-10-02T12:13:05Z</time>
   </trkpt>
   <trkpt lat="46.5217040" lon="12.0108210">
    <ele>2157.6</ele>
    <time>2026-10-02T12:13:06Z</time>
   </trkpt>
   <trkpt lat="46.5217170" lon="12.0108180">
    <ele>2157.8</ele>
    <time>2026-10-02T12:13:07Z</time>
   </trkpt>
   <trkpt lat="46.5217200" lon="12.0108090">
    <ele>2157.9</ele>
    <time>2026-10-02T12:13:08Z</time>
   </trkpt>
   <trkpt lat="46.5217240" lon="12.0108060">
    <ele>2157.9</ele>
    <time>2026-10-02T12:13:09Z</time>
   </trkpt>
   <trkpt lat="46.5217240" lon="12.0108050">
    <ele>2157.9</ele>
    <time>2026-10-02T12:13:10Z</time>
   </trkpt>
   <trkpt lat="46.5217250" lon="12.0108050">
    <ele>2157.9</ele>
    <time>2026-10-02T12:13:11Z</time>
   </trkpt>
   <trkpt lat="46.5217280" lon="12.0108050">
    <ele>2158.0</ele>
    <time>2026-10-02T12:13:12Z</time>
   </trkpt>
   <trkpt lat="46.5217320" lon="12.0108110">
    <ele>2158.0</ele>
    <time>2026-10-02T12:13:13Z</time>
   </trkpt>
   <trkpt lat="46.5217440" lon="12.0108150">
    <ele>2158.2</ele>
    <time>2026-10-02T12:13:14Z</time>
   </trkpt>
   <trkpt lat="46.5217460" lon="12.0108170">
    <ele>2158.2</ele>
    <time>2026-10-02T12:13:15Z</time>
   </trkpt>
   <trkpt lat="46.5217520" lon="12.0108200">
    <ele>2158.3</ele>
    <time>2026-10-02T12:13:16Z</time>
   </trkpt>
   <trkpt lat="46.5217610" lon="12.0108270">
    <ele>2158.4</ele>
    <time>2026-10-02T12:13:17Z</time>
   </trkpt>
   <trkpt lat="46.5217660" lon="12.0108320">
    <ele>2158.5</ele>
    <time>2026-10-02T12:13:18Z</time>
   </trkpt>
   <trkpt lat="46.5217740" lon="12.0108400">
    <ele>2158.6</ele>
    <time>2026-10-02T12:13:19Z</time>
   </trkpt>
   <trkpt lat="46.5217820" lon="12.0108500">
    <ele>2158.7</ele>
    <time>2026-10-02T12:13:20Z</time>
   </trkpt>
   <trkpt lat="46.5217890" lon="12.0108520">
    <ele>2158.8</ele>
    <time>2026-10-02T12:13:21Z</time>
   </trkpt>
   <trkpt lat="46.5217970" lon="12.0108570">
    <ele>2158.9</ele>
    <time>2026-10-02T12:13:22Z</time>
   </trkpt>
   <trkpt lat="46.5218040" lon="12.0108630">
    <ele>2158.9</ele>
    <time>2026-10-02T12:13:23Z</time>
   </trkpt>
   <trkpt lat="46.5218090" lon="12.0108670">
    <ele>2159.0</ele>
    <time>2026-10-02T12:13:24Z</time>
   </trkpt>
   <trkpt lat="46.5218100" lon="12.0108760">
    <ele>2159.1</ele>
    <time>2026-10-02T12:13:25Z</time>
   </trkpt>
   <trkpt lat="46.5218100" lon="12.0108820">
    <ele>2159.1</ele>
    <time>2026-10-02T12:13:26Z</time>
   </trkpt>
   <trkpt lat="46.5218090" lon="12.0108790">
    <ele>2159.1</ele>
    <time>2026-10-02T12:13:27Z</time>
   </trkpt>
   <trkpt lat="46.5218090" lon="12.0108790">
    <ele>2159.1</ele>
    <time>2026-10-02T12:13:28Z</time>
   </trkpt>
   <trkpt lat="46.5218090" lon="12.0108790">
    <ele>2159.1</ele>
    <time>2026-10-02T12:13:29Z</time>
   </trkpt>
   <trkpt lat="46.5218030" lon="12.0108730">
    <ele>2159.2</ele>
    <time>2026-10-02T12:13:30Z</time>
   </trkpt>
   <trkpt lat="46.5218030" lon="12.0108730">
    <ele>2159.2</ele>
    <time>2026-10-02T12:13:31Z</time>
   </trkpt>
   <trkpt lat="46.5218040" lon="12.0108790">
    <ele>2159.3</ele>
    <time>2026-10-02T12:13:32Z</time>
   </trkpt>
   <trkpt lat="46.5218080" lon="12.0108870">
    <ele>2159.3</ele>
    <time>2026-10-02T12:13:33Z</time>
   </trkpt>
   <trkpt lat="46.5218090" lon="12.0108880">
    <ele>2159.4</ele>
    <time>2026-10-02T12:13:34Z</time>
   </trkpt>
   <trkpt lat="46.5218130" lon="12.0109010">
    <ele>2159.5</ele>
    <time>2026-10-02T12:13:35Z</time>
   </trkpt>
   <trkpt lat="46.5218230" lon="12.0109090">
    <ele>2159.6</ele>
    <time>2026-10-02T12:13:36Z</time>
   </trkpt>
   <trkpt lat="46.5218310" lon="12.0109120">
    <ele>2159.7</ele>
    <time>2026-10-02T12:13:37Z</time>
   </trkpt>
   <trkpt lat="46.5218370" lon="12.0109180">
    <ele>2159.8</ele>
    <time>2026-10-02T12:13:38Z</time>
   </trkpt>
   <trkpt lat="46.5218390" lon="12.0109200">
    <ele>2159.8</ele>
    <time>2026-10-02T12:13:39Z</time>
   </trkpt>
   <trkpt lat="46.5218470" lon="12.0109300">
    <ele>2159.9</ele>
    <time>2026-10-02T12:13:40Z</time>
   </trkpt>
   <trkpt lat="46.5218460" lon="12.0109380">
    <ele>2160.0</ele>
    <time>2026-10-02T12:13:41Z</time>
   </trkpt>
   <trkpt lat="46.5218490" lon="12.0109440">
    <ele>2160.1</ele>
    <time>2026-10-02T12:13:42Z</time>
   </trkpt>
   <trkpt lat="46.5218490" lon="12.0109540">
    <ele>2160.2</ele>
    <time>2026-10-02T12:13:43Z</time>
   </trkpt>
   <trkpt lat="46.5218570" lon="12.0109720">
    <ele>2160.5</ele>
    <time>2026-10-02T12:13:44Z</time>
   </trkpt>
   <trkpt lat="46.5218520" lon="12.0109650">
    <ele>2160.6</ele>
    <time>2026-10-02T12:13:45Z</time>
   </trkpt>
   <trkpt lat="46.5218530" lon="12.0109740">
    <ele>2160.7</ele>
    <time>2026-10-02T12:13:46Z</time>
   </trkpt>
   <trkpt lat="46.5218460" lon="12.0109940">
    <ele>2161.0</ele>
    <time>2026-10-02T12:13:47Z</time>
   </trkpt>
   <trkpt lat="46.5218450" lon="12.0110020">
    <ele>2161.1</ele>
    <time>2026-10-02T12:13:48Z</time>
   </trkpt>
   <trkpt lat="46.5218470" lon="12.0110140">
    <ele>2161.3</ele>
    <time>2026-10-02T12:13:49Z</time>
   </trkpt>
   <trkpt lat="46.5218450" lon="12.0110230">
    <ele>2161.4</ele>
    <time>2026-10-02T12:13:50Z</time>
   </trkpt>
   <trkpt lat="46.5218480" lon="12.0110350">
    <ele>2161.5</ele>
    <time>2026-10-02T12:13:51Z</time>
   </trkpt>
   <trkpt lat="46.5218500" lon="12.0110460">
    <ele>2161.7</ele>
    <time>2026-10-02T12:13:52Z</time>
   </trkpt>
   <trkpt lat="46.5218570" lon="12.0110480">
    <ele>2161.8</ele>
    <time>2026-10-02T12:13:53Z</time>
   </trkpt>
   <trkpt lat="46.5218590" lon="12.0110570">
    <ele>2161.9</ele>
    <time>2026-10-02T12:13:54Z</time>
   </trkpt>
   <trkpt lat="46.5218670" lon="12.0110660">
    <ele>2162.1</ele>
    <time>2026-10-02T12:13:55Z</time>
   </trkpt>
   <trkpt lat="46.5218730" lon="12.0110780">
    <ele>2162.3</ele>
    <time>2026-10-02T12:13:56Z</time>
   </trkpt>
   <trkpt lat="46.5218770" lon="12.0110850">
    <ele>2162.4</ele>
    <time>2026-10-02T12:13:57Z</time>
   </trkpt>
   <trkpt lat="46.5218790" lon="12.0110930">
    <ele>2162.5</ele>
    <time>2026-10-02T12:13:58Z</time>
   </trkpt>
   <trkpt lat="46.5218860" lon="12.0111040">
    <ele>2162.7</ele>
    <time>2026-10-02T12:13:59Z</time>
   </trkpt>
   <trkpt lat="46.5218900" lon="12.0111070">
    <ele>2162.8</ele>
    <time>2026-10-02T12:14:00Z</time>
   </trkpt>
   <trkpt lat="46.5218970" lon="12.0111210">
    <ele>2163.0</ele>
    <time>2026-10-02T12:14:01Z</time>
   </trkpt>
   <trkpt lat="46.5219000" lon="12.0111330">
    <ele>2163.2</ele>
    <time>2026-10-02T12:14:02Z</time>
   </trkpt>
   <trkpt lat="46.5218980" lon="12.0111310">
    <ele>2163.2</ele>
    <time>2026-10-02T12:14:03Z</time>
   </trkpt>
   <trkpt lat="46.5218980" lon="12.0111370">
    <ele>2163.3</ele>
    <time>2026-10-02T12:14:04Z</time>
   </trkpt>
   <trkpt lat="46.5218960" lon="12.0111300">
    <ele>2163.4</ele>
    <time>2026-10-02T12:14:05Z</time>
   </trkpt>
   <trkpt lat="46.5218950" lon="12.0111280">
    <ele>2163.4</ele>
    <time>2026-10-02T12:14:06Z</time>
   </trkpt>
   <trkpt lat="46.5218930" lon="12.0111380">
    <ele>2163.5</ele>
    <time>2026-10-02T12:14:07Z</time>
   </trkpt>
   <trkpt lat="46.5219010" lon="12.0111570">
    <ele>2163.8</ele>
    <time>2026-10-02T12:14:08Z</time>
   </trkpt>
   <trkpt lat="46.5219050" lon="12.0111560">
    <ele>2163.9</ele>
    <time>2026-10-02T12:14:09Z</time>
   </trkpt>
   <trkpt lat="46.5219050" lon="12.0111570">
    <ele>2163.9</ele>
    <time>2026-10-02T12:14:10Z</time>
   </trkpt>
   <trkpt lat="46.5219040" lon="12.0111570">
    <ele>2163.9</ele>
    <time>2026-10-02T12:14:11Z</time>
   </trkpt>
   <trkpt lat="46.5219070" lon="12.0111600">
    <ele>2164.0</ele>
    <time>2026-10-02T12:14:12Z</time>
   </trkpt>
   <trkpt lat="46.5219230" lon="12.0111680">
    <ele>2164.3</ele>
    <time>2026-10-02T12:14:13Z</time>
   </trkpt>
   <trkpt lat="46.5219210" lon="12.0111700">
    <ele>2164.3</ele>
    <time>2026-10-02T12:14:14Z</time>
   </trkpt>
   <trkpt lat="46.5219280" lon="12.0111800">
    <ele>2164.5</ele>
    <time>2026-10-02T12:14:15Z</time>
   </trkpt>
   <trkpt lat="46.5219310" lon="12.0111930">
    <ele>2164.6</ele>
    <time>2026-10-02T12:14:16Z</time>
   </trkpt>
   <trkpt lat="46.5219370" lon="12.0112000">
    <ele>2164.8</ele>
    <time>2026-10-02T12:14:17Z</time>
   </trkpt>
   <trkpt lat="46.5219430" lon="12.0112080">
    <ele>2164.9</ele>
    <time>2026-10-02T12:14:18Z</time>
   </trkpt>
   <trkpt lat="46.5219480" lon="12.0112190">
    <ele>2165.0</ele>
    <time>2026-10-02T12:14:19Z</time>
   </trkpt>
   <trkpt lat="46.5219550" lon="12.0112370">
    <ele>2165.3</ele>
    <time>2026-10-02T12:14:20Z</time>
   </trkpt>
   <trkpt lat="46.5219540" lon="12.0112450">
    <ele>2165.4</ele>
    <time>2026-10-02T12:14:21Z</time>
   </trkpt>
   <trkpt lat="46.5219610" lon="12.0112590">
    <ele>2165.5</ele>
    <time>2026-10-02T12:14:22Z</time>
   </trkpt>
   <trkpt lat="46.5219650" lon="12.0112770">
    <ele>2165.7</ele>
    <time>2026-10-02T12:14:23Z</time>
   </trkpt>
   <trkpt lat="46.5219660" lon="12.0112930">
    <ele>2165.9</ele>
    <time>2026-10-02T12:14:24Z</time>
   </trkpt>
   <trkpt lat="46.5219690" lon="12.0113070">
    <ele>2166.1</ele>
    <time>2026-10-02T12:14:25Z</time>
   </trkpt>
   <trkpt lat="46.5219680" lon="12.0113210">
    <ele>2166.2</ele>
    <time>2026-10-02T12:14:26Z</time>
   </trkpt>
   <trkpt lat="46.5219750" lon="12.0113420">
    <ele>2166.4</ele>
    <time>2026-10-02T12:14:27Z</time>
   </trkpt>
   <trkpt lat="46.5219790" lon="12.0113590">
    <ele>2166.6</ele>
    <time>2026-10-02T12:14:28Z</time>
   </trkpt>
   <trkpt lat="46.5219890" lon="12.0113500">
    <ele>2166.8</ele>
    <time>2026-10-02T12:14:29Z</time>
   </trkpt>
   <trkpt lat="46.5219910" lon="12.0113610">
    <ele>2166.9</ele>
    <time>2026-10-02T12:14:30Z</time>
   </trkpt>
   <trkpt lat="46.5219900" lon="12.0113720">
    <ele>2167.0</ele>
    <time>2026-10-02T12:14:31Z</time>
   </trkpt>
   <trkpt lat="46.5219910" lon="12.0113930">
    <ele>2167.1</ele>
    <time>2026-10-02T12:14:32Z</time>
   </trkpt>
   <trkpt lat="46.5219920" lon="12.0114030">
    <ele>2167.2</ele>
    <time>2026-10-02T12:14:33Z</time>
   </trkpt>
   <trkpt lat="46.5219920" lon="12.0114030">
    <ele>2167.2</ele>
    <time>2026-10-02T12:14:34Z</time>
   </trkpt>
   <trkpt lat="46.5219970" lon="12.0114140">
    <ele>2167.3</ele>
    <time>2026-10-02T12:14:35Z</time>
   </trkpt>
   <trkpt lat="46.5219970" lon="12.0114110">
    <ele>2167.4</ele>
    <time>2026-10-02T12:14:36Z</time>
   </trkpt>
   <trkpt lat="46.5219980" lon="12.0114160">
    <ele>2167.4</ele>
    <time>2026-10-02T12:14:37Z</time>
   </trkpt>
   <trkpt lat="46.5220010" lon="12.0114280">
    <ele>2167.5</ele>
    <time>2026-10-02T12:14:38Z</time>
   </trkpt>
   <trkpt lat="46.5220050" lon="12.0114360">
    <ele>2167.6</ele>
    <time>2026-10-02T12:14:39Z</time>
   </trkpt>
   <trkpt lat="46.5220030" lon="12.0114410">
    <ele>2167.6</ele>
    <time>2026-10-02T12:14:40Z</time>
   </trkpt>
   <trkpt lat="46.5220070" lon="12.0114550">
    <ele>2167.7</ele>
    <time>2026-10-02T12:14:41Z</time>
   </trkpt>
   <trkpt lat="46.5220080" lon="12.0114730">
    <ele>2167.8</ele>
    <time>2026-10-02T12:14:42Z</time>
   </trkpt>
   <trkpt lat="46.5220040" lon="12.0114750">
    <ele>2167.9</ele>
    <time>2026-10-02T12:14:43Z</time>
   </trkpt>
   <trkpt lat="46.5220040" lon="12.0114810">
    <ele>2167.9</ele>
    <time>2026-10-02T12:14:44Z</time>
   </trkpt>
   <trkpt lat="46.5220060" lon="12.0114980">
    <ele>2168.0</ele>
    <time>2026-10-02T12:14:45Z</time>
   </trkpt>
   <trkpt lat="46.5220070" lon="12.0115060">
    <ele>2168.1</ele>
    <time>2026-10-02T12:14:46Z</time>
   </trkpt>
   <trkpt lat="46.5220180" lon="12.0115320">
    <ele>2168.3</ele>
    <time>2026-10-02T12:14:47Z</time>
   </trkpt>
   <trkpt lat="46.5220220" lon="12.0115460">
    <ele>2168.4</ele>
    <time>2026-10-02T12:14:48Z</time>
   </trkpt>
   <trkpt lat="46.5220250" lon="12.0115530">
    <ele>2168.4</ele>
    <time>2026-10-02T12:14:49Z</time>
   </trkpt>
   <trkpt lat="46.5220310" lon="12.0115650">
    <ele>2168.5</ele>
    <time>2026-10-02T12:14:50Z</time>
   </trkpt>
   <trkpt lat="46.5220360" lon="12.0115800">
    <ele>2168.6</ele>
    <time>2026-10-02T12:14:51Z</time>
   </trkpt>
   <trkpt lat="46.5220410" lon="12.0115890">
    <ele>2168.6</ele>
    <time>2026-10-02T12:14:52Z</time>
   </trkpt>
   <trkpt lat="46.5220450" lon="12.0115980">
    <ele>2168.7</ele>
    <time>2026-10-02T12:14:53Z</time>
   </trkpt>
   <trkpt lat="46.5220540" lon="12.0116160">
    <ele>2168.8</ele>
    <time>2026-10-02T12:14:54Z</time>
   </trkpt>
   <trkpt lat="46.5220560" lon="12.0116290">
    <ele>2168.9</ele>
    <time>2026-10-02T12:14:55Z</time>
   </trkpt>
   <trkpt lat="46.5220630" lon="12.0116450">
    <ele>2168.9</ele>
    <time>2026-10-02T12:14:56Z</time>
   </trkpt>
   <trkpt lat="46.5220710" lon="12.0116570">
    <ele>2169.0</ele>
    <time>2026-10-02T12:14:57Z</time>
   </trkpt>
   <trkpt lat="46.5220780" lon="12.0116690">
    <ele>2169.1</ele>
    <time>2026-10-02T12:14:58Z</time>
   </trkpt>
   <trkpt lat="46.5220790" lon="12.0116800">
    <ele>2169.1</ele>
    <time>2026-10-02T12:14:59Z</time>
   </trkpt>
   <trkpt lat="46.5220850" lon="12.0116910">
    <ele>2169.2</ele>
    <time>2026-10-02T12:15:00Z</time>
   </trkpt>
   <trkpt lat="46.5220940" lon="12.0117080">
    <ele>2169.3</ele>
    <time>2026-10-02T12:15:01Z</time>
   </trkpt>
   <trkpt lat="46.5221010" lon="12.0117210">
    <ele>2169.4</ele>
    <time>2026-10-02T12:15:02Z</time>
   </trkpt>
   <trkpt lat="46.5221040" lon="12.0117330">
    <ele>2169.4</ele>
    <time>2026-10-02T12:15:03Z</time>
   </trkpt>
   <trkpt lat="46.5221090" lon="12.0117470">
    <ele>2169.5</ele>
    <time>2026-10-02T12:15:04Z</time>
   </trkpt>
   <trkpt lat="46.5221090" lon="12.0117550">
    <ele>2169.6</ele>
    <time>2026-10-02T12:15:05Z</time>
   </trkpt>
   <trkpt lat="46.5221150" lon="12.0117690">
    <ele>2169.6</ele>
    <time>2026-10-02T12:15:06Z</time>
   </trkpt>
   <trkpt lat="46.5221160" lon="12.0117810">
    <ele>2169.7</ele>
    <time>2026-10-02T12:15:07Z</time>
   </trkpt>
   <trkpt lat="46.5221210" lon="12.0117920">
    <ele>2169.8</ele>
    <time>2026-10-02T12:15:08Z</time>
   </trkpt>
   <trkpt lat="46.5221250" lon="12.0118020">
    <ele>2169.8</ele>
    <time>2026-10-02T12:15:09Z</time>
   </trkpt>
   <trkpt lat="46.5221280" lon="12.0118140">
    <ele>2169.9</ele>
    <time>2026-10-02T12:15:10Z</time>
   </trkpt>
   <trkpt lat="46.5221360" lon="12.0118170">
    <ele>2170.0</ele>
    <time>2026-10-02T12:15:11Z</time>
   </trkpt>
   <trkpt lat="46.5221470" lon="12.0118390">
    <ele>2170.1</ele>
    <time>2026-10-02T12:15:12Z</time>
   </trkpt>
   <trkpt lat="46.5221540" lon="12.0118550">
    <ele>2170.3</ele>
    <time>2026-10-02T12:15:13Z</time>
   </trkpt>
   <trkpt lat="46.5221570" lon="12.0118670">
    <ele>2170.3</ele>
    <time>2026-10-02T12:15:14Z</time>
   </trkpt>
   <trkpt lat="46.5221590" lon="12.0118730">
    <ele>2170.4</ele>
    <time>2026-10-02T12:15:15Z</time>
   </trkpt>
   <trkpt lat="46.5221610" lon="12.0118840">
    <ele>2170.5</ele>
    <time>2026-10-02T12:15:16Z</time>
   </trkpt>
   <trkpt lat="46.5221620" lon="12.0118980">
    <ele>2170.6</ele>
    <time>2026-10-02T12:15:17Z</time>
   </trkpt>
   <trkpt lat="46.5221660" lon="12.0119080">
    <ele>2170.6</ele>
    <time>2026-10-02T12:15:18Z</time>
   </trkpt>
   <trkpt lat="46.5221760" lon="12.0119070">
    <ele>2170.7</ele>
    <time>2026-10-02T12:15:19Z</time>
   </trkpt>
   <trkpt lat="46.5221850" lon="12.0119130">
    <ele>2170.8</ele>
    <time>2026-10-02T12:15:20Z</time>
   </trkpt>
   <trkpt lat="46.5221850" lon="12.0119100">
    <ele>2170.9</ele>
    <time>2026-10-02T12:15:22Z</time>
   </trkpt>
   <trkpt lat="46.5221870" lon="12.0119090">
    <ele>2170.9</ele>
    <time>2026-10-02T12:15:23Z</time>
   </trkpt>
   <trkpt lat="46.5221870" lon="12.0119090">
    <ele>2170.9</ele>
    <time>2026-10-02T12:15:24Z</time>
   </trkpt>
   <trkpt lat="46.5221860" lon="12.0119190">
    <ele>2171.0</ele>
    <time>2026-10-02T12:15:25Z</time>
   </trkpt>
   <trkpt lat="46.5221870" lon="12.0119280">
    <ele>2171.0</ele>
    <time>2026-10-02T12:15:26Z</time>
   </trkpt>
   <trkpt lat="46.5221870" lon="12.0119440">
    <ele>2171.2</ele>
    <time>2026-10-02T12:15:27Z</time>
   </trkpt>
   <trkpt lat="46.5221980" lon="12.0119610">
    <ele>2171.4</ele>
    <time>2026-10-02T12:15:28Z</time>
   </trkpt>
   <trkpt lat="46.5222040" lon="12.0119720">
    <ele>2171.5</ele>
    <time>2026-10-02T12:15:29Z</time>
   </trkpt>
   <trkpt lat="46.5222090" lon="12.0119790">
    <ele>2171.6</ele>
    <time>2026-10-02T12:15:30Z</time>
   </trkpt>
   <trkpt lat="46.5222160" lon="12.0119940">
    <ele>2171.7</ele>
    <time>2026-10-02T12:15:31Z</time>
   </trkpt>
   <trkpt lat="46.5222230" lon="12.0120030">
    <ele>2171.8</ele>
    <time>2026-10-02T12:15:32Z</time>
   </trkpt>
   <trkpt lat="46.5222260" lon="12.0120090">
    <ele>2171.9</ele>
    <time>2026-10-02T12:15:33Z</time>
   </trkpt>
   <trkpt lat="46.5222330" lon="12.0120130">
    <ele>2172.0</ele>
    <time>2026-10-02T12:15:34Z</time>
   </trkpt>
   <trkpt lat="46.5222420" lon="12.0120260">
    <ele>2172.2</ele>
    <time>2026-10-02T12:15:35Z</time>
   </trkpt>
   <trkpt lat="46.5222440" lon="12.0120220">
    <ele>2172.2</ele>
    <time>2026-10-02T12:15:36Z</time>
   </trkpt>
   <trkpt lat="46.5222440" lon="12.0120230">
    <ele>2172.2</ele>
    <time>2026-10-02T12:15:37Z</time>
   </trkpt>
   <trkpt lat="46.5222430" lon="12.0120240">
    <ele>2172.2</ele>
    <time>2026-10-02T12:15:38Z</time>
   </trkpt>
   <trkpt lat="46.5222480" lon="12.0120260">
    <ele>2172.3</ele>
    <time>2026-10-02T12:15:39Z</time>
   </trkpt>
   <trkpt lat="46.5222440" lon="12.0120260">
    <ele>2172.3</ele>
    <time>2026-10-02T12:15:40Z</time>
   </trkpt>
   <trkpt lat="46.5222450" lon="12.0120250">
    <ele>2172.4</ele>
    <time>2026-10-02T12:15:41Z</time>
   </trkpt>
   <trkpt lat="46.5222410" lon="12.0120250">
    <ele>2172.4</ele>
    <time>2026-10-02T12:15:42Z</time>
   </trkpt>
   <trkpt lat="46.5222400" lon="12.0120300">
    <ele>2172.5</ele>
    <time>2026-10-02T12:15:43Z</time>
   </trkpt>
   <trkpt lat="46.5222390" lon="12.0120320">
    <ele>2172.5</ele>
    <time>2026-10-02T12:15:44Z</time>
   </trkpt>
   <trkpt lat="46.5222420" lon="12.0120270">
    <ele>2172.5</ele>
    <time>2026-10-02T12:15:45Z</time>
   </trkpt>
   <trkpt lat="46.5222420" lon="12.0120270">
    <ele>2172.5</ele>
    <time>2026-10-02T12:15:46Z</time>
   </trkpt>
   <trkpt lat="46.5222420" lon="12.0120270">
    <ele>2172.5</ele>
    <time>2026-10-02T12:15:47Z</time>
   </trkpt>
   <trkpt lat="46.5222420" lon="12.0120270">
    <ele>2172.5</ele>
    <time>2026-10-02T12:15:48Z</time>
   </trkpt>
   <trkpt lat="46.5222420" lon="12.0120270">
    <ele>2172.5</ele>
    <time>2026-10-02T12:15:49Z</time>
   </trkpt>
   <trkpt lat="46.5222420" lon="12.0120270">
    <ele>2172.5</ele>
    <time>2026-10-02T12:15:50Z</time>
   </trkpt>
   <trkpt lat="46.5222440" lon="12.0120130">
    <ele>2172.7</ele>
    <time>2026-10-02T12:15:51Z</time>
   </trkpt>
   <trkpt lat="46.5222370" lon="12.0120170">
    <ele>2172.8</ele>
    <time>2026-10-02T12:15:52Z</time>
   </trkpt>
   <trkpt lat="46.5222380" lon="12.0120210">
    <ele>2172.8</ele>
    <time>2026-10-02T12:15:53Z</time>
   </trkpt>
   <trkpt lat="46.5222410" lon="12.0120360">
    <ele>2172.9</ele>
    <time>2026-10-02T12:15:54Z</time>
   </trkpt>
   <trkpt lat="46.5222410" lon="12.0120260">
    <ele>2172.9</ele>
    <time>2026-10-02T12:15:55Z</time>
   </trkpt>
   <trkpt lat="46.5222410" lon="12.0120250">
    <ele>2172.9</ele>
    <time>2026-10-02T12:15:56Z</time>
   </trkpt>
   <trkpt lat="46.5222410" lon="12.0120250">
    <ele>2172.9</ele>
    <time>2026-10-02T12:15:57Z</time>
   </trkpt>
   <trkpt lat="46.5222450" lon="12.0120270">
    <ele>2172.9</ele>
    <time>2026-10-02T12:15:58Z</time>
   </trkpt>
   <trkpt lat="46.5222500" lon="12.0120350">
    <ele>2173.0</ele>
    <time>2026-10-02T12:15:59Z</time>
   </trkpt>
   <trkpt lat="46.5222520" lon="12.0120310">
    <ele>2173.0</ele>
    <time>2026-10-02T12:16:00Z</time>
   </trkpt>
   <trkpt lat="46.5222570" lon="12.0120330">
    <ele>2173.1</ele>
    <time>2026-10-02T12:16:01Z</time>
   </trkpt>
   <trkpt lat="46.5222580" lon="12.0120310">
    <ele>2173.1</ele>
    <time>2026-10-02T12:16:02Z</time>
   </trkpt>
   <trkpt lat="46.5222610" lon="12.0120380">
    <ele>2173.1</ele>
    <time>2026-10-02T12:16:03Z</time>
   </trkpt>
   <trkpt lat="46.5222640" lon="12.0120460">
    <ele>2173.2</ele>
    <time>2026-10-02T12:16:04Z</time>
   </trkpt>
   <trkpt lat="46.5222660" lon="12.0120670">
    <ele>2173.3</ele>
    <time>2026-10-02T12:16:05Z</time>
   </trkpt>
   <trkpt lat="46.5222670" lon="12.0120820">
    <ele>2173.3</ele>
    <time>2026-10-02T12:16:06Z</time>
   </trkpt>
   <trkpt lat="46.5222730" lon="12.0120960">
    <ele>2173.4</ele>
    <time>2026-10-02T12:16:07Z</time>
   </trkpt>
   <trkpt lat="46.5222740" lon="12.0121030">
    <ele>2173.5</ele>
    <time>2026-10-02T12:16:08Z</time>
   </trkpt>
   <trkpt lat="46.5222780" lon="12.0121060">
    <ele>2173.5</ele>
    <time>2026-10-02T12:16:09Z</time>
   </trkpt>
   <trkpt lat="46.5222840" lon="12.0121150">
    <ele>2173.6</ele>
    <time>2026-10-02T12:16:10Z</time>
   </trkpt>
   <trkpt lat="46.5222880" lon="12.0121220">
    <ele>2173.6</ele>
    <time>2026-10-02T12:16:11Z</time>
   </trkpt>
   <trkpt lat="46.5222970" lon="12.0121320">
    <ele>2173.7</ele>
    <time>2026-10-02T12:16:12Z</time>
   </trkpt>
   <trkpt lat="46.5222990" lon="12.0121410">
    <ele>2173.7</ele>
    <time>2026-10-02T12:16:13Z</time>
   </trkpt>
   <trkpt lat="46.5223050" lon="12.0121460">
    <ele>2173.8</ele>
    <time>2026-10-02T12:16:14Z</time>
   </trkpt>
   <trkpt lat="46.5223070" lon="12.0121490">
    <ele>2173.8</ele>
    <time>2026-10-02T12:16:15Z</time>
   </trkpt>
   <trkpt lat="46.5223150" lon="12.0121610">
    <ele>2173.9</ele>
    <time>2026-10-02T12:16:16Z</time>
   </trkpt>
   <trkpt lat="46.5223260" lon="12.0121640">
    <ele>2173.9</ele>
    <time>2026-10-02T12:16:17Z</time>
   </trkpt>
   <trkpt lat="46.5223270" lon="12.0121640">
    <ele>2174.0</ele>
    <time>2026-10-02T12:16:18Z</time>
   </trkpt>
   <trkpt lat="46.5223320" lon="12.0121700">
    <ele>2174.0</ele>
    <time>2026-10-02T12:16:19Z</time>
   </trkpt>
   <trkpt lat="46.5223280" lon="12.0121580">
    <ele>2174.1</ele>
    <time>2026-10-02T12:16:20Z</time>
   </trkpt>
   <trkpt lat="46.5223300" lon="12.0121570">
    <ele>2174.1</ele>
    <time>2026-10-02T12:16:21Z</time>
   </trkpt>
   <trkpt lat="46.5223300" lon="12.0121570">
    <ele>2174.1</ele>
    <time>2026-10-02T12:16:22Z</time>
   </trkpt>
   <trkpt lat="46.5223340" lon="12.0121530">
    <ele>2174.1</ele>
    <time>2026-10-02T12:16:23Z</time>
   </trkpt>
   <trkpt lat="46.5223330" lon="12.0121560">
    <ele>2174.1</ele>
    <time>2026-10-02T12:16:24Z</time>
   </trkpt>
   <trkpt lat="46.5223380" lon="12.0121480">
    <ele>2174.2</ele>
    <time>2026-10-02T12:16:25Z</time>
   </trkpt>
   <trkpt lat="46.5223530" lon="12.0121540">
    <ele>2174.3</ele>
    <time>2026-10-02T12:16:26Z</time>
   </trkpt>
   <trkpt lat="46.5223460" lon="12.0121580">
    <ele>2174.3</ele>
    <time>2026-10-02T12:16:27Z</time>
   </trkpt>
   <trkpt lat="46.5223460" lon="12.0121580">
    <ele>2174.3</ele>
    <time>2026-10-02T12:16:28Z</time>
   </trkpt>
   <trkpt lat="46.5223460" lon="12.0121600">
    <ele>2174.3</ele>
    <time>2026-10-02T12:16:29Z</time>
   </trkpt>
   <trkpt lat="46.5223590" lon="12.0121550">
    <ele>2174.4</ele>
    <time>2026-10-02T12:16:30Z</time>
   </trkpt>
   <trkpt lat="46.5223550" lon="12.0121560">
    <ele>2174.5</ele>
    <time>2026-10-02T12:16:31Z</time>
   </trkpt>
   <trkpt lat="46.5223550" lon="12.0121560">
    <ele>2174.5</ele>
    <time>2026-10-02T12:16:32Z</time>
   </trkpt>
   <trkpt lat="46.5223420" lon="12.0121700">
    <ele>2174.6</ele>
    <time>2026-10-02T12:16:33Z</time>
   </trkpt>
   <trkpt lat="46.5223440" lon="12.0121680">
    <ele>2174.6</ele>
    <time>2026-10-02T12:16:34Z</time>
   </trkpt>
   <trkpt lat="46.5223510" lon="12.0121740">
    <ele>2174.6</ele>
    <time>2026-10-02T12:16:35Z</time>
   </trkpt>
   <trkpt lat="46.5223590" lon="12.0121780">
    <ele>2174.7</ele>
    <time>2026-10-02T12:16:36Z</time>
   </trkpt>
   <trkpt lat="46.5223640" lon="12.0121800">
    <ele>2174.7</ele>
    <time>2026-10-02T12:16:37Z</time>
   </trkpt>
   <trkpt lat="46.5223680" lon="12.0121820">
    <ele>2174.8</ele>
    <time>2026-10-02T12:16:38Z</time>
   </trkpt>
   <trkpt lat="46.5223720" lon="12.0121800">
    <ele>2174.8</ele>
    <time>2026-10-02T12:16:39Z</time>
   </trkpt>
   <trkpt lat="46.5223720" lon="12.0121800">
    <ele>2174.8</ele>
    <time>2026-10-02T12:16:40Z</time>
   </trkpt>
   <trkpt lat="46.5223720" lon="12.0121800">
    <ele>2174.8</ele>
    <time>2026-10-02T12:16:41Z</time>
   </trkpt>
   <trkpt lat="46.5223720" lon="12.0121800">
    <ele>2174.8</ele>
    <time>2026-10-02T12:16:42Z</time>
   </trkpt>
   <trkpt lat="46.5223720" lon="12.0121800">
    <ele>2174.8</ele>
    <time>2026-10-02T12:16:43Z</time>
   </trkpt>
   <trkpt lat="46.5223720" lon="12.0121800">
    <ele>2174.8</ele>
    <time>2026-10-02T12:16:44Z</time>
   </trkpt>
   <trkpt lat="46.5223720" lon="12.0121800">
    <ele>2174.8</ele>
    <time>2026-10-02T12:16:45Z</time>
   </trkpt>
   <trkpt lat="46.5223710" lon="12.0121910">
    <ele>2174.8</ele>
    <time>2026-10-02T12:16:46Z</time>
   </trkpt>
   <trkpt lat="46.5223720" lon="12.0121940">
    <ele>2174.8</ele>
    <time>2026-10-02T12:16:47Z</time>
   </trkpt>
   <trkpt lat="46.5223790" lon="12.0122110">
    <ele>2175.0</ele>
    <time>2026-10-02T12:16:48Z</time>
   </trkpt>
   <trkpt lat="46.5223910" lon="12.0122160">
    <ele>2175.1</ele>
    <time>2026-10-02T12:16:49Z</time>
   </trkpt>
   <trkpt lat="46.5224000" lon="12.0122210">
    <ele>2175.1</ele>
    <time>2026-10-02T12:16:50Z</time>
   </trkpt>
   <trkpt lat="46.5223970" lon="12.0122340">
    <ele>2175.2</ele>
    <time>2026-10-02T12:16:51Z</time>
   </trkpt>
   <trkpt lat="46.5223990" lon="12.0122370">
    <ele>2175.2</ele>
    <time>2026-10-02T12:16:52Z</time>
   </trkpt>
   <trkpt lat="46.5224030" lon="12.0122440">
    <ele>2175.3</ele>
    <time>2026-10-02T12:16:53Z</time>
   </trkpt>
   <trkpt lat="46.5224080" lon="12.0122490">
    <ele>2175.3</ele>
    <time>2026-10-02T12:16:54Z</time>
   </trkpt>
   <trkpt lat="46.5224120" lon="12.0122510">
    <ele>2175.4</ele>
    <time>2026-10-02T12:16:55Z</time>
   </trkpt>
   <trkpt lat="46.5224200" lon="12.0122630">
    <ele>2175.4</ele>
    <time>2026-10-02T12:16:56Z</time>
   </trkpt>
   <trkpt lat="46.5224220" lon="12.0122650">
    <ele>2175.5</ele>
    <time>2026-10-02T12:16:57Z</time>
   </trkpt>
   <trkpt lat="46.5224300" lon="12.0122660">
    <ele>2175.5</ele>
    <time>2026-10-02T12:16:58Z</time>
   </trkpt>
   <trkpt lat="46.5224290" lon="12.0122670">
    <ele>2175.5</ele>
    <time>2026-10-02T12:16:59Z</time>
   </trkpt>
   <trkpt lat="46.5224300" lon="12.0122690">
    <ele>2175.6</ele>
    <time>2026-10-02T12:17:00Z</time>
   </trkpt>
   <trkpt lat="46.5224270" lon="12.0122660">
    <ele>2175.6</ele>
    <time>2026-10-02T12:17:01Z</time>
   </trkpt>
   <trkpt lat="46.5224270" lon="12.0122690">
    <ele>2175.6</ele>
    <time>2026-10-02T12:17:02Z</time>
   </trkpt>
   <trkpt lat="46.5224300" lon="12.0122710">
    <ele>2175.6</ele>
    <time>2026-10-02T12:17:03Z</time>
   </trkpt>
   <trkpt lat="46.5224320" lon="12.0122750">
    <ele>2175.7</ele>
    <time>2026-10-02T12:17:04Z</time>
   </trkpt>
   <trkpt lat="46.5224380" lon="12.0122780">
    <ele>2175.7</ele>
    <time>2026-10-02T12:17:05Z</time>
   </trkpt>
   <trkpt lat="46.5224470" lon="12.0122800">
    <ele>2175.8</ele>
    <time>2026-10-02T12:17:06Z</time>
   </trkpt>
   <trkpt lat="46.5224610" lon="12.0122840">
    <ele>2175.9</ele>
    <time>2026-10-02T12:17:07Z</time>
   </trkpt>
   <trkpt lat="46.5224730" lon="12.0122870">
    <ele>2176.0</ele>
    <time>2026-10-02T12:17:08Z</time>
   </trkpt>
   <trkpt lat="46.5224710" lon="12.0122880">
    <ele>2176.0</ele>
    <time>2026-10-02T12:17:09Z</time>
   </trkpt>
   <trkpt lat="46.5224700" lon="12.0122930">
    <ele>2176.1</ele>
    <time>2026-10-02T12:17:10Z</time>
   </trkpt>
   <trkpt lat="46.5224760" lon="12.0123030">
    <ele>2176.2</ele>
    <time>2026-10-02T12:17:11Z</time>
   </trkpt>
   <trkpt lat="46.5224870" lon="12.0123210">
    <ele>2176.3</ele>
    <time>2026-10-02T12:17:12Z</time>
   </trkpt>
   <trkpt lat="46.5224930" lon="12.0123320">
    <ele>2176.4</ele>
    <time>2026-10-02T12:17:13Z</time>
   </trkpt>
   <trkpt lat="46.5225020" lon="12.0123390">
    <ele>2176.5</ele>
    <time>2026-10-02T12:17:14Z</time>
   </trkpt>
   <trkpt lat="46.5225140" lon="12.0123460">
    <ele>2176.6</ele>
    <time>2026-10-02T12:17:15Z</time>
   </trkpt>
   <trkpt lat="46.5225220" lon="12.0123520">
    <ele>2176.7</ele>
    <time>2026-10-02T12:17:16Z</time>
   </trkpt>
   <trkpt lat="46.5225270" lon="12.0123570">
    <ele>2176.8</ele>
    <time>2026-10-02T12:17:17Z</time>
   </trkpt>
   <trkpt lat="46.5225330" lon="12.0123580">
    <ele>2176.9</ele>
    <time>2026-10-02T12:17:18Z</time>
   </trkpt>
   <trkpt lat="46.5225450" lon="12.0123620">
    <ele>2177.0</ele>
    <time>2026-10-02T12:17:19Z</time>
   </trkpt>
   <trkpt lat="46.5225590" lon="12.0123700">
    <ele>2177.1</ele>
    <time>2026-10-02T12:17:20Z</time>
   </trkpt>
   <trkpt lat="46.5225650" lon="12.0123730">
    <ele>2177.2</ele>
    <time>2026-10-02T12:17:21Z</time>
   </trkpt>
   <trkpt lat="46.5225720" lon="12.0123870">
    <ele>2177.3</ele>
    <time>2026-10-02T12:17:22Z</time>
   </trkpt>
   <trkpt lat="46.5225850" lon="12.0123930">
    <ele>2177.5</ele>
    <time>2026-10-02T12:17:23Z</time>
   </trkpt>
   <trkpt lat="46.5225950" lon="12.0124000">
    <ele>2177.6</ele>
    <time>2026-10-02T12:17:24Z</time>
   </trkpt>
   <trkpt lat="46.5226050" lon="12.0124040">
    <ele>2177.7</ele>
    <time>2026-10-02T12:17:25Z</time>
   </trkpt>
   <trkpt lat="46.5226150" lon="12.0124050">
    <ele>2177.8</ele>
    <time>2026-10-02T12:17:26Z</time>
   </trkpt>
   <trkpt lat="46.5226200" lon="12.0124120">
    <ele>2177.9</ele>
    <time>2026-10-02T12:17:27Z</time>
   </trkpt>
   <trkpt lat="46.5226300" lon="12.0124160">
    <ele>2178.0</ele>
    <time>2026-10-02T12:17:28Z</time>
   </trkpt>
   <trkpt lat="46.5226420" lon="12.0124170">
    <ele>2178.1</ele>
    <time>2026-10-02T12:17:29Z</time>
   </trkpt>
   <trkpt lat="46.5226510" lon="12.0124200">
    <ele>2178.2</ele>
    <time>2026-10-02T12:17:30Z</time>
   </trkpt>
   <trkpt lat="46.5226550" lon="12.0124260">
    <ele>2178.2</ele>
    <time>2026-10-02T12:17:31Z</time>
   </trkpt>
   <trkpt lat="46.5226620" lon="12.0124390">
    <ele>2178.4</ele>
    <time>2026-10-02T12:17:32Z</time>
   </trkpt>
   <trkpt lat="46.5226720" lon="12.0124520">
    <ele>2178.5</ele>
    <time>2026-10-02T12:17:33Z</time>
   </trkpt>
   <trkpt lat="46.5226770" lon="12.0124570">
    <ele>2178.6</ele>
    <time>2026-10-02T12:17:34Z</time>
   </trkpt>
   <trkpt lat="46.5226840" lon="12.0124500">
    <ele>2178.6</ele>
    <time>2026-10-02T12:17:35Z</time>
   </trkpt>
   <trkpt lat="46.5226880" lon="12.0124520">
    <ele>2178.7</ele>
    <time>2026-10-02T12:17:36Z</time>
   </trkpt>
   <trkpt lat="46.5226860" lon="12.0124500">
    <ele>2178.7</ele>
    <time>2026-10-02T12:17:37Z</time>
   </trkpt>
   <trkpt lat="46.5226850" lon="12.0124490">
    <ele>2178.7</ele>
    <time>2026-10-02T12:17:38Z</time>
   </trkpt>
   <trkpt lat="46.5226890" lon="12.0124520">
    <ele>2178.8</ele>
    <time>2026-10-02T12:17:39Z</time>
   </trkpt>
   <trkpt lat="46.5226990" lon="12.0124600">
    <ele>2178.9</ele>
    <time>2026-10-02T12:17:40Z</time>
   </trkpt>
   <trkpt lat="46.5227100" lon="12.0124640">
    <ele>2179.0</ele>
    <time>2026-10-02T12:17:41Z</time>
   </trkpt>
   <trkpt lat="46.5227130" lon="12.0124750">
    <ele>2179.1</ele>
    <time>2026-10-02T12:17:42Z</time>
   </trkpt>
   <trkpt lat="46.5227180" lon="12.0124810">
    <ele>2179.2</ele>
    <time>2026-10-02T12:17:43Z</time>
   </trkpt>
   <trkpt lat="46.5227210" lon="12.0124840">
    <ele>2179.2</ele>
    <time>2026-10-02T12:17:44Z</time>
   </trkpt>
   <trkpt lat="46.5227300" lon="12.0124920">
    <ele>2179.3</ele>
    <time>2026-10-02T12:17:45Z</time>
   </trkpt>
   <trkpt lat="46.5227340" lon="12.0124960">
    <ele>2179.3</ele>
    <time>2026-10-02T12:17:46Z</time>
   </trkpt>
   <trkpt lat="46.5227340" lon="12.0125050">
    <ele>2179.4</ele>
    <time>2026-10-02T12:17:47Z</time>
   </trkpt>
   <trkpt lat="46.5227390" lon="12.0125010">
    <ele>2179.5</ele>
    <time>2026-10-02T12:17:48Z</time>
   </trkpt>
   <trkpt lat="46.5227420" lon="12.0125100">
    <ele>2179.5</ele>
    <time>2026-10-02T12:17:49Z</time>
   </trkpt>
   <trkpt lat="46.5227510" lon="12.0125210">
    <ele>2179.7</ele>
    <time>2026-10-02T12:17:50Z</time>
   </trkpt>
   <trkpt lat="46.5227540" lon="12.0125330">
    <ele>2179.7</ele>
    <time>2026-10-02T12:17:51Z</time>
   </trkpt>
   <trkpt lat="46.5227510" lon="12.0125440">
    <ele>2179.8</ele>
    <time>2026-10-02T12:17:52Z</time>
   </trkpt>
   <trkpt lat="46.5227530" lon="12.0125520">
    <ele>2179.9</ele>
    <time>2026-10-02T12:17:53Z</time>
   </trkpt>
   <trkpt lat="46.5227560" lon="12.0125660">
    <ele>2180.0</ele>
    <time>2026-10-02T12:17:54Z</time>
   </trkpt>
   <trkpt lat="46.5227550" lon="12.0125790">
    <ele>2180.1</ele>
    <time>2026-10-02T12:17:55Z</time>
   </trkpt>
   <trkpt lat="46.5227620" lon="12.0125900">
    <ele>2180.2</ele>
    <time>2026-10-02T12:17:56Z</time>
   </trkpt>
   <trkpt lat="46.5227690" lon="12.0126040">
    <ele>2180.3</ele>
    <time>2026-10-02T12:17:57Z</time>
   </trkpt>
   <trkpt lat="46.5227750" lon="12.0126160">
    <ele>2180.4</ele>
    <time>2026-10-02T12:17:58Z</time>
   </trkpt>
   <trkpt lat="46.5227790" lon="12.0126260">
    <ele>2180.4</ele>
    <time>2026-10-02T12:17:59Z</time>
   </trkpt>
   <trkpt lat="46.5227830" lon="12.0126400">
    <ele>2180.5</ele>
    <time>2026-10-02T12:18:00Z</time>
   </trkpt>
   <trkpt lat="46.5227860" lon="12.0126510">
    <ele>2180.6</ele>
    <time>2026-10-02T12:18:01Z</time>
   </trkpt>
   <trkpt lat="46.5227920" lon="12.0126610">
    <ele>2180.7</ele>
    <time>2026-10-02T12:18:02Z</time>
   </trkpt>
   <trkpt lat="46.5227980" lon="12.0126660">
    <ele>2180.8</ele>
    <time>2026-10-02T12:18:03Z</time>
   </trkpt>
   <trkpt lat="46.5228050" lon="12.0126770">
    <ele>2180.9</ele>
    <time>2026-10-02T12:18:04Z</time>
   </trkpt>
   <trkpt lat="46.5228150" lon="12.0126830">
    <ele>2181.0</ele>
    <time>2026-10-02T12:18:05Z</time>
   </trkpt>
   <trkpt lat="46.5228250" lon="12.0126740">
    <ele>2181.1</ele>
    <time>2026-10-02T12:18:06Z</time>
   </trkpt>
   <trkpt lat="46.5228410" lon="12.0126670">
    <ele>2181.2</ele>
    <time>2026-10-02T12:18:07Z</time>
   </trkpt>
   <trkpt lat="46.5228510" lon="12.0126510">
    <ele>2181.3</ele>
    <time>2026-10-02T12:18:08Z</time>
   </trkpt>
   <trkpt lat="46.5228620" lon="12.0126430">
    <ele>2181.5</ele>
    <time>2026-10-02T12:18:09Z</time>
   </trkpt>
   <trkpt lat="46.5228680" lon="12.0126370">
    <ele>2181.5</ele>
    <time>2026-10-02T12:18:10Z</time>
   </trkpt>
   <trkpt lat="46.5228690" lon="12.0126260">
    <ele>2181.6</ele>
    <time>2026-10-02T12:18:11Z</time>
   </trkpt>
   <trkpt lat="46.5228710" lon="12.0126180">
    <ele>2181.6</ele>
    <time>2026-10-02T12:18:12Z</time>
   </trkpt>
   <trkpt lat="46.5228700" lon="12.0126220">
    <ele>2181.7</ele>
    <time>2026-10-02T12:18:13Z</time>
   </trkpt>
   <trkpt lat="46.5228690" lon="12.0126230">
    <ele>2181.7</ele>
    <time>2026-10-02T12:18:14Z</time>
   </trkpt>
   <trkpt lat="46.5228660" lon="12.0126230">
    <ele>2181.7</ele>
    <time>2026-10-02T12:18:15Z</time>
   </trkpt>
   <trkpt lat="46.5228650" lon="12.0126360">
    <ele>2181.8</ele>
    <time>2026-10-02T12:18:16Z</time>
   </trkpt>
   <trkpt lat="46.5228640" lon="12.0126430">
    <ele>2181.8</ele>
    <time>2026-10-02T12:18:17Z</time>
   </trkpt>
   <trkpt lat="46.5228640" lon="12.0126520">
    <ele>2181.9</ele>
    <time>2026-10-02T12:18:18Z</time>
   </trkpt>
   <trkpt lat="46.5228670" lon="12.0126690">
    <ele>2182.0</ele>
    <time>2026-10-02T12:18:19Z</time>
   </trkpt>
   <trkpt lat="46.5228720" lon="12.0126800">
    <ele>2182.1</ele>
    <time>2026-10-02T12:18:20Z</time>
   </trkpt>
   <trkpt lat="46.5228760" lon="12.0126880">
    <ele>2182.1</ele>
    <time>2026-10-02T12:18:21Z</time>
   </trkpt>
   <trkpt lat="46.5228810" lon="12.0126970">
    <ele>2182.2</ele>
    <time>2026-10-02T12:18:22Z</time>
   </trkpt>
   <trkpt lat="46.5228850" lon="12.0127010">
    <ele>2182.2</ele>
    <time>2026-10-02T12:18:23Z</time>
   </trkpt>
   <trkpt lat="46.5228970" lon="12.0127030">
    <ele>2182.3</ele>
    <time>2026-10-02T12:18:24Z</time>
   </trkpt>
   <trkpt lat="46.5229060" lon="12.0127080">
    <ele>2182.3</ele>
    <time>2026-10-02T12:18:25Z</time>
   </trkpt>
   <trkpt lat="46.5229170" lon="12.0127130">
    <ele>2182.4</ele>
    <time>2026-10-02T12:18:26Z</time>
   </trkpt>
   <trkpt lat="46.5229230" lon="12.0127190">
    <ele>2182.4</ele>
    <time>2026-10-02T12:18:27Z</time>
   </trkpt>
   <trkpt lat="46.5229350" lon="12.0127310">
    <ele>2182.5</ele>
    <time>2026-10-02T12:18:28Z</time>
   </trkpt>
   <trkpt lat="46.5229460" lon="12.0127460">
    <ele>2182.6</ele>
    <time>2026-10-02T12:18:29Z</time>
   </trkpt>
   <trkpt lat="46.5229550" lon="12.0127540">
    <ele>2182.7</ele>
    <time>2026-10-02T12:18:30Z</time>
   </trkpt>
   <trkpt lat="46.5229680" lon="12.0127540">
    <ele>2182.8</ele>
    <time>2026-10-02T12:18:31Z</time>
   </trkpt>
   <trkpt lat="46.5229760" lon="12.0127580">
    <ele>2182.8</ele>
    <time>2026-10-02T12:18:32Z</time>
   </trkpt>
   <trkpt lat="46.5229890" lon="12.0127640">
    <ele>2182.9</ele>
    <time>2026-10-02T12:18:33Z</time>
   </trkpt>
   <trkpt lat="46.5230070" lon="12.0127560">
    <ele>2183.0</ele>
    <time>2026-10-02T12:18:34Z</time>
   </trkpt>
   <trkpt lat="46.5230150" lon="12.0127440">
    <ele>2183.1</ele>
    <time>2026-10-02T12:18:35Z</time>
   </trkpt>
   <trkpt lat="46.5230300" lon="12.0127400">
    <ele>2183.2</ele>
    <time>2026-10-02T12:18:36Z</time>
   </trkpt>
   <trkpt lat="46.5230440" lon="12.0127230">
    <ele>2183.3</ele>
    <time>2026-10-02T12:18:37Z</time>
   </trkpt>
   <trkpt lat="46.5230510" lon="12.0127190">
    <ele>2183.3</ele>
    <time>2026-10-02T12:18:38Z</time>
   </trkpt>
   <trkpt lat="46.5230580" lon="12.0127070">
    <ele>2183.4</ele>
    <time>2026-10-02T12:18:39Z</time>
   </trkpt>
   <trkpt lat="46.5230640" lon="12.0126960">
    <ele>2183.5</ele>
    <time>2026-10-02T12:18:40Z</time>
   </trkpt>
   <trkpt lat="46.5230710" lon="12.0126920">
    <ele>2183.5</ele>
    <time>2026-10-02T12:18:41Z</time>
   </trkpt>
   <trkpt lat="46.5230800" lon="12.0126770">
    <ele>2183.6</ele>
    <time>2026-10-02T12:18:42Z</time>
   </trkpt>
   <trkpt lat="46.5230840" lon="12.0126600">
    <ele>2183.7</ele>
    <time>2026-10-02T12:18:43Z</time>
   </trkpt>
   <trkpt lat="46.5230850" lon="12.0126490">
    <ele>2183.7</ele>
    <time>2026-10-02T12:18:44Z</time>
   </trkpt>
   <trkpt lat="46.5230870" lon="12.0126580">
    <ele>2183.7</ele>
    <time>2026-10-02T12:18:45Z</time>
   </trkpt>
   <trkpt lat="46.5230850" lon="12.0126640">
    <ele>2183.8</ele>
    <time>2026-10-02T12:18:46Z</time>
   </trkpt>
   <trkpt lat="46.5230940" lon="12.0126660">
    <ele>2183.8</ele>
    <time>2026-10-02T12:18:47Z</time>
   </trkpt>
   <trkpt lat="46.5231050" lon="12.0126690">
    <ele>2183.9</ele>
    <time>2026-10-02T12:18:48Z</time>
   </trkpt>
   <trkpt lat="46.5231040" lon="12.0126650">
    <ele>2183.9</ele>
    <time>2026-10-02T12:18:49Z</time>
   </trkpt>
   <trkpt lat="46.5231020" lon="12.0126660">
    <ele>2183.9</ele>
    <time>2026-10-02T12:18:50Z</time>
   </trkpt>
   <trkpt lat="46.5230990" lon="12.0126650">
    <ele>2183.9</ele>
    <time>2026-10-02T12:18:51Z</time>
   </trkpt>
   <trkpt lat="46.5230950" lon="12.0126600">
    <ele>2184.0</ele>
    <time>2026-10-02T12:18:52Z</time>
   </trkpt>
   <trkpt lat="46.5231000" lon="12.0126570">
    <ele>2184.0</ele>
    <time>2026-10-02T12:18:53Z</time>
   </trkpt>
   <trkpt lat="46.5230930" lon="12.0126620">
    <ele>2184.1</ele>
    <time>2026-10-02T12:18:54Z</time>
   </trkpt>
   <trkpt lat="46.5230910" lon="12.0126640">
    <ele>2184.1</ele>
    <time>2026-10-02T12:18:55Z</time>
   </trkpt>
   <trkpt lat="46.5230900" lon="12.0126720">
    <ele>2184.1</ele>
    <time>2026-10-02T12:18:56Z</time>
   </trkpt>
   <trkpt lat="46.5230850" lon="12.0126850">
    <ele>2184.2</ele>
    <time>2026-10-02T12:18:57Z</time>
   </trkpt>
   <trkpt lat="46.5230830" lon="12.0126890">
    <ele>2184.2</ele>
    <time>2026-10-02T12:18:58Z</time>
   </trkpt>
   <trkpt lat="46.5230700" lon="12.0126920">
    <ele>2184.3</ele>
    <time>2026-10-02T12:18:59Z</time>
   </trkpt>
   <trkpt lat="46.5230630" lon="12.0126980">
    <ele>2184.3</ele>
    <time>2026-10-02T12:19:00Z</time>
   </trkpt>
   <trkpt lat="46.5230580" lon="12.0127120">
    <ele>2184.4</ele>
    <time>2026-10-02T12:19:01Z</time>
   </trkpt>
   <trkpt lat="46.5230550" lon="12.0127230">
    <ele>2184.4</ele>
    <time>2026-10-02T12:19:02Z</time>
   </trkpt>
   <trkpt lat="46.5230520" lon="12.0127350">
    <ele>2184.5</ele>
    <time>2026-10-02T12:19:03Z</time>
   </trkpt>
   <trkpt lat="46.5230530" lon="12.0127410">
    <ele>2184.5</ele>
    <time>2026-10-02T12:19:04Z</time>
   </trkpt>
   <trkpt lat="46.5230500" lon="12.0127490">
    <ele>2184.5</ele>
    <time>2026-10-02T12:19:05Z</time>
   </trkpt>
   <trkpt lat="46.5230490" lon="12.0127660">
    <ele>2184.6</ele>
    <time>2026-10-02T12:19:06Z</time>
   </trkpt>
   <trkpt lat="46.5230390" lon="12.0127960">
    <ele>2184.7</ele>
    <time>2026-10-02T12:19:07Z</time>
   </trkpt>
   <trkpt lat="46.5230320" lon="12.0128080">
    <ele>2184.8</ele>
    <time>2026-10-02T12:19:08Z</time>
   </trkpt>
   <trkpt lat="46.5230300" lon="12.0128320">
    <ele>2184.9</ele>
    <time>2026-10-02T12:19:09Z</time>
   </trkpt>
   <trkpt lat="46.5230280" lon="12.0128490">
    <ele>2184.9</ele>
    <time>2026-10-02T12:19:11Z</time>
   </trkpt>
   <trkpt lat="46.5230220" lon="12.0128570">
    <ele>2185.0</ele>
    <time>2026-10-02T12:19:12Z</time>
   </trkpt>
   <trkpt lat="46.5230190" lon="12.0128660">
    <ele>2185.0</ele>
    <time>2026-10-02T12:19:13Z</time>
   </trkpt>
   <trkpt lat="46.5230210" lon="12.0128700">
    <ele>2185.1</ele>
    <time>2026-10-02T12:19:14Z</time>
   </trkpt>
   <trkpt lat="46.5230220" lon="12.0128870">
    <ele>2185.1</ele>
    <time>2026-10-02T12:19:15Z</time>
   </trkpt>
   <trkpt lat="46.5230140" lon="12.0128920">
    <ele>2185.2</ele>
    <time>2026-10-02T12:19:16Z</time>
   </trkpt>
   <trkpt lat="46.5230110" lon="12.0128990">
    <ele>2185.2</ele>
    <time>2026-10-02T12:19:17Z</time>
   </trkpt>
   <trkpt lat="46.5230170" lon="12.0129160">
    <ele>2185.3</ele>
    <time>2026-10-02T12:19:18Z</time>
   </trkpt>
   <trkpt lat="46.5230220" lon="12.0129300">
    <ele>2185.3</ele>
    <time>2026-10-02T12:19:19Z</time>
   </trkpt>
   <trkpt lat="46.5230290" lon="12.0129400">
    <ele>2185.4</ele>
    <time>2026-10-02T12:19:20Z</time>
   </trkpt>
   <trkpt lat="46.5230450" lon="12.0129480">
    <ele>2185.5</ele>
    <time>2026-10-02T12:19:21Z</time>
   </trkpt>
   <trkpt lat="46.5230510" lon="12.0129570">
    <ele>2185.5</ele>
    <time>2026-10-02T12:19:22Z</time>
   </trkpt>
   <trkpt lat="46.5230590" lon="12.0129660">
    <ele>2185.6</ele>
    <time>2026-10-02T12:19:23Z</time>
   </trkpt>
   <trkpt lat="46.5230690" lon="12.0129770">
    <ele>2185.7</ele>
    <time>2026-10-02T12:19:24Z</time>
   </trkpt>
   <trkpt lat="46.5230740" lon="12.0129870">
    <ele>2185.7</ele>
    <time>2026-10-02T12:19:25Z</time>
   </trkpt>
   <trkpt lat="46.5230810" lon="12.0130010">
    <ele>2185.8</ele>
    <time>2026-10-02T12:19:26Z</time>
   </trkpt>
   <trkpt lat="46.5230870" lon="12.0130090">
    <ele>2185.8</ele>
    <time>2026-10-02T12:19:27Z</time>
   </trkpt>
   <trkpt lat="46.5230960" lon="12.0130200">
    <ele>2185.9</ele>
    <time>2026-10-02T12:19:28Z</time>
   </trkpt>
   <trkpt lat="46.5230980" lon="12.0130330">
    <ele>2186.0</ele>
    <time>2026-10-02T12:19:29Z</time>
   </trkpt>
   <trkpt lat="46.5231030" lon="12.0130470">
    <ele>2186.0</ele>
    <time>2026-10-02T12:19:30Z</time>
   </trkpt>
   <trkpt lat="46.5231060" lon="12.0130570">
    <ele>2186.1</ele>
    <time>2026-10-02T12:19:31Z</time>
   </trkpt>
   <trkpt lat="46.5231090" lon="12.0130700">
    <ele>2186.1</ele>
    <time>2026-10-02T12:19:32Z</time>
   </trkpt>
   <trkpt lat="46.5231140" lon="12.0130850">
    <ele>2186.2</ele>
    <time>2026-10-02T12:19:33Z</time>
   </trkpt>
   <trkpt lat="46.5231210" lon="12.0130940">
    <ele>2186.2</ele>
    <time>2026-10-02T12:19:34Z</time>
   </trkpt>
   <trkpt lat="46.5231250" lon="12.0131210">
    <ele>2186.4</ele>
    <time>2026-10-02T12:19:35Z</time>
   </trkpt>
   <trkpt lat="46.5231360" lon="12.0131200">
    <ele>2186.4</ele>
    <time>2026-10-02T12:19:36Z</time>
   </trkpt>
   <trkpt lat="46.5231470" lon="12.0131250">
    <ele>2186.5</ele>
    <time>2026-10-02T12:19:37Z</time>
   </trkpt>
   <trkpt lat="46.5231570" lon="12.0131310">
    <ele>2186.6</ele>
    <time>2026-10-02T12:19:38Z</time>
   </trkpt>
   <trkpt lat="46.5231550" lon="12.0131290">
    <ele>2186.6</ele>
    <time>2026-10-02T12:19:39Z</time>
   </trkpt>
   <trkpt lat="46.5231580" lon="12.0131280">
    <ele>2186.6</ele>
    <time>2026-10-02T12:19:40Z</time>
   </trkpt>
   <trkpt lat="46.5231600" lon="12.0131250">
    <ele>2186.6</ele>
    <time>2026-10-02T12:19:41Z</time>
   </trkpt>
   <trkpt lat="46.5231550" lon="12.0131220">
    <ele>2186.6</ele>
    <time>2026-10-02T12:19:42Z</time>
   </trkpt>
   <trkpt lat="46.5231500" lon="12.0131240">
    <ele>2186.7</ele>
    <time>2026-10-02T12:19:43Z</time>
   </trkpt>
   <trkpt lat="46.5231500" lon="12.0131240">
    <ele>2186.7</ele>
    <time>2026-10-02T12:19:44Z</time>
   </trkpt>
   <trkpt lat="46.5231580" lon="12.0131250">
    <ele>2186.7</ele>
    <time>2026-10-02T12:19:45Z</time>
   </trkpt>
   <trkpt lat="46.5231600" lon="12.0131240">
    <ele>2186.7</ele>
    <time>2026-10-02T12:19:46Z</time>
   </trkpt>
   <trkpt lat="46.5231690" lon="12.0131460">
    <ele>2186.9</ele>
    <time>2026-10-02T12:19:47Z</time>
   </trkpt>
   <trkpt lat="46.5231740" lon="12.0131490">
    <ele>2186.9</ele>
    <time>2026-10-02T12:19:48Z</time>
   </trkpt>
   <trkpt lat="46.5231890" lon="12.0131590">
    <ele>2187.0</ele>
    <time>2026-10-02T12:19:49Z</time>
   </trkpt>
   <trkpt lat="46.5231920" lon="12.0131640">
    <ele>2187.0</ele>
    <time>2026-10-02T12:19:50Z</time>
   </trkpt>
   <trkpt lat="46.5231860" lon="12.0131690">
    <ele>2187.1</ele>
    <time>2026-10-02T12:19:51Z</time>
   </trkpt>
   <trkpt lat="46.5231800" lon="12.0131660">
    <ele>2187.1</ele>
    <time>2026-10-02T12:19:52Z</time>
   </trkpt>
   <trkpt lat="46.5231780" lon="12.0131650">
    <ele>2187.1</ele>
    <time>2026-10-02T12:19:53Z</time>
   </trkpt>
   <trkpt lat="46.5231840" lon="12.0131690">
    <ele>2187.2</ele>
    <time>2026-10-02T12:19:54Z</time>
   </trkpt>
   <trkpt lat="46.5231910" lon="12.0131820">
    <ele>2187.2</ele>
    <time>2026-10-02T12:19:55Z</time>
   </trkpt>
   <trkpt lat="46.5231940" lon="12.0131920">
    <ele>2187.3</ele>
    <time>2026-10-02T12:19:56Z</time>
   </trkpt>
   <trkpt lat="46.5232040" lon="12.0131900">
    <ele>2187.4</ele>
    <time>2026-10-02T12:19:57Z</time>
   </trkpt>
   <trkpt lat="46.5232050" lon="12.0132010">
    <ele>2187.5</ele>
    <time>2026-10-02T12:19:58Z</time>
   </trkpt>
   <trkpt lat="46.5232110" lon="12.0132010">
    <ele>2187.5</ele>
    <time>2026-10-02T12:19:59Z</time>
   </trkpt>
   <trkpt lat="46.5232190" lon="12.0132140">
    <ele>2187.7</ele>
    <time>2026-10-02T12:20:00Z</time>
   </trkpt>
   <trkpt lat="46.5232290" lon="12.0132180">
    <ele>2187.8</ele>
    <time>2026-10-02T12:20:01Z</time>
   </trkpt>
   <trkpt lat="46.5232330" lon="12.0132220">
    <ele>2187.9</ele>
    <time>2026-10-02T12:20:02Z</time>
   </trkpt>
   <trkpt lat="46.5232370" lon="12.0132300">
    <ele>2188.0</ele>
    <time>2026-10-02T12:20:03Z</time>
   </trkpt>
   <trkpt lat="46.5232420" lon="12.0132370">
    <ele>2188.1</ele>
    <time>2026-10-02T12:20:04Z</time>
   </trkpt>
   <trkpt lat="46.5232440" lon="12.0132440">
    <ele>2188.1</ele>
    <time>2026-10-02T12:20:05Z</time>
   </trkpt>
   <trkpt lat="46.5232540" lon="12.0132650">
    <ele>2188.4</ele>
    <time>2026-10-02T12:20:06Z</time>
   </trkpt>
   <trkpt lat="46.5232520" lon="12.0132810">
    <ele>2188.5</ele>
    <time>2026-10-02T12:20:07Z</time>
   </trkpt>
   <trkpt lat="46.5232540" lon="12.0133030">
    <ele>2188.7</ele>
    <time>2026-10-02T12:20:08Z</time>
   </trkpt>
   <trkpt lat="46.5232530" lon="12.0133120">
    <ele>2188.8</ele>
    <time>2026-10-02T12:20:09Z</time>
   </trkpt>
   <trkpt lat="46.5232520" lon="12.0133230">
    <ele>2188.9</ele>
    <time>2026-10-02T12:20:10Z</time>
   </trkpt>
   <trkpt lat="46.5232530" lon="12.0133460">
    <ele>2189.1</ele>
    <time>2026-10-02T12:20:11Z</time>
   </trkpt>
   <trkpt lat="46.5232540" lon="12.0133590">
    <ele>2189.3</ele>
    <time>2026-10-02T12:20:12Z</time>
   </trkpt>
   <trkpt lat="46.5232550" lon="12.0133680">
    <ele>2189.3</ele>
    <time>2026-10-02T12:20:13Z</time>
   </trkpt>
   <trkpt lat="46.5232600" lon="12.0133840">
    <ele>2189.5</ele>
    <time>2026-10-02T12:20:14Z</time>
   </trkpt>
   <trkpt lat="46.5232630" lon="12.0133980">
    <ele>2189.6</ele>
    <time>2026-10-02T12:20:15Z</time>
   </trkpt>
   <trkpt lat="46.5232670" lon="12.0134170">
    <ele>2189.8</ele>
    <time>2026-10-02T12:20:16Z</time>
   </trkpt>
   <trkpt lat="46.5232750" lon="12.0134280">
    <ele>2190.0</ele>
    <time>2026-10-02T12:20:17Z</time>
   </trkpt>
   <trkpt lat="46.5232800" lon="12.0134400">
    <ele>2190.1</ele>
    <time>2026-10-02T12:20:18Z</time>
   </trkpt>
   <trkpt lat="46.5232830" lon="12.0134540">
    <ele>2190.2</ele>
    <time>2026-10-02T12:20:19Z</time>
   </trkpt>
   <trkpt lat="46.5232880" lon="12.0134740">
    <ele>2190.4</ele>
    <time>2026-10-02T12:20:20Z</time>
   </trkpt>
   <trkpt lat="46.5232920" lon="12.0134860">
    <ele>2190.6</ele>
    <time>2026-10-02T12:20:21Z</time>
   </trkpt>
   <trkpt lat="46.5232940" lon="12.0135000">
    <ele>2190.7</ele>
    <time>2026-10-02T12:20:22Z</time>
   </trkpt>
   <trkpt lat="46.5232930" lon="12.0135070">
    <ele>2190.8</ele>
    <time>2026-10-02T12:20:23Z</time>
   </trkpt>
   <trkpt lat="46.5232920" lon="12.0135250">
    <ele>2190.9</ele>
    <time>2026-10-02T12:20:24Z</time>
   </trkpt>
   <trkpt lat="46.5232960" lon="12.0135460">
    <ele>2191.1</ele>
    <time>2026-10-02T12:20:25Z</time>
   </trkpt>
   <trkpt lat="46.5233050" lon="12.0135640">
    <ele>2191.3</ele>
    <time>2026-10-02T12:20:26Z</time>
   </trkpt>
   <trkpt lat="46.5233100" lon="12.0135790">
    <ele>2191.4</ele>
    <time>2026-10-02T12:20:27Z</time>
   </trkpt>
   <trkpt lat="46.5233200" lon="12.0135950">
    <ele>2191.6</ele>
    <time>2026-10-02T12:20:28Z</time>
   </trkpt>
   <trkpt lat="46.5233200" lon="12.0136070">
    <ele>2191.7</ele>
    <time>2026-10-02T12:20:29Z</time>
   </trkpt>
   <trkpt lat="46.5233220" lon="12.0136280">
    <ele>2191.9</ele>
    <time>2026-10-02T12:20:30Z</time>
   </trkpt>
   <trkpt lat="46.5233260" lon="12.0136370">
    <ele>2192.0</ele>
    <time>2026-10-02T12:20:31Z</time>
   </trkpt>
   <trkpt lat="46.5233330" lon="12.0136500">
    <ele>2192.1</ele>
    <time>2026-10-02T12:20:32Z</time>
   </trkpt>
   <trkpt lat="46.5233390" lon="12.0136730">
    <ele>2192.3</ele>
    <time>2026-10-02T12:20:33Z</time>
   </trkpt>
   <trkpt lat="46.5233410" lon="12.0136820">
    <ele>2192.4</ele>
    <time>2026-10-02T12:20:34Z</time>
   </trkpt>
   <trkpt lat="46.5233400" lon="12.0136980">
    <ele>2192.5</ele>
    <time>2026-10-02T12:20:35Z</time>
   </trkpt>
   <trkpt lat="46.5233350" lon="12.0137150">
    <ele>2192.6</ele>
    <time>2026-10-02T12:20:36Z</time>
   </trkpt>
   <trkpt lat="46.5233370" lon="12.0137280">
    <ele>2192.7</ele>
    <time>2026-10-02T12:20:37Z</time>
   </trkpt>
   <trkpt lat="46.5233390" lon="12.0137430">
    <ele>2192.8</ele>
    <time>2026-10-02T12:20:38Z</time>
   </trkpt>
   <trkpt lat="46.5233380" lon="12.0137620">
    <ele>2193.0</ele>
    <time>2026-10-02T12:20:39Z</time>
   </trkpt>
   <trkpt lat="46.5233410" lon="12.0137790">
    <ele>2193.1</ele>
    <time>2026-10-02T12:20:40Z</time>
   </trkpt>
   <trkpt lat="46.5233440" lon="12.0137850">
    <ele>2193.1</ele>
    <time>2026-10-02T12:20:41Z</time>
   </trkpt>
   <trkpt lat="46.5233500" lon="12.0137950">
    <ele>2193.2</ele>
    <time>2026-10-02T12:20:42Z</time>
   </trkpt>
   <trkpt lat="46.5233560" lon="12.0138140">
    <ele>2193.4</ele>
    <time>2026-10-02T12:20:43Z</time>
   </trkpt>
   <trkpt lat="46.5233610" lon="12.0138280">
    <ele>2193.5</ele>
    <time>2026-10-02T12:20:44Z</time>
   </trkpt>
   <trkpt lat="46.5233570" lon="12.0138440">
    <ele>2193.6</ele>
    <time>2026-10-02T12:20:45Z</time>
   </trkpt>
   <trkpt lat="46.5233570" lon="12.0138560">
    <ele>2193.7</ele>
    <time>2026-10-02T12:20:46Z</time>
   </trkpt>
   <trkpt lat="46.5233780" lon="12.0138620">
    <ele>2193.9</ele>
    <time>2026-10-02T12:20:47Z</time>
   </trkpt>
   <trkpt lat="46.5233790" lon="12.0138710">
    <ele>2194.0</ele>
    <time>2026-10-02T12:20:48Z</time>
   </trkpt>
   <trkpt lat="46.5233760" lon="12.0138900">
    <ele>2194.1</ele>
    <time>2026-10-02T12:20:49Z</time>
   </trkpt>
   <trkpt lat="46.5233790" lon="12.0139030">
    <ele>2194.2</ele>
    <time>2026-10-02T12:20:50Z</time>
   </trkpt>
   <trkpt lat="46.5233780" lon="12.0139150">
    <ele>2194.3</ele>
    <time>2026-10-02T12:20:51Z</time>
   </trkpt>
   <trkpt lat="46.5233780" lon="12.0139350">
    <ele>2194.4</ele>
    <time>2026-10-02T12:20:52Z</time>
   </trkpt>
   <trkpt lat="46.5233770" lon="12.0139480">
    <ele>2194.5</ele>
    <time>2026-10-02T12:20:53Z</time>
   </trkpt>
   <trkpt lat="46.5233870" lon="12.0139600">
    <ele>2194.7</ele>
    <time>2026-10-02T12:20:54Z</time>
   </trkpt>
   <trkpt lat="46.5233890" lon="12.0139650">
    <ele>2194.8</ele>
    <time>2026-10-02T12:20:55Z</time>
   </trkpt>
   <trkpt lat="46.5233880" lon="12.0139800">
    <ele>2194.9</ele>
    <time>2026-10-02T12:20:56Z</time>
   </trkpt>
   <trkpt lat="46.5233900" lon="12.0139930">
    <ele>2195.0</ele>
    <time>2026-10-02T12:20:57Z</time>
   </trkpt>
   <trkpt lat="46.5233950" lon="12.0140100">
    <ele>2195.2</ele>
    <time>2026-10-02T12:20:58Z</time>
   </trkpt>
   <trkpt lat="46.5233980" lon="12.0140210">
    <ele>2195.3</ele>
    <time>2026-10-02T12:20:59Z</time>
   </trkpt>
   <trkpt lat="46.5233980" lon="12.0140320">
    <ele>2195.4</ele>
    <time>2026-10-02T12:21:00Z</time>
   </trkpt>
   <trkpt lat="46.5233950" lon="12.0140560">
    <ele>2195.6</ele>
    <time>2026-10-02T12:21:01Z</time>
   </trkpt>
   <trkpt lat="46.5233990" lon="12.0140720">
    <ele>2195.8</ele>
    <time>2026-10-02T12:21:02Z</time>
   </trkpt>
   <trkpt lat="46.5233980" lon="12.0140780">
    <ele>2195.9</ele>
    <time>2026-10-02T12:21:03Z</time>
   </trkpt>
   <trkpt lat="46.5234020" lon="12.0140870">
    <ele>2196.0</ele>
    <time>2026-10-02T12:21:04Z</time>
   </trkpt>
   <trkpt lat="46.5234030" lon="12.0141120">
    <ele>2196.3</ele>
    <time>2026-10-02T12:21:05Z</time>
   </trkpt>
   <trkpt lat="46.5234060" lon="12.0141230">
    <ele>2196.4</ele>
    <time>2026-10-02T12:21:06Z</time>
   </trkpt>
   <trkpt lat="46.5234110" lon="12.0141400">
    <ele>2196.6</ele>
    <time>2026-10-02T12:21:07Z</time>
   </trkpt>
   <trkpt lat="46.5234110" lon="12.0141500">
    <ele>2196.7</ele>
    <time>2026-10-02T12:21:08Z</time>
   </trkpt>
   <trkpt lat="46.5234130" lon="12.0141600">
    <ele>2196.8</ele>
    <time>2026-10-02T12:21:09Z</time>
   </trkpt>
   <trkpt lat="46.5234140" lon="12.0141810">
    <ele>2197.1</ele>
    <time>2026-10-02T12:21:10Z</time>
   </trkpt>
   <trkpt lat="46.5234150" lon="12.0141940">
    <ele>2197.3</ele>
    <time>2026-10-02T12:21:11Z</time>
   </trkpt>
   <trkpt lat="46.5234130" lon="12.0142070">
    <ele>2197.4</ele>
    <time>2026-10-02T12:21:12Z</time>
   </trkpt>
   <trkpt lat="46.5234130" lon="12.0142150">
    <ele>2197.5</ele>
    <time>2026-10-02T12:21:13Z</time>
   </trkpt>
   <trkpt lat="46.5234140" lon="12.0142310">
    <ele>2197.7</ele>
    <time>2026-10-02T12:21:14Z</time>
   </trkpt>
   <trkpt lat="46.5234140" lon="12.0142410">
    <ele>2197.8</ele>
    <time>2026-10-02T12:21:15Z</time>
   </trkpt>
   <trkpt lat="46.5234150" lon="12.0142570">
    <ele>2198.0</ele>
    <time>2026-10-02T12:21:16Z</time>
   </trkpt>
   <trkpt lat="46.5234160" lon="12.0142690">
    <ele>2198.2</ele>
    <time>2026-10-02T12:21:17Z</time>
   </trkpt>
   <trkpt lat="46.5234170" lon="12.0142800">
    <ele>2198.3</ele>
    <time>2026-10-02T12:21:18Z</time>
   </trkpt>
   <trkpt lat="46.5234200" lon="12.0142980">
    <ele>2198.5</ele>
    <time>2026-10-02T12:21:19Z</time>
   </trkpt>
   <trkpt lat="46.5234240" lon="12.0143090">
    <ele>2198.7</ele>
    <time>2026-10-02T12:21:20Z</time>
   </trkpt>
   <trkpt lat="46.5234250" lon="12.0143200">
    <ele>2198.8</ele>
    <time>2026-10-02T12:21:21Z</time>
   </trkpt>
   <trkpt lat="46.5234260" lon="12.0143360">
    <ele>2199.0</ele>
    <time>2026-10-02T12:21:23Z</time>
   </trkpt>
   <trkpt lat="46.5234250" lon="12.0143520">
    <ele>2199.2</ele>
    <time>2026-10-02T12:21:24Z</time>
   </trkpt>
   <trkpt lat="46.5234190" lon="12.0143710">
    <ele>2199.4</ele>
    <time>2026-10-02T12:21:25Z</time>
   </trkpt>
   <trkpt lat="46.5234210" lon="12.0143850">
    <ele>2199.6</ele>
    <time>2026-10-02T12:21:26Z</time>
   </trkpt>
   <trkpt lat="46.5234220" lon="12.0143890">
    <ele>2199.6</ele>
    <time>2026-10-02T12:21:27Z</time>
   </trkpt>
   <trkpt lat="46.5234210" lon="12.0144050">
    <ele>2199.8</ele>
    <time>2026-10-02T12:21:28Z</time>
   </trkpt>
   <trkpt lat="46.5234200" lon="12.0144180">
    <ele>2200.0</ele>
    <time>2026-10-02T12:21:29Z</time>
   </trkpt>
   <trkpt lat="46.5234140" lon="12.0144320">
    <ele>2200.2</ele>
    <time>2026-10-02T12:21:30Z</time>
   </trkpt>
   <trkpt lat="46.5234120" lon="12.0144350">
    <ele>2200.2</ele>
    <time>2026-10-02T12:21:31Z</time>
   </trkpt>
   <trkpt lat="46.5234110" lon="12.0144400">
    <ele>2200.3</ele>
    <time>2026-10-02T12:21:32Z</time>
   </trkpt>
   <trkpt lat="46.5234110" lon="12.0144370">
    <ele>2200.3</ele>
    <time>2026-10-02T12:21:33Z</time>
   </trkpt>
   <trkpt lat="46.5234170" lon="12.0144300">
    <ele>2200.4</ele>
    <time>2026-10-02T12:21:34Z</time>
   </trkpt>
   <trkpt lat="46.5234160" lon="12.0144320">
    <ele>2200.4</ele>
    <time>2026-10-02T12:21:35Z</time>
   </trkpt>
   <trkpt lat="46.5234090" lon="12.0144340">
    <ele>2200.5</ele>
    <time>2026-10-02T12:21:36Z</time>
   </trkpt>
   <trkpt lat="46.5234060" lon="12.0144430">
    <ele>2200.6</ele>
    <time>2026-10-02T12:21:37Z</time>
   </trkpt>
   <trkpt lat="46.5234070" lon="12.0144430">
    <ele>2200.7</ele>
    <time>2026-10-02T12:21:38Z</time>
   </trkpt>
   <trkpt lat="46.5234070" lon="12.0144430">
    <ele>2200.7</ele>
    <time>2026-10-02T12:21:39Z</time>
   </trkpt>
   <trkpt lat="46.5234070" lon="12.0144430">
    <ele>2200.7</ele>
    <time>2026-10-02T12:21:40Z</time>
   </trkpt>
   <trkpt lat="46.5234070" lon="12.0144430">
    <ele>2200.7</ele>
    <time>2026-10-02T12:21:41Z</time>
   </trkpt>
   <trkpt lat="46.5234070" lon="12.0144430">
    <ele>2200.7</ele>
    <time>2026-10-02T12:21:42Z</time>
   </trkpt>
   <trkpt lat="46.5234070" lon="12.0144430">
    <ele>2200.7</ele>
    <time>2026-10-02T12:21:43Z</time>
   </trkpt>
   <trkpt lat="46.5234070" lon="12.0144430">
    <ele>2200.7</ele>
    <time>2026-10-02T12:21:44Z</time>
   </trkpt>
   <trkpt lat="46.5234070" lon="12.0144430">
    <ele>2200.7</ele>
    <time>2026-10-02T12:21:45Z</time>
   </trkpt>
   <trkpt lat="46.5233920" lon="12.0144570">
    <ele>2200.9</ele>
    <time>2026-10-02T12:21:46Z</time>
   </trkpt>
   <trkpt lat="46.5233940" lon="12.0144640">
    <ele>2201.0</ele>
    <time>2026-10-02T12:21:47Z</time>
   </trkpt>
   <trkpt lat="46.5233990" lon="12.0144730">
    <ele>2201.1</ele>
    <time>2026-10-02T12:21:48Z</time>
   </trkpt>
   <trkpt lat="46.5234040" lon="12.0144800">
    <ele>2201.2</ele>
    <time>2026-10-02T12:21:49Z</time>
   </trkpt>
   <trkpt lat="46.5234180" lon="12.0144850">
    <ele>2201.4</ele>
    <time>2026-10-02T12:21:50Z</time>
   </trkpt>
   <trkpt lat="46.5234270" lon="12.0144970">
    <ele>2201.6</ele>
    <time>2026-10-02T12:21:51Z</time>
   </trkpt>
   <trkpt lat="46.5234370" lon="12.0145020">
    <ele>2201.7</ele>
    <time>2026-10-02T12:21:52Z</time>
   </trkpt>
   <trkpt lat="46.5234440" lon="12.0145100">
    <ele>2201.8</ele>
    <time>2026-10-02T12:21:53Z</time>
   </trkpt>
   <trkpt lat="46.5234460" lon="12.0145200">
    <ele>2201.9</ele>
    <time>2026-10-02T12:21:54Z</time>
   </trkpt>
   <trkpt lat="46.5234580" lon="12.0145300">
    <ele>2202.1</ele>
    <time>2026-10-02T12:21:55Z</time>
   </trkpt>
   <trkpt lat="46.5234720" lon="12.0145370">
    <ele>2202.2</ele>
    <time>2026-10-02T12:21:56Z</time>
   </trkpt>
   <trkpt lat="46.5234740" lon="12.0145390">
    <ele>2202.3</ele>
    <time>2026-10-02T12:21:57Z</time>
   </trkpt>
   <trkpt lat="46.5234800" lon="12.0145490">
    <ele>2202.4</ele>
    <time>2026-10-02T12:21:58Z</time>
   </trkpt>
   <trkpt lat="46.5234840" lon="12.0145620">
    <ele>2202.5</ele>
    <time>2026-10-02T12:21:59Z</time>
   </trkpt>
   <trkpt lat="46.5234880" lon="12.0145730">
    <ele>2202.6</ele>
    <time>2026-10-02T12:22:00Z</time>
   </trkpt>
   <trkpt lat="46.5234890" lon="12.0145770">
    <ele>2202.6</ele>
    <time>2026-10-02T12:22:01Z</time>
   </trkpt>
   <trkpt lat="46.5235020" lon="12.0145870">
    <ele>2202.8</ele>
    <time>2026-10-02T12:22:02Z</time>
   </trkpt>
   <trkpt lat="46.5235080" lon="12.0146000">
    <ele>2202.9</ele>
    <time>2026-10-02T12:22:03Z</time>
   </trkpt>
   <trkpt lat="46.5235130" lon="12.0146060">
    <ele>2203.0</ele>
    <time>2026-10-02T12:22:04Z</time>
   </trkpt>
   <trkpt lat="46.5235180" lon="12.0146120">
    <ele>2203.0</ele>
    <time>2026-10-02T12:22:05Z</time>
   </trkpt>
   <trkpt lat="46.5235210" lon="12.0146210">
    <ele>2203.1</ele>
    <time>2026-10-02T12:22:06Z</time>
   </trkpt>
   <trkpt lat="46.5235210" lon="12.0146340">
    <ele>2203.2</ele>
    <time>2026-10-02T12:22:07Z</time>
   </trkpt>
   <trkpt lat="46.5235280" lon="12.0146400">
    <ele>2203.3</ele>
    <time>2026-10-02T12:22:08Z</time>
   </trkpt>
   <trkpt lat="46.5235360" lon="12.0146460">
    <ele>2203.4</ele>
    <time>2026-10-02T12:22:09Z</time>
   </trkpt>
   <trkpt lat="46.5235400" lon="12.0146540">
    <ele>2203.5</ele>
    <time>2026-10-02T12:22:10Z</time>
   </trkpt>
   <trkpt lat="46.5235520" lon="12.0146650">
    <ele>2203.7</ele>
    <time>2026-10-02T12:22:11Z</time>
   </trkpt>
   <trkpt lat="46.5235550" lon="12.0146690">
    <ele>2203.7</ele>
    <time>2026-10-02T12:22:12Z</time>
   </trkpt>
   <trkpt lat="46.5235610" lon="12.0146800">
    <ele>2203.8</ele>
    <time>2026-10-02T12:22:13Z</time>
   </trkpt>
   <trkpt lat="46.5235610" lon="12.0146880">
    <ele>2203.9</ele>
    <time>2026-10-02T12:22:14Z</time>
   </trkpt>
   <trkpt lat="46.5235640" lon="12.0146930">
    <ele>2203.9</ele>
    <time>2026-10-02T12:22:15Z</time>
   </trkpt>
   <trkpt lat="46.5235630" lon="12.0147060">
    <ele>2204.0</ele>
    <time>2026-10-02T12:22:16Z</time>
   </trkpt>
   <trkpt lat="46.5235680" lon="12.0147170">
    <ele>2204.1</ele>
    <time>2026-10-02T12:22:17Z</time>
   </trkpt>
   <trkpt lat="46.5235730" lon="12.0147240">
    <ele>2204.2</ele>
    <time>2026-10-02T12:22:18Z</time>
   </trkpt>
   <trkpt lat="46.5235770" lon="12.0147280">
    <ele>2204.3</ele>
    <time>2026-10-02T12:22:19Z</time>
   </trkpt>
   <trkpt lat="46.5235860" lon="12.0147240">
    <ele>2204.4</ele>
    <time>2026-10-02T12:22:20Z</time>
   </trkpt>
   <trkpt lat="46.5235930" lon="12.0147150">
    <ele>2204.5</ele>
    <time>2026-10-02T12:22:21Z</time>
   </trkpt>
   <trkpt lat="46.5236020" lon="12.0147240">
    <ele>2204.6</ele>
    <time>2026-10-02T12:22:22Z</time>
   </trkpt>
   <trkpt lat="46.5236070" lon="12.0147300">
    <ele>2204.7</ele>
    <time>2026-10-02T12:22:23Z</time>
   </trkpt>
   <trkpt lat="46.5236110" lon="12.0147120">
    <ele>2204.9</ele>
    <time>2026-10-02T12:22:24Z</time>
   </trkpt>
   <trkpt lat="46.5236110" lon="12.0147100">
    <ele>2204.9</ele>
    <time>2026-10-02T12:22:25Z</time>
   </trkpt>
   <trkpt lat="46.5236130" lon="12.0147080">
    <ele>2204.9</ele>
    <time>2026-10-02T12:22:26Z</time>
   </trkpt>
   <trkpt lat="46.5236140" lon="12.0147020">
    <ele>2205.0</ele>
    <time>2026-10-02T12:22:27Z</time>
   </trkpt>
   <trkpt lat="46.5236150" lon="12.0147050">
    <ele>2205.0</ele>
    <time>2026-10-02T12:22:28Z</time>
   </trkpt>
   <trkpt lat="46.5236140" lon="12.0147060">
    <ele>2205.0</ele>
    <time>2026-10-02T12:22:29Z</time>
   </trkpt>
   <trkpt lat="46.5236220" lon="12.0147100">
    <ele>2205.1</ele>
    <time>2026-10-02T12:22:30Z</time>
   </trkpt>
   <trkpt lat="46.5236230" lon="12.0147090">
    <ele>2205.1</ele>
    <time>2026-10-02T12:22:31Z</time>
   </trkpt>
   <trkpt lat="46.5236220" lon="12.0147090">
    <ele>2205.2</ele>
    <time>2026-10-02T12:22:32Z</time>
   </trkpt>
   <trkpt lat="46.5236210" lon="12.0147020">
    <ele>2205.2</ele>
    <time>2026-10-02T12:22:33Z</time>
   </trkpt>
   <trkpt lat="46.5235880" lon="12.0146970">
    <ele>2205.6</ele>
    <time>2026-10-02T12:22:34Z</time>
   </trkpt>
   <trkpt lat="46.5235920" lon="12.0147180">
    <ele>2205.8</ele>
    <time>2026-10-02T12:22:35Z</time>
   </trkpt>
   <trkpt lat="46.5235890" lon="12.0147370">
    <ele>2206.0</ele>
    <time>2026-10-02T12:22:36Z</time>
   </trkpt>
   <trkpt lat="46.5235910" lon="12.0147550">
    <ele>2206.2</ele>
    <time>2026-10-02T12:22:37Z</time>
   </trkpt>
   <trkpt lat="46.5235920" lon="12.0147640">
    <ele>2206.3</ele>
    <time>2026-10-02T12:22:38Z</time>
   </trkpt>
   <trkpt lat="46.5235930" lon="12.0147760">
    <ele>2206.4</ele>
    <time>2026-10-02T12:22:39Z</time>
   </trkpt>
   <trkpt lat="46.5235930" lon="12.0147890">
    <ele>2206.5</ele>
    <time>2026-10-02T12:22:40Z</time>
   </trkpt>
   <trkpt lat="46.5236020" lon="12.0147980">
    <ele>2206.6</ele>
    <time>2026-10-02T12:22:41Z</time>
   </trkpt>
   <trkpt lat="46.5236100" lon="12.0148130">
    <ele>2206.8</ele>
    <time>2026-10-02T12:22:42Z</time>
   </trkpt>
   <trkpt lat="46.5236150" lon="12.0148260">
    <ele>2206.9</ele>
    <time>2026-10-02T12:22:43Z</time>
   </trkpt>
   <trkpt lat="46.5236170" lon="12.0148390">
    <ele>2207.1</ele>
    <time>2026-10-02T12:22:44Z</time>
   </trkpt>
   <trkpt lat="46.5236160" lon="12.0148440">
    <ele>2207.1</ele>
    <time>2026-10-02T12:22:45Z</time>
   </trkpt>
   <trkpt lat="46.5236200" lon="12.0148460">
    <ele>2207.2</ele>
    <time>2026-10-02T12:22:46Z</time>
   </trkpt>
   <trkpt lat="46.5236220" lon="12.0148460">
    <ele>2207.2</ele>
    <time>2026-10-02T12:22:47Z</time>
   </trkpt>
   <trkpt lat="46.5236210" lon="12.0148450">
    <ele>2207.2</ele>
    <time>2026-10-02T12:22:48Z</time>
   </trkpt>
   <trkpt lat="46.5236260" lon="12.0148420">
    <ele>2207.3</ele>
    <time>2026-10-02T12:22:49Z</time>
   </trkpt>
   <trkpt lat="46.5236360" lon="12.0148500">
    <ele>2207.4</ele>
    <time>2026-10-02T12:22:50Z</time>
   </trkpt>
   <trkpt lat="46.5236460" lon="12.0148610">
    <ele>2207.6</ele>
    <time>2026-10-02T12:22:51Z</time>
   </trkpt>
   <trkpt lat="46.5236490" lon="12.0148660">
    <ele>2207.7</ele>
    <time>2026-10-02T12:22:52Z</time>
   </trkpt>
   <trkpt lat="46.5236530" lon="12.0148800">
    <ele>2207.8</ele>
    <time>2026-10-02T12:22:53Z</time>
   </trkpt>
   <trkpt lat="46.5236550" lon="12.0148910">
    <ele>2207.9</ele>
    <time>2026-10-02T12:22:54Z</time>
   </trkpt>
   <trkpt lat="46.5236570" lon="12.0149020">
    <ele>2208.0</ele>
    <time>2026-10-02T12:22:55Z</time>
   </trkpt>
   <trkpt lat="46.5236550" lon="12.0149150">
    <ele>2208.1</ele>
    <time>2026-10-02T12:22:56Z</time>
   </trkpt>
   <trkpt lat="46.5236570" lon="12.0149340">
    <ele>2208.3</ele>
    <time>2026-10-02T12:22:57Z</time>
   </trkpt>
   <trkpt lat="46.5236590" lon="12.0149480">
    <ele>2208.4</ele>
    <time>2026-10-02T12:22:58Z</time>
   </trkpt>
   <trkpt lat="46.5236610" lon="12.0149650">
    <ele>2208.6</ele>
    <time>2026-10-02T12:22:59Z</time>
   </trkpt>
   <trkpt lat="46.5236630" lon="12.0149680">
    <ele>2208.6</ele>
    <time>2026-10-02T12:23:00Z</time>
   </trkpt>
   <trkpt lat="46.5236660" lon="12.0149840">
    <ele>2208.8</ele>
    <time>2026-10-02T12:23:01Z</time>
   </trkpt>
   <trkpt lat="46.5236730" lon="12.0149990">
    <ele>2208.9</ele>
    <time>2026-10-02T12:23:02Z</time>
   </trkpt>
   <trkpt lat="46.5236740" lon="12.0150070">
    <ele>2209.0</ele>
    <time>2026-10-02T12:23:03Z</time>
   </trkpt>
   <trkpt lat="46.5236810" lon="12.0150130">
    <ele>2209.1</ele>
    <time>2026-10-02T12:23:04Z</time>
   </trkpt>
   <trkpt lat="46.5236860" lon="12.0150210">
    <ele>2209.2</ele>
    <time>2026-10-02T12:23:05Z</time>
   </trkpt>
   <trkpt lat="46.5236940" lon="12.0150350">
    <ele>2209.4</ele>
    <time>2026-10-02T12:23:06Z</time>
   </trkpt>
   <trkpt lat="46.5237010" lon="12.0150410">
    <ele>2209.5</ele>
    <time>2026-10-02T12:23:07Z</time>
   </trkpt>
   <trkpt lat="46.5237100" lon="12.0150530">
    <ele>2209.6</ele>
    <time>2026-10-02T12:23:08Z</time>
   </trkpt>
   <trkpt lat="46.5237100" lon="12.0150660">
    <ele>2209.8</ele>
    <time>2026-10-02T12:23:09Z</time>
   </trkpt>
   <trkpt lat="46.5237170" lon="12.0150860">
    <ele>2210.0</ele>
    <time>2026-10-02T12:23:10Z</time>
   </trkpt>
   <trkpt lat="46.5237220" lon="12.0150970">
    <ele>2210.1</ele>
    <time>2026-10-02T12:23:11Z</time>
   </trkpt>
   <trkpt lat="46.5237270" lon="12.0151060">
    <ele>2210.2</ele>
    <time>2026-10-02T12:23:12Z</time>
   </trkpt>
   <trkpt lat="46.5237290" lon="12.0151190">
    <ele>2210.3</ele>
    <time>2026-10-02T12:23:13Z</time>
   </trkpt>
   <trkpt lat="46.5237360" lon="12.0151340">
    <ele>2210.5</ele>
    <time>2026-10-02T12:23:14Z</time>
   </trkpt>
   <trkpt lat="46.5237390" lon="12.0151520">
    <ele>2210.7</ele>
    <time>2026-10-02T12:23:15Z</time>
   </trkpt>
   <trkpt lat="46.5237460" lon="12.0151620">
    <ele>2210.8</ele>
    <time>2026-10-02T12:23:16Z</time>
   </trkpt>
   <trkpt lat="46.5237450" lon="12.0151740">
    <ele>2210.9</ele>
    <time>2026-10-02T12:23:17Z</time>
   </trkpt>
   <trkpt lat="46.5237550" lon="12.0151870">
    <ele>2211.1</ele>
    <time>2026-10-02T12:23:18Z</time>
   </trkpt>
   <trkpt lat="46.5237610" lon="12.0151990">
    <ele>2211.2</ele>
    <time>2026-10-02T12:23:19Z</time>
   </trkpt>
   <trkpt lat="46.5237630" lon="12.0152100">
    <ele>2211.3</ele>
    <time>2026-10-02T12:23:20Z</time>
   </trkpt>
   <trkpt lat="46.5237670" lon="12.0152220">
    <ele>2211.5</ele>
    <time>2026-10-02T12:23:21Z</time>
   </trkpt>
   <trkpt lat="46.5237710" lon="12.0152350">
    <ele>2211.6</ele>
    <time>2026-10-02T12:23:22Z</time>
   </trkpt>
   <trkpt lat="46.5237780" lon="12.0152510">
    <ele>2211.8</ele>
    <time>2026-10-02T12:23:23Z</time>
   </trkpt>
   <trkpt lat="46.5237840" lon="12.0152630">
    <ele>2211.9</ele>
    <time>2026-10-02T12:23:24Z</time>
   </trkpt>
   <trkpt lat="46.5237900" lon="12.0152730">
    <ele>2212.0</ele>
    <time>2026-10-02T12:23:25Z</time>
   </trkpt>
   <trkpt lat="46.5237950" lon="12.0152860">
    <ele>2212.2</ele>
    <time>2026-10-02T12:23:26Z</time>
   </trkpt>
   <trkpt lat="46.5237970" lon="12.0152970">
    <ele>2212.3</ele>
    <time>2026-10-02T12:23:27Z</time>
   </trkpt>
   <trkpt lat="46.5238030" lon="12.0153140">
    <ele>2212.4</ele>
    <time>2026-10-02T12:23:28Z</time>
   </trkpt>
   <trkpt lat="46.5238050" lon="12.0153250">
    <ele>2212.5</ele>
    <time>2026-10-02T12:23:29Z</time>
   </trkpt>
   <trkpt lat="46.5238060" lon="12.0153330">
    <ele>2212.6</ele>
    <time>2026-10-02T12:23:30Z</time>
   </trkpt>
   <trkpt lat="46.5238090" lon="12.0153440">
    <ele>2212.7</ele>
    <time>2026-10-02T12:23:31Z</time>
   </trkpt>
   <trkpt lat="46.5238130" lon="12.0153590">
    <ele>2212.9</ele>
    <time>2026-10-02T12:23:32Z</time>
   </trkpt>
   <trkpt lat="46.5238200" lon="12.0153690">
    <ele>2213.0</ele>
    <time>2026-10-02T12:23:33Z</time>
   </trkpt>
   <trkpt lat="46.5238240" lon="12.0153750">
    <ele>2213.1</ele>
    <time>2026-10-02T12:23:34Z</time>
   </trkpt>
   <trkpt lat="46.5238280" lon="12.0153840">
    <ele>2213.2</ele>
    <time>2026-10-02T12:23:35Z</time>
   </trkpt>
   <trkpt lat="46.5238270" lon="12.0154030">
    <ele>2213.4</ele>
    <time>2026-10-02T12:23:36Z</time>
   </trkpt>
   <trkpt lat="46.5238360" lon="12.0154200">
    <ele>2213.6</ele>
    <time>2026-10-02T12:23:37Z</time>
   </trkpt>
   <trkpt lat="46.5238390" lon="12.0154330">
    <ele>2213.7</ele>
    <time>2026-10-02T12:23:38Z</time>
   </trkpt>
   <trkpt lat="46.5238460" lon="12.0154450">
    <ele>2213.8</ele>
    <time>2026-10-02T12:23:39Z</time>
   </trkpt>
   <trkpt lat="46.5238460" lon="12.0154560">
    <ele>2213.9</ele>
    <time>2026-10-02T12:23:40Z</time>
   </trkpt>
   <trkpt lat="46.5238490" lon="12.0154710">
    <ele>2214.1</ele>
    <time>2026-10-02T12:23:41Z</time>
   </trkpt>
   <trkpt lat="46.5238540" lon="12.0154830">
    <ele>2214.2</ele>
    <time>2026-10-02T12:23:42Z</time>
   </trkpt>
   <trkpt lat="46.5238620" lon="12.0154940">
    <ele>2214.4</ele>
    <time>2026-10-02T12:23:43Z</time>
   </trkpt>
   <trkpt lat="46.5238650" lon="12.0155060">
    <ele>2214.5</ele>
    <time>2026-10-02T12:23:44Z</time>
   </trkpt>
   <trkpt lat="46.5238670" lon="12.0155240">
    <ele>2214.7</ele>
    <time>2026-10-02T12:23:45Z</time>
   </trkpt>
   <trkpt lat="46.5238740" lon="12.0155280">
    <ele>2214.8</ele>
    <time>2026-10-02T12:23:46Z</time>
   </trkpt>
   <trkpt lat="46.5238810" lon="12.0155380">
    <ele>2214.9</ele>
    <time>2026-10-02T12:23:47Z</time>
   </trkpt>
   <trkpt lat="46.5238890" lon="12.0155510">
    <ele>2215.0</ele>
    <time>2026-10-02T12:23:48Z</time>
   </trkpt>
   <trkpt lat="46.5238960" lon="12.0155600">
    <ele>2215.2</ele>
    <time>2026-10-02T12:23:49Z</time>
   </trkpt>
   <trkpt lat="46.5238990" lon="12.0155700">
    <ele>2215.3</ele>
    <time>2026-10-02T12:23:50Z</time>
   </trkpt>
   <trkpt lat="46.5239050" lon="12.0155790">
    <ele>2215.4</ele>
    <time>2026-10-02T12:23:51Z</time>
   </trkpt>
   <trkpt lat="46.5239170" lon="12.0155850">
    <ele>2215.6</ele>
    <time>2026-10-02T12:23:52Z</time>
   </trkpt>
   <trkpt lat="46.5239250" lon="12.0155930">
    <ele>2215.7</ele>
    <time>2026-10-02T12:23:53Z</time>
   </trkpt>
   <trkpt lat="46.5239280" lon="12.0156010">
    <ele>2215.8</ele>
    <time>2026-10-02T12:23:54Z</time>
   </trkpt>
   <trkpt lat="46.5239350" lon="12.0156050">
    <ele>2215.9</ele>
    <time>2026-10-02T12:23:55Z</time>
   </trkpt>
   <trkpt lat="46.5239480" lon="12.0156010">
    <ele>2216.1</ele>
    <time>2026-10-02T12:23:56Z</time>
   </trkpt>
   <trkpt lat="46.5239520" lon="12.0155870">
    <ele>2216.2</ele>
    <time>2026-10-02T12:23:57Z</time>
   </trkpt>
   <trkpt lat="46.5239480" lon="12.0155930">
    <ele>2216.3</ele>
    <time>2026-10-02T12:23:58Z</time>
   </trkpt>
   <trkpt lat="46.5239470" lon="12.0155930">
    <ele>2216.3</ele>
    <time>2026-10-02T12:23:59Z</time>
   </trkpt>
   <trkpt lat="46.5239470" lon="12.0155930">
    <ele>2216.3</ele>
    <time>2026-10-02T12:24:00Z</time>
   </trkpt>
   <trkpt lat="46.5239470" lon="12.0155930">
    <ele>2216.3</ele>
    <time>2026-10-02T12:24:01Z</time>
   </trkpt>
   <trkpt lat="46.5239420" lon="12.0155910">
    <ele>2216.4</ele>
    <time>2026-10-02T12:24:02Z</time>
   </trkpt>
   <trkpt lat="46.5239400" lon="12.0155920">
    <ele>2216.4</ele>
    <time>2026-10-02T12:24:03Z</time>
   </trkpt>
   <trkpt lat="46.5239370" lon="12.0155980">
    <ele>2216.5</ele>
    <time>2026-10-02T12:24:04Z</time>
   </trkpt>
   <trkpt lat="46.5239400" lon="12.0156090">
    <ele>2216.6</ele>
    <time>2026-10-02T12:24:05Z</time>
   </trkpt>
   <trkpt lat="46.5239410" lon="12.0156210">
    <ele>2216.8</ele>
    <time>2026-10-02T12:24:06Z</time>
   </trkpt>
   <trkpt lat="46.5239340" lon="12.0156260">
    <ele>2216.9</ele>
    <time>2026-10-02T12:24:07Z</time>
   </trkpt>
   <trkpt lat="46.5239330" lon="12.0156370">
    <ele>2217.0</ele>
    <time>2026-10-02T12:24:08Z</time>
   </trkpt>
   <trkpt lat="46.5239350" lon="12.0156530">
    <ele>2217.1</ele>
    <time>2026-10-02T12:24:09Z</time>
   </trkpt>
   <trkpt lat="46.5239360" lon="12.0156610">
    <ele>2217.2</ele>
    <time>2026-10-02T12:24:10Z</time>
   </trkpt>
   <trkpt lat="46.5239410" lon="12.0156740">
    <ele>2217.4</ele>
    <time>2026-10-02T12:24:11Z</time>
   </trkpt>
   <trkpt lat="46.5239470" lon="12.0156850">
    <ele>2217.5</ele>
    <time>2026-10-02T12:24:12Z</time>
   </trkpt>
   <trkpt lat="46.5239450" lon="12.0156880">
    <ele>2217.6</ele>
    <time>2026-10-02T12:24:13Z</time>
   </trkpt>
   <trkpt lat="46.5239520" lon="12.0156900">
    <ele>2217.7</ele>
    <time>2026-10-02T12:24:14Z</time>
   </trkpt>
   <trkpt lat="46.5239600" lon="12.0157010">
    <ele>2217.9</ele>
    <time>2026-10-02T12:24:15Z</time>
   </trkpt>
   <trkpt lat="46.5239650" lon="12.0157100">
    <ele>2218.0</ele>
    <time>2026-10-02T12:24:16Z</time>
   </trkpt>
   <trkpt lat="46.5239700" lon="12.0157130">
    <ele>2218.1</ele>
    <time>2026-10-02T12:24:17Z</time>
   </trkpt>
   <trkpt lat="46.5239750" lon="12.0157240">
    <ele>2218.2</ele>
    <time>2026-10-02T12:24:18Z</time>
   </trkpt>
   <trkpt lat="46.5239860" lon="12.0157320">
    <ele>2218.4</ele>
    <time>2026-10-02T12:24:19Z</time>
   </trkpt>
   <trkpt lat="46.5239920" lon="12.0157440">
    <ele>2218.6</ele>
    <time>2026-10-02T12:24:20Z</time>
   </trkpt>
   <trkpt lat="46.5239970" lon="12.0157580">
    <ele>2218.8</ele>
    <time>2026-10-02T12:24:21Z</time>
   </trkpt>
   <trkpt lat="46.5240030" lon="12.0157650">
    <ele>2218.9</ele>
    <time>2026-10-02T12:24:22Z</time>
   </trkpt>
   <trkpt lat="46.5240060" lon="12.0157710">
    <ele>2219.0</ele>
    <time>2026-10-02T12:24:23Z</time>
   </trkpt>
   <trkpt lat="46.5240120" lon="12.0157800">
    <ele>2219.2</ele>
    <time>2026-10-02T12:24:24Z</time>
   </trkpt>
   <trkpt lat="46.5240170" lon="12.0157890">
    <ele>2219.3</ele>
    <time>2026-10-02T12:24:25Z</time>
   </trkpt>
   <trkpt lat="46.5240240" lon="12.0157990">
    <ele>2219.5</ele>
    <time>2026-10-02T12:24:26Z</time>
   </trkpt>
   <trkpt lat="46.5240290" lon="12.0158050">
    <ele>2219.6</ele>
    <time>2026-10-02T12:24:27Z</time>
   </trkpt>
   <trkpt lat="46.5240370" lon="12.0158080">
    <ele>2219.7</ele>
    <time>2026-10-02T12:24:28Z</time>
   </trkpt>
   <trkpt lat="46.5240470" lon="12.0158150">
    <ele>2219.9</ele>
    <time>2026-10-02T12:24:29Z</time>
   </trkpt>
   <trkpt lat="46.5240480" lon="12.0158250">
    <ele>2220.1</ele>
    <time>2026-10-02T12:24:30Z</time>
   </trkpt>
   <trkpt lat="46.5240510" lon="12.0158350">
    <ele>2220.2</ele>
    <time>2026-10-02T12:24:31Z</time>
   </trkpt>
   <trkpt lat="46.5240600" lon="12.0158450">
    <ele>2220.4</ele>
    <time>2026-10-02T12:24:32Z</time>
   </trkpt>
   <trkpt lat="46.5240730" lon="12.0158450">
    <ele>2220.7</ele>
    <time>2026-10-02T12:24:33Z</time>
   </trkpt>
   <trkpt lat="46.5240760" lon="12.0158520">
    <ele>2220.8</ele>
    <time>2026-10-02T12:24:34Z</time>
   </trkpt>
   <trkpt lat="46.5240730" lon="12.0158460">
    <ele>2220.9</ele>
    <time>2026-10-02T12:24:35Z</time>
   </trkpt>
   <trkpt lat="46.5240800" lon="12.0158500">
    <ele>2221.0</ele>
    <time>2026-10-02T12:24:36Z</time>
   </trkpt>
   <trkpt lat="46.5240970" lon="12.0158560">
    <ele>2221.3</ele>
    <time>2026-10-02T12:24:37Z</time>
   </trkpt>
   <trkpt lat="46.5240810" lon="12.0158470">
    <ele>2221.6</ele>
    <time>2026-10-02T12:24:38Z</time>
   </trkpt>
   <trkpt lat="46.5240930" lon="12.0158580">
    <ele>2221.9</ele>
    <time>2026-10-02T12:24:39Z</time>
   </trkpt>
   <trkpt lat="46.5241040" lon="12.0158660">
    <ele>2222.1</ele>
    <time>2026-10-02T12:24:40Z</time>
   </trkpt>
   <trkpt lat="46.5241070" lon="12.0158640">
    <ele>2222.2</ele>
    <time>2026-10-02T12:24:41Z</time>
   </trkpt>
   <trkpt lat="46.5241170" lon="12.0158600">
    <ele>2222.4</ele>
    <time>2026-10-02T12:24:42Z</time>
   </trkpt>
   <trkpt lat="46.5241240" lon="12.0158700">
    <ele>2222.6</ele>
    <time>2026-10-02T12:24:43Z</time>
   </trkpt>
   <trkpt lat="46.5241320" lon="12.0158790">
    <ele>2222.8</ele>
    <time>2026-10-02T12:24:44Z</time>
   </trkpt>
   <trkpt lat="46.5241360" lon="12.0158810">
    <ele>2222.9</ele>
    <time>2026-10-02T12:24:45Z</time>
   </trkpt>
   <trkpt lat="46.5241460" lon="12.0158810">
    <ele>2223.1</ele>
    <time>2026-10-02T12:24:46Z</time>
   </trkpt>
   <trkpt lat="46.5241610" lon="12.0158850">
    <ele>2223.4</ele>
    <time>2026-10-02T12:24:47Z</time>
   </trkpt>
   <trkpt lat="46.5241740" lon="12.0158910">
    <ele>2223.6</ele>
    <time>2026-10-02T12:24:48Z</time>
   </trkpt>
   <trkpt lat="46.5241830" lon="12.0158930">
    <ele>2223.8</ele>
    <time>2026-10-02T12:24:49Z</time>
   </trkpt>
   <trkpt lat="46.5241870" lon="12.0158980">
    <ele>2223.9</ele>
    <time>2026-10-02T12:24:50Z</time>
   </trkpt>
   <trkpt lat="46.5241960" lon="12.0159020">
    <ele>2224.1</ele>
    <time>2026-10-02T12:24:51Z</time>
   </trkpt>
   <trkpt lat="46.5241940" lon="12.0159130">
    <ele>2224.3</ele>
    <time>2026-10-02T12:24:52Z</time>
   </trkpt>
   <trkpt lat="46.5242030" lon="12.0159170">
    <ele>2224.4</ele>
    <time>2026-10-02T12:24:53Z</time>
   </trkpt>
   <trkpt lat="46.5242110" lon="12.0159200">
    <ele>2224.6</ele>
    <time>2026-10-02T12:24:54Z</time>
   </trkpt>
   <trkpt lat="46.5242210" lon="12.0159280">
    <ele>2224.8</ele>
    <time>2026-10-02T12:24:55Z</time>
   </trkpt>
   <trkpt lat="46.5242270" lon="12.0159350">
    <ele>2225.0</ele>
    <time>2026-10-02T12:24:56Z</time>
   </trkpt>
   <trkpt lat="46.5242230" lon="12.0159380">
    <ele>2225.1</ele>
    <time>2026-10-02T12:24:57Z</time>
   </trkpt>
   <trkpt lat="46.5242330" lon="12.0159440">
    <ele>2225.3</ele>
    <time>2026-10-02T12:24:58Z</time>
   </trkpt>
   <trkpt lat="46.5242360" lon="12.0159500">
    <ele>2225.4</ele>
    <time>2026-10-02T12:24:59Z</time>
   </trkpt>
   <trkpt lat="46.5242380" lon="12.0159540">
    <ele>2225.5</ele>
    <time>2026-10-02T12:25:00Z</time>
   </trkpt>
   <trkpt lat="46.5242390" lon="12.0159590">
    <ele>2225.6</ele>
    <time>2026-10-02T12:25:01Z</time>
   </trkpt>
   <trkpt lat="46.5242480" lon="12.0159680">
    <ele>2225.8</ele>
    <time>2026-10-02T12:25:02Z</time>
   </trkpt>
   <trkpt lat="46.5242480" lon="12.0159740">
    <ele>2225.9</ele>
    <time>2026-10-02T12:25:03Z</time>
   </trkpt>
   <trkpt lat="46.5242550" lon="12.0159840">
    <ele>2226.1</ele>
    <time>2026-10-02T12:25:04Z</time>
   </trkpt>
   <trkpt lat="46.5242650" lon="12.0159920">
    <ele>2226.3</ele>
    <time>2026-10-02T12:25:05Z</time>
   </trkpt>
   <trkpt lat="46.5242730" lon="12.0159940">
    <ele>2226.5</ele>
    <time>2026-10-02T12:25:06Z</time>
   </trkpt>
   <trkpt lat="46.5242780" lon="12.0159990">
    <ele>2226.6</ele>
    <time>2026-10-02T12:25:07Z</time>
   </trkpt>
   <trkpt lat="46.5242940" lon="12.0160130">
    <ele>2227.0</ele>
    <time>2026-10-02T12:25:08Z</time>
   </trkpt>
   <trkpt lat="46.5242920" lon="12.0160230">
    <ele>2227.2</ele>
    <time>2026-10-02T12:25:09Z</time>
   </trkpt>
   <trkpt lat="46.5242960" lon="12.0160250">
    <ele>2227.2</ele>
    <time>2026-10-02T12:25:10Z</time>
   </trkpt>
   <trkpt lat="46.5243030" lon="12.0160330">
    <ele>2227.4</ele>
    <time>2026-10-02T12:25:11Z</time>
   </trkpt>
   <trkpt lat="46.5243060" lon="12.0160370">
    <ele>2227.5</ele>
    <time>2026-10-02T12:25:12Z</time>
   </trkpt>
   <trkpt lat="46.5243070" lon="12.0160410">
    <ele>2227.6</ele>
    <time>2026-10-02T12:25:13Z</time>
   </trkpt>
   <trkpt lat="46.5243090" lon="12.0160460">
    <ele>2227.7</ele>
    <time>2026-10-02T12:25:14Z</time>
   </trkpt>
   <trkpt lat="46.5243040" lon="12.0160470">
    <ele>2227.8</ele>
    <time>2026-10-02T12:25:15Z</time>
   </trkpt>
   <trkpt lat="46.5243090" lon="12.0160570">
    <ele>2227.9</ele>
    <time>2026-10-02T12:25:16Z</time>
   </trkpt>
   <trkpt lat="46.5243230" lon="12.0160600">
    <ele>2228.2</ele>
    <time>2026-10-02T12:25:17Z</time>
   </trkpt>
   <trkpt lat="46.5243250" lon="12.0160580">
    <ele>2228.3</ele>
    <time>2026-10-02T12:25:18Z</time>
   </trkpt>
   <trkpt lat="46.5243240" lon="12.0160560">
    <ele>2228.3</ele>
    <time>2026-10-02T12:25:19Z</time>
   </trkpt>
   <trkpt lat="46.5243230" lon="12.0160550">
    <ele>2228.4</ele>
    <time>2026-10-02T12:25:20Z</time>
   </trkpt>
   <trkpt lat="46.5243250" lon="12.0160520">
    <ele>2228.4</ele>
    <time>2026-10-02T12:25:21Z</time>
   </trkpt>
   <trkpt lat="46.5243290" lon="12.0160660">
    <ele>2228.7</ele>
    <time>2026-10-02T12:25:22Z</time>
   </trkpt>
   <trkpt lat="46.5243360" lon="12.0160670">
    <ele>2228.8</ele>
    <time>2026-10-02T12:25:23Z</time>
   </trkpt>
   <trkpt lat="46.5243380" lon="12.0160650">
    <ele>2228.9</ele>
    <time>2026-10-02T12:25:24Z</time>
   </trkpt>
   <trkpt lat="46.5243440" lon="12.0160750">
    <ele>2229.1</ele>
    <time>2026-10-02T12:25:25Z</time>
   </trkpt>
   <trkpt lat="46.5243500" lon="12.0160650">
    <ele>2229.3</ele>
    <time>2026-10-02T12:25:26Z</time>
   </trkpt>
   <trkpt lat="46.5243520" lon="12.0160770">
    <ele>2229.5</ele>
    <time>2026-10-02T12:25:27Z</time>
   </trkpt>
   <trkpt lat="46.5243590" lon="12.0160760">
    <ele>2229.6</ele>
    <time>2026-10-02T12:25:28Z</time>
   </trkpt>
   <trkpt lat="46.5243630" lon="12.0160790">
    <ele>2229.7</ele>
    <time>2026-10-02T12:25:29Z</time>
   </trkpt>
   <trkpt lat="46.5243670" lon="12.0160860">
    <ele>2229.9</ele>
    <time>2026-10-02T12:25:30Z</time>
   </trkpt>
   <trkpt lat="46.5243690" lon="12.0161100">
    <ele>2230.3</ele>
    <time>2026-10-02T12:25:31Z</time>
   </trkpt>
   <trkpt lat="46.5243710" lon="12.0161110">
    <ele>2230.3</ele>
    <time>2026-10-02T12:25:32Z</time>
   </trkpt>
   <trkpt lat="46.5243780" lon="12.0161140">
    <ele>2230.5</ele>
    <time>2026-10-02T12:25:33Z</time>
   </trkpt>
   <trkpt lat="46.5243830" lon="12.0161230">
    <ele>2230.7</ele>
    <time>2026-10-02T12:25:34Z</time>
   </trkpt>
   <trkpt lat="46.5243920" lon="12.0161350">
    <ele>2230.9</ele>
    <time>2026-10-02T12:25:35Z</time>
   </trkpt>
   <trkpt lat="46.5243980" lon="12.0161300">
    <ele>2231.1</ele>
    <time>2026-10-02T12:25:36Z</time>
   </trkpt>
   <trkpt lat="46.5244110" lon="12.0161220">
    <ele>2231.4</ele>
    <time>2026-10-02T12:25:37Z</time>
   </trkpt>
   <trkpt lat="46.5244170" lon="12.0161240">
    <ele>2231.6</ele>
    <time>2026-10-02T12:25:38Z</time>
   </trkpt>
   <trkpt lat="46.5244220" lon="12.0161400">
    <ele>2231.9</ele>
    <time>2026-10-02T12:25:39Z</time>
   </trkpt>
   <trkpt lat="46.5244270" lon="12.0161600">
    <ele>2232.2</ele>
    <time>2026-10-02T12:25:40Z</time>
   </trkpt>
   <trkpt lat="46.5244320" lon="12.0161650">
    <ele>2232.3</ele>
    <time>2026-10-02T12:25:41Z</time>
   </trkpt>
   <trkpt lat="46.5244300" lon="12.0161720">
    <ele>2232.5</ele>
    <time>2026-10-02T12:25:42Z</time>
   </trkpt>
   <trkpt lat="46.5244300" lon="12.0161730">
    <ele>2232.5</ele>
    <time>2026-10-02T12:25:43Z</time>
   </trkpt>
   <trkpt lat="46.5244350" lon="12.0161740">
    <ele>2232.6</ele>
    <time>2026-10-02T12:25:44Z</time>
   </trkpt>
   <trkpt lat="46.5244410" lon="12.0161700">
    <ele>2232.8</ele>
    <time>2026-10-02T12:25:45Z</time>
   </trkpt>
   <trkpt lat="46.5244480" lon="12.0161770">
    <ele>2233.0</ele>
    <time>2026-10-02T12:25:46Z</time>
   </trkpt>
   <trkpt lat="46.5244490" lon="12.0161780">
    <ele>2233.0</ele>
    <time>2026-10-02T12:25:47Z</time>
   </trkpt>
   <trkpt lat="46.5244470" lon="12.0161740">
    <ele>2233.1</ele>
    <time>2026-10-02T12:25:48Z</time>
   </trkpt>
   <trkpt lat="46.5244470" lon="12.0161740">
    <ele>2233.1</ele>
    <time>2026-10-02T12:25:49Z</time>
   </trkpt>
   <trkpt lat="46.5244500" lon="12.0161770">
    <ele>2233.2</ele>
    <time>2026-10-02T12:25:50Z</time>
   </trkpt>
   <trkpt lat="46.5244620" lon="12.0161840">
    <ele>2233.5</ele>
    <time>2026-10-02T12:25:51Z</time>
   </trkpt>
   <trkpt lat="46.5244630" lon="12.0161810">
    <ele>2233.5</ele>
    <time>2026-10-02T12:25:52Z</time>
   </trkpt>
   <trkpt lat="46.5244650" lon="12.0161920">
    <ele>2233.7</ele>
    <time>2026-10-02T12:25:53Z</time>
   </trkpt>
   <trkpt lat="46.5244770" lon="12.0162000">
    <ele>2234.0</ele>
    <time>2026-10-02T12:25:54Z</time>
   </trkpt>
   <trkpt lat="46.5244790" lon="12.0161930">
    <ele>2234.1</ele>
    <time>2026-10-02T12:25:55Z</time>
   </trkpt>
   <trkpt lat="46.5244860" lon="12.0161950">
    <ele>2234.3</ele>
    <time>2026-10-02T12:25:56Z</time>
   </trkpt>
   <trkpt lat="46.5244870" lon="12.0161920">
    <ele>2234.4</ele>
    <time>2026-10-02T12:25:57Z</time>
   </trkpt>
   <trkpt lat="46.5244880" lon="12.0161880">
    <ele>2234.4</ele>
    <time>2026-10-02T12:25:58Z</time>
   </trkpt>
   <trkpt lat="46.5244990" lon="12.0161780">
    <ele>2234.7</ele>
    <time>2026-10-02T12:25:59Z</time>
   </trkpt>
   <trkpt lat="46.5244990" lon="12.0161740">
    <ele>2234.8</ele>
    <time>2026-10-02T12:26:00Z</time>
   </trkpt>
   <trkpt lat="46.5245050" lon="12.0161780">
    <ele>2235.0</ele>
    <time>2026-10-02T12:26:01Z</time>
   </trkpt>
   <trkpt lat="46.5245060" lon="12.0161850">
    <ele>2235.1</ele>
    <time>2026-10-02T12:26:02Z</time>
   </trkpt>
   <trkpt lat="46.5245190" lon="12.0161950">
    <ele>2235.4</ele>
    <time>2026-10-02T12:26:03Z</time>
   </trkpt>
   <trkpt lat="46.5245230" lon="12.0161970">
    <ele>2235.5</ele>
    <time>2026-10-02T12:26:04Z</time>
   </trkpt>
   <trkpt lat="46.5245280" lon="12.0162020">
    <ele>2235.7</ele>
    <time>2026-10-02T12:26:05Z</time>
   </trkpt>
   <trkpt lat="46.5245310" lon="12.0162040">
    <ele>2235.8</ele>
    <time>2026-10-02T12:26:06Z</time>
   </trkpt>
   <trkpt lat="46.5245340" lon="12.0162080">
    <ele>2235.9</ele>
    <time>2026-10-02T12:26:07Z</time>
   </trkpt>
   <trkpt lat="46.5245300" lon="12.0162000">
    <ele>2236.0</ele>
    <time>2026-10-02T12:26:08Z</time>
   </trkpt>
   <trkpt lat="46.5245300" lon="12.0161980">
    <ele>2236.0</ele>
    <time>2026-10-02T12:26:09Z</time>
   </trkpt>
   <trkpt lat="46.5245350" lon="12.0162010">
    <ele>2236.2</ele>
    <time>2026-10-02T12:26:10Z</time>
   </trkpt>
   <trkpt lat="46.5245350" lon="12.0162010">
    <ele>2236.2</ele>
    <time>2026-10-02T12:26:11Z</time>
   </trkpt>
   <trkpt lat="46.5245410" lon="12.0162010">
    <ele>2236.3</ele>
    <time>2026-10-02T12:26:12Z</time>
   </trkpt>
   <trkpt lat="46.5245440" lon="12.0162050">
    <ele>2236.4</ele>
    <time>2026-10-02T12:26:13Z</time>
   </trkpt>
   <trkpt lat="46.5245510" lon="12.0162150">
    <ele>2236.6</ele>
    <time>2026-10-02T12:26:14Z</time>
   </trkpt>
   <trkpt lat="46.5245570" lon="12.0162120">
    <ele>2236.8</ele>
    <time>2026-10-02T12:26:15Z</time>
   </trkpt>
   <trkpt lat="46.5245640" lon="12.0162170">
    <ele>2237.0</ele>
    <time>2026-10-02T12:26:16Z</time>
   </trkpt>
   <trkpt lat="46.5245690" lon="12.0162220">
    <ele>2237.1</ele>
    <time>2026-10-02T12:26:17Z</time>
   </trkpt>
   <trkpt lat="46.5245710" lon="12.0162260">
    <ele>2237.2</ele>
    <time>2026-10-02T12:26:18Z</time>
   </trkpt>
   <trkpt lat="46.5245780" lon="12.0162280">
    <ele>2237.4</ele>
    <time>2026-10-02T12:26:19Z</time>
   </trkpt>
   <trkpt lat="46.5245810" lon="12.0162300">
    <ele>2237.5</ele>
    <time>2026-10-02T12:26:20Z</time>
   </trkpt>
   <trkpt lat="46.5245860" lon="12.0162320">
    <ele>2237.6</ele>
    <time>2026-10-02T12:26:21Z</time>
   </trkpt>
   <trkpt lat="46.5245950" lon="12.0162350">
    <ele>2237.8</ele>
    <time>2026-10-02T12:26:22Z</time>
   </trkpt>
   <trkpt lat="46.5246030" lon="12.0162460">
    <ele>2238.1</ele>
    <time>2026-10-02T12:26:23Z</time>
   </trkpt>
   <trkpt lat="46.5246070" lon="12.0162500">
    <ele>2238.2</ele>
    <time>2026-10-02T12:26:24Z</time>
   </trkpt>
   <trkpt lat="46.5246120" lon="12.0162500">
    <ele>2238.3</ele>
    <time>2026-10-02T12:26:25Z</time>
   </trkpt>
   <trkpt lat="46.5246200" lon="12.0162510">
    <ele>2238.5</ele>
    <time>2026-10-02T12:26:26Z</time>
   </trkpt>
   <trkpt lat="46.5246240" lon="12.0162480">
    <ele>2238.6</ele>
    <time>2026-10-02T12:26:27Z</time>
   </trkpt>
   <trkpt lat="46.5246260" lon="12.0162500">
    <ele>2238.6</ele>
    <time>2026-10-02T12:26:28Z</time>
   </trkpt>
   <trkpt lat="46.5246360" lon="12.0162560">
    <ele>2238.9</ele>
    <time>2026-10-02T12:26:29Z</time>
   </trkpt>
   <trkpt lat="46.5246360" lon="12.0162570">
    <ele>2238.9</ele>
    <time>2026-10-02T12:26:30Z</time>
   </trkpt>
   <trkpt lat="46.5246420" lon="12.0162650">
    <ele>2239.1</ele>
    <time>2026-10-02T12:26:31Z</time>
   </trkpt>
   <trkpt lat="46.5246440" lon="12.0162740">
    <ele>2239.3</ele>
    <time>2026-10-02T12:26:32Z</time>
   </trkpt>
   <trkpt lat="46.5246390" lon="12.0162680">
    <ele>2239.4</ele>
    <time>2026-10-02T12:26:33Z</time>
   </trkpt>
   <trkpt lat="46.5246410" lon="12.0162700">
    <ele>2239.5</ele>
    <time>2026-10-02T12:26:34Z</time>
   </trkpt>
   <trkpt lat="46.5246430" lon="12.0162720">
    <ele>2239.6</ele>
    <time>2026-10-02T12:26:35Z</time>
   </trkpt>
   <trkpt lat="46.5246440" lon="12.0162760">
    <ele>2239.6</ele>
    <time>2026-10-02T12:26:36Z</time>
   </trkpt>
   <trkpt lat="46.5246440" lon="12.0162760">
    <ele>2239.6</ele>
    <time>2026-10-02T12:26:37Z</time>
   </trkpt>
   <trkpt lat="46.5246440" lon="12.0162760">
    <ele>2239.6</ele>
    <time>2026-10-02T12:26:38Z</time>
   </trkpt>
   <trkpt lat="46.5246440" lon="12.0162760">
    <ele>2239.6</ele>
    <time>2026-10-02T12:26:39Z</time>
   </trkpt>
   <trkpt lat="46.5246460" lon="12.0162910">
    <ele>2239.9</ele>
    <time>2026-10-02T12:26:40Z</time>
   </trkpt>
   <trkpt lat="46.5246470" lon="12.0162810">
    <ele>2240.1</ele>
    <time>2026-10-02T12:26:41Z</time>
   </trkpt>
   <trkpt lat="46.5246530" lon="12.0162800">
    <ele>2240.2</ele>
    <time>2026-10-02T12:26:42Z</time>
   </trkpt>
   <trkpt lat="46.5246620" lon="12.0162720">
    <ele>2240.5</ele>
    <time>2026-10-02T12:26:43Z</time>
   </trkpt>
   <trkpt lat="46.5246630" lon="12.0162750">
    <ele>2240.5</ele>
    <time>2026-10-02T12:26:44Z</time>
   </trkpt>
   <trkpt lat="46.5246680" lon="12.0162750">
    <ele>2240.7</ele>
    <time>2026-10-02T12:26:45Z</time>
   </trkpt>
   <trkpt lat="46.5246700" lon="12.0162760">
    <ele>2240.7</ele>
    <time>2026-10-02T12:26:46Z</time>
   </trkpt>
   <trkpt lat="46.5246760" lon="12.0162800">
    <ele>2240.9</ele>
    <time>2026-10-02T12:26:47Z</time>
   </trkpt>
   <trkpt lat="46.5246820" lon="12.0162870">
    <ele>2241.1</ele>
    <time>2026-10-02T12:26:48Z</time>
   </trkpt>
   <trkpt lat="46.5246820" lon="12.0162890">
    <ele>2241.1</ele>
    <time>2026-10-02T12:26:49Z</time>
   </trkpt>
   <trkpt lat="46.5246860" lon="12.0162930">
    <ele>2241.2</ele>
    <time>2026-10-02T12:26:50Z</time>
   </trkpt>
   <trkpt lat="46.5247010" lon="12.0162970">
    <ele>2241.6</ele>
    <time>2026-10-02T12:26:51Z</time>
   </trkpt>
   <trkpt lat="46.5247010" lon="12.0163060">
    <ele>2241.8</ele>
    <time>2026-10-02T12:26:52Z</time>
   </trkpt>
   <trkpt lat="46.5247090" lon="12.0163120">
    <ele>2242.0</ele>
    <time>2026-10-02T12:26:53Z</time>
   </trkpt>
   <trkpt lat="46.5247130" lon="12.0163160">
    <ele>2242.1</ele>
    <time>2026-10-02T12:26:54Z</time>
   </trkpt>
   <trkpt lat="46.5247180" lon="12.0163170">
    <ele>2242.2</ele>
    <time>2026-10-02T12:26:55Z</time>
   </trkpt>
   <trkpt lat="46.5247260" lon="12.0163270">
    <ele>2242.5</ele>
    <time>2026-10-02T12:26:56Z</time>
   </trkpt>
   <trkpt lat="46.5247240" lon="12.0163270">
    <ele>2242.6</ele>
    <time>2026-10-02T12:26:57Z</time>
   </trkpt>
   <trkpt lat="46.5247330" lon="12.0163320">
    <ele>2242.8</ele>
    <time>2026-10-02T12:26:58Z</time>
   </trkpt>
   <trkpt lat="46.5247390" lon="12.0163430">
    <ele>2243.1</ele>
    <time>2026-10-02T12:26:59Z</time>
   </trkpt>
   <trkpt lat="46.5247430" lon="12.0163430">
    <ele>2243.2</ele>
    <time>2026-10-02T12:27:00Z</time>
   </trkpt>
   <trkpt lat="46.5247430" lon="12.0163520">
    <ele>2243.3</ele>
    <time>2026-10-02T12:27:01Z</time>
   </trkpt>
   <trkpt lat="46.5247440" lon="12.0163550">
    <ele>2243.4</ele>
    <time>2026-10-02T12:27:02Z</time>
   </trkpt>
   <trkpt lat="46.5247480" lon="12.0163590">
    <ele>2243.5</ele>
    <time>2026-10-02T12:27:03Z</time>
   </trkpt>
   <trkpt lat="46.5247560" lon="12.0163630">
    <ele>2243.7</ele>
    <time>2026-10-02T12:27:04Z</time>
   </trkpt>
   <trkpt lat="46.5247650" lon="12.0163680">
    <ele>2244.0</ele>
    <time>2026-10-02T12:27:05Z</time>
   </trkpt>
   <trkpt lat="46.5247670" lon="12.0163690">
    <ele>2244.0</ele>
    <time>2026-10-02T12:27:06Z</time>
   </trkpt>
   <trkpt lat="46.5247640" lon="12.0163700">
    <ele>2244.1</ele>
    <time>2026-10-02T12:27:07Z</time>
   </trkpt>
   <trkpt lat="46.5247780" lon="12.0163770">
    <ele>2244.5</ele>
    <time>2026-10-02T12:27:08Z</time>
   </trkpt>
   <trkpt lat="46.5247790" lon="12.0163780">
    <ele>2244.6</ele>
    <time>2026-10-02T12:27:09Z</time>
   </trkpt>
   <trkpt lat="46.5247890" lon="12.0163840">
    <ele>2244.9</ele>
    <time>2026-10-02T12:27:10Z</time>
   </trkpt>
   <trkpt lat="46.5247880" lon="12.0163900">
    <ele>2245.0</ele>
    <time>2026-10-02T12:27:11Z</time>
   </trkpt>
   <trkpt lat="46.5247970" lon="12.0163920">
    <ele>2245.2</ele>
    <time>2026-10-02T12:27:12Z</time>
   </trkpt>
   <trkpt lat="46.5248020" lon="12.0163960">
    <ele>2245.4</ele>
    <time>2026-10-02T12:27:13Z</time>
   </trkpt>
   <trkpt lat="46.5248070" lon="12.0163980">
    <ele>2245.5</ele>
    <time>2026-10-02T12:27:14Z</time>
   </trkpt>
   <trkpt lat="46.5248110" lon="12.0164030">
    <ele>2245.7</ele>
    <time>2026-10-02T12:27:15Z</time>
   </trkpt>
   <trkpt lat="46.5248160" lon="12.0164040">
    <ele>2245.8</ele>
    <time>2026-10-02T12:27:16Z</time>
   </trkpt>
   <trkpt lat="46.5248260" lon="12.0164090">
    <ele>2246.1</ele>
    <time>2026-10-02T12:27:17Z</time>
   </trkpt>
   <trkpt lat="46.5248340" lon="12.0164170">
    <ele>2246.4</ele>
    <time>2026-10-02T12:27:18Z</time>
   </trkpt>
   <trkpt lat="46.5248380" lon="12.0164210">
    <ele>2246.5</ele>
    <time>2026-10-02T12:27:19Z</time>
   </trkpt>
   <trkpt lat="46.5248390" lon="12.0164240">
    <ele>2246.6</ele>
    <time>2026-10-02T12:27:20Z</time>
   </trkpt>
   <trkpt lat="46.5248400" lon="12.0164220">
    <ele>2246.6</ele>
    <time>2026-10-02T12:27:21Z</time>
   </trkpt>
   <trkpt lat="46.5248470" lon="12.0164300">
    <ele>2246.8</ele>
    <time>2026-10-02T12:27:22Z</time>
   </trkpt>
   <trkpt lat="46.5248530" lon="12.0164340">
    <ele>2247.0</ele>
    <time>2026-10-02T12:27:23Z</time>
   </trkpt>
   <trkpt lat="46.5248520" lon="12.0164340">
    <ele>2247.1</ele>
    <time>2026-10-02T12:27:24Z</time>
   </trkpt>
   <trkpt lat="46.5248530" lon="12.0164400">
    <ele>2247.2</ele>
    <time>2026-10-02T12:27:25Z</time>
   </trkpt>
   <trkpt lat="46.5248550" lon="12.0164440">
    <ele>2247.3</ele>
    <time>2026-10-02T12:27:26Z</time>
   </trkpt>
   <trkpt lat="46.5248620" lon="12.0164490">
    <ele>2247.5</ele>
    <time>2026-10-02T12:27:27Z</time>
   </trkpt>
   <trkpt lat="46.5248670" lon="12.0164560">
    <ele>2247.7</ele>
    <time>2026-10-02T12:27:28Z</time>
   </trkpt>
   <trkpt lat="46.5248740" lon="12.0164660">
    <ele>2247.9</ele>
    <time>2026-10-02T12:27:29Z</time>
   </trkpt>
   <trkpt lat="46.5248750" lon="12.0164620">
    <ele>2248.0</ele>
    <time>2026-10-02T12:27:30Z</time>
   </trkpt>
   <trkpt lat="46.5248870" lon="12.0164710">
    <ele>2248.4</ele>
    <time>2026-10-02T12:27:31Z</time>
   </trkpt>
   <trkpt lat="46.5248880" lon="12.0164720">
    <ele>2248.4</ele>
    <time>2026-10-02T12:27:32Z</time>
   </trkpt>
   <trkpt lat="46.5248870" lon="12.0164760">
    <ele>2248.5</ele>
    <time>2026-10-02T12:27:33Z</time>
   </trkpt>
   <trkpt lat="46.5248890" lon="12.0164780">
    <ele>2248.6</ele>
    <time>2026-10-02T12:27:34Z</time>
   </trkpt>
   <trkpt lat="46.5248900" lon="12.0164800">
    <ele>2248.6</ele>
    <time>2026-10-02T12:27:35Z</time>
   </trkpt>
   <trkpt lat="46.5248990" lon="12.0164840">
    <ele>2248.9</ele>
    <time>2026-10-02T12:27:36Z</time>
   </trkpt>
   <trkpt lat="46.5249010" lon="12.0164850">
    <ele>2249.0</ele>
    <time>2026-10-02T12:27:37Z</time>
   </trkpt>
   <trkpt lat="46.5249060" lon="12.0164930">
    <ele>2249.2</ele>
    <time>2026-10-02T12:27:38Z</time>
   </trkpt>
   <trkpt lat="46.5249030" lon="12.0164980">
    <ele>2249.3</ele>
    <time>2026-10-02T12:27:39Z</time>
   </trkpt>
   <trkpt lat="46.5249070" lon="12.0165020">
    <ele>2249.4</ele>
    <time>2026-10-02T12:27:40Z</time>
   </trkpt>
   <trkpt lat="46.5249130" lon="12.0165100">
    <ele>2249.7</ele>
    <time>2026-10-02T12:27:41Z</time>
   </trkpt>
   <trkpt lat="46.5249130" lon="12.0165070">
    <ele>2249.7</ele>
    <time>2026-10-02T12:27:42Z</time>
   </trkpt>
   <trkpt lat="46.5249110" lon="12.0165090">
    <ele>2249.8</ele>
    <time>2026-10-02T12:27:43Z</time>
   </trkpt>
   <trkpt lat="46.5249130" lon="12.0165130">
    <ele>2249.9</ele>
    <time>2026-10-02T12:27:44Z</time>
   </trkpt>
   <trkpt lat="46.5249120" lon="12.0165030">
    <ele>2250.1</ele>
    <time>2026-10-02T12:27:45Z</time>
   </trkpt>
   <trkpt lat="46.5249150" lon="12.0165010">
    <ele>2250.2</ele>
    <time>2026-10-02T12:27:46Z</time>
   </trkpt>
   <trkpt lat="46.5249200" lon="12.0165010">
    <ele>2250.3</ele>
    <time>2026-10-02T12:27:47Z</time>
   </trkpt>
   <trkpt lat="46.5249200" lon="12.0165010">
    <ele>2250.3</ele>
    <time>2026-10-02T12:27:48Z</time>
   </trkpt>
   <trkpt lat="46.5249240" lon="12.0164990">
    <ele>2250.4</ele>
    <time>2026-10-02T12:27:49Z</time>
   </trkpt>
   <trkpt lat="46.5249270" lon="12.0164960">
    <ele>2250.5</ele>
    <time>2026-10-02T12:27:50Z</time>
   </trkpt>
   <trkpt lat="46.5249220" lon="12.0165090">
    <ele>2250.8</ele>
    <time>2026-10-02T12:27:51Z</time>
   </trkpt>
   <trkpt lat="46.5249300" lon="12.0165110">
    <ele>2251.0</ele>
    <time>2026-10-02T12:27:52Z</time>
   </trkpt>
   <trkpt lat="46.5249280" lon="12.0165150">
    <ele>2251.1</ele>
    <time>2026-10-02T12:27:53Z</time>
   </trkpt>
   <trkpt lat="46.5249190" lon="12.0165330">
    <ele>2251.6</ele>
    <time>2026-10-02T12:27:54Z</time>
   </trkpt>
   <trkpt lat="46.5249260" lon="12.0165310">
    <ele>2251.8</ele>
    <time>2026-10-02T12:27:55Z</time>
   </trkpt>
   <trkpt lat="46.5249250" lon="12.0165310">
    <ele>2251.8</ele>
    <time>2026-10-02T12:27:56Z</time>
   </trkpt>
   <trkpt lat="46.5249280" lon="12.0165440">
    <ele>2252.1</ele>
    <time>2026-10-02T12:27:57Z</time>
   </trkpt>
   <trkpt lat="46.5249290" lon="12.0165400">
    <ele>2252.1</ele>
    <time>2026-10-02T12:27:58Z</time>
   </trkpt>
   <trkpt lat="46.5249340" lon="12.0165520">
    <ele>2252.4</ele>
    <time>2026-10-02T12:27:59Z</time>
   </trkpt>
   <trkpt lat="46.5249430" lon="12.0165610">
    <ele>2252.7</ele>
    <time>2026-10-02T12:28:00Z</time>
   </trkpt>
   <trkpt lat="46.5249430" lon="12.0165650">
    <ele>2252.8</ele>
    <time>2026-10-02T12:28:01Z</time>
   </trkpt>
   <trkpt lat="46.5249460" lon="12.0165710">
    <ele>2252.9</ele>
    <time>2026-10-02T12:28:02Z</time>
   </trkpt>
   <trkpt lat="46.5249530" lon="12.0165760">
    <ele>2253.2</ele>
    <time>2026-10-02T12:28:03Z</time>
   </trkpt>
   <trkpt lat="46.5249570" lon="12.0165820">
    <ele>2253.3</ele>
    <time>2026-10-02T12:28:04Z</time>
   </trkpt>
   <trkpt lat="46.5249620" lon="12.0165870">
    <ele>2253.5</ele>
    <time>2026-10-02T12:28:05Z</time>
   </trkpt>
   <trkpt lat="46.5249590" lon="12.0165910">
    <ele>2253.6</ele>
    <time>2026-10-02T12:28:06Z</time>
   </trkpt>
   <trkpt lat="46.5249580" lon="12.0165890">
    <ele>2253.7</ele>
    <time>2026-10-02T12:28:07Z</time>
   </trkpt>
   <trkpt lat="46.5249630" lon="12.0166020">
    <ele>2253.9</ele>
    <time>2026-10-02T12:28:08Z</time>
   </trkpt>
   <trkpt lat="46.5249640" lon="12.0166070">
    <ele>2254.0</ele>
    <time>2026-10-02T12:28:09Z</time>
   </trkpt>
   <trkpt lat="46.5249710" lon="12.0166230">
    <ele>2254.4</ele>
    <time>2026-10-02T12:28:10Z</time>
   </trkpt>
   <trkpt lat="46.5249760" lon="12.0166290">
    <ele>2254.6</ele>
    <time>2026-10-02T12:28:11Z</time>
   </trkpt>
   <trkpt lat="46.5249740" lon="12.0166290">
    <ele>2254.6</ele>
    <time>2026-10-02T12:28:12Z</time>
   </trkpt>
   <trkpt lat="46.5249780" lon="12.0166320">
    <ele>2254.8</ele>
    <time>2026-10-02T12:28:13Z</time>
   </trkpt>
   <trkpt lat="46.5249770" lon="12.0166450">
    <ele>2255.0</ele>
    <time>2026-10-02T12:28:14Z</time>
   </trkpt>
   <trkpt lat="46.5249760" lon="12.0166480">
    <ele>2255.1</ele>
    <time>2026-10-02T12:28:15Z</time>
   </trkpt>
   <trkpt lat="46.5249780" lon="12.0166530">
    <ele>2255.2</ele>
    <time>2026-10-02T12:28:16Z</time>
   </trkpt>
   <trkpt lat="46.5249860" lon="12.0166610">
    <ele>2255.4</ele>
    <time>2026-10-02T12:28:17Z</time>
   </trkpt>
   <trkpt lat="46.5249920" lon="12.0166680">
    <ele>2255.6</ele>
    <time>2026-10-02T12:28:18Z</time>
   </trkpt>
   <trkpt lat="46.5250030" lon="12.0166820">
    <ele>2256.0</ele>
    <time>2026-10-02T12:28:19Z</time>
   </trkpt>
   <trkpt lat="46.5250030" lon="12.0166890">
    <ele>2256.1</ele>
    <time>2026-10-02T12:28:20Z</time>
   </trkpt>
   <trkpt lat="46.5250020" lon="12.0166810">
    <ele>2256.3</ele>
    <time>2026-10-02T12:28:21Z</time>
   </trkpt>
   <trkpt lat="46.5250040" lon="12.0166890">
    <ele>2256.4</ele>
    <time>2026-10-02T12:28:22Z</time>
   </trkpt>
   <trkpt lat="46.5250040" lon="12.0166960">
    <ele>2256.6</ele>
    <time>2026-10-02T12:28:23Z</time>
   </trkpt>
   <trkpt lat="46.5250070" lon="12.0167050">
    <ele>2256.7</ele>
    <time>2026-10-02T12:28:24Z</time>
   </trkpt>
   <trkpt lat="46.5250150" lon="12.0167110">
    <ele>2257.0</ele>
    <time>2026-10-02T12:28:25Z</time>
   </trkpt>
   <trkpt lat="46.5250170" lon="12.0167180">
    <ele>2257.1</ele>
    <time>2026-10-02T12:28:26Z</time>
   </trkpt>
   <trkpt lat="46.5250180" lon="12.0167220">
    <ele>2257.2</ele>
    <time>2026-10-02T12:28:27Z</time>
   </trkpt>
   <trkpt lat="46.5250160" lon="12.0167290">
    <ele>2257.3</ele>
    <time>2026-10-02T12:28:28Z</time>
   </trkpt>
   <trkpt lat="46.5250140" lon="12.0167310">
    <ele>2257.4</ele>
    <time>2026-10-02T12:28:29Z</time>
   </trkpt>
   <trkpt lat="46.5250210" lon="12.0167450">
    <ele>2257.7</ele>
    <time>2026-10-02T12:28:30Z</time>
   </trkpt>
   <trkpt lat="46.5250230" lon="12.0167470">
    <ele>2257.8</ele>
    <time>2026-10-02T12:28:31Z</time>
   </trkpt>
   <trkpt lat="46.5250210" lon="12.0167540">
    <ele>2257.9</ele>
    <time>2026-10-02T12:28:32Z</time>
   </trkpt>
   <trkpt lat="46.5250160" lon="12.0167710">
    <ele>2258.2</ele>
    <time>2026-10-02T12:28:33Z</time>
   </trkpt>
   <trkpt lat="46.5250190" lon="12.0167770">
    <ele>2258.4</ele>
    <time>2026-10-02T12:28:34Z</time>
   </trkpt>
   <trkpt lat="46.5250170" lon="12.0167810">
    <ele>2258.5</ele>
    <time>2026-10-02T12:28:35Z</time>
   </trkpt>
   <trkpt lat="46.5250140" lon="12.0167880">
    <ele>2258.6</ele>
    <time>2026-10-02T12:28:36Z</time>
   </trkpt>
   <trkpt lat="46.5250170" lon="12.0167950">
    <ele>2258.7</ele>
    <time>2026-10-02T12:28:37Z</time>
   </trkpt>
   <trkpt lat="46.5250170" lon="12.0168030">
    <ele>2258.9</ele>
    <time>2026-10-02T12:28:38Z</time>
   </trkpt>
   <trkpt lat="46.5250200" lon="12.0168140">
    <ele>2259.1</ele>
    <time>2026-10-02T12:28:39Z</time>
   </trkpt>
   <trkpt lat="46.5250220" lon="12.0168170">
    <ele>2259.2</ele>
    <time>2026-10-02T12:28:40Z</time>
   </trkpt>
   <trkpt lat="46.5250230" lon="12.0168240">
    <ele>2259.3</ele>
    <time>2026-10-02T12:28:41Z</time>
   </trkpt>
   <trkpt lat="46.5250140" lon="12.0168390">
    <ele>2259.6</ele>
    <time>2026-10-02T12:28:42Z</time>
   </trkpt>
   <trkpt lat="46.5250150" lon="12.0168430">
    <ele>2259.7</ele>
    <time>2026-10-02T12:28:43Z</time>
   </trkpt>
   <trkpt lat="46.5250200" lon="12.0168390">
    <ele>2259.9</ele>
    <time>2026-10-02T12:28:44Z</time>
   </trkpt>
   <trkpt lat="46.5250170" lon="12.0168480">
    <ele>2260.0</ele>
    <time>2026-10-02T12:28:45Z</time>
   </trkpt>
   <trkpt lat="46.5250200" lon="12.0168560">
    <ele>2260.2</ele>
    <time>2026-10-02T12:28:46Z</time>
   </trkpt>
   <trkpt lat="46.5250120" lon="12.0168660">
    <ele>2260.5</ele>
    <time>2026-10-02T12:28:47Z</time>
   </trkpt>
   <trkpt lat="46.5250190" lon="12.0168730">
    <ele>2260.7</ele>
    <time>2026-10-02T12:28:48Z</time>
   </trkpt>
   <trkpt lat="46.5250220" lon="12.0168920">
    <ele>2261.0</ele>
    <time>2026-10-02T12:28:49Z</time>
   </trkpt>
   <trkpt lat="46.5250240" lon="12.0168950">
    <ele>2261.1</ele>
    <time>2026-10-02T12:28:50Z</time>
   </trkpt>
   <trkpt lat="46.5250330" lon="12.0169090">
    <ele>2261.4</ele>
    <time>2026-10-02T12:28:51Z</time>
   </trkpt>
   <trkpt lat="46.5250380" lon="12.0168970">
    <ele>2261.7</ele>
    <time>2026-10-02T12:28:52Z</time>
   </trkpt>
   <trkpt lat="46.5250380" lon="12.0168950">
    <ele>2261.7</ele>
    <time>2026-10-02T12:28:53Z</time>
   </trkpt>
   <trkpt lat="46.5250380" lon="12.0168950">
    <ele>2261.7</ele>
    <time>2026-10-02T12:28:54Z</time>
   </trkpt>
   <trkpt lat="46.5250380" lon="12.0168950">
    <ele>2261.7</ele>
    <time>2026-10-02T12:28:55Z</time>
   </trkpt>
   <trkpt lat="46.5250330" lon="12.0168920">
    <ele>2261.8</ele>
    <time>2026-10-02T12:28:56Z</time>
   </trkpt>
   <trkpt lat="46.5250370" lon="12.0168960">
    <ele>2262.0</ele>
    <time>2026-10-02T12:28:57Z</time>
   </trkpt>
   <trkpt lat="46.5250320" lon="12.0169000">
    <ele>2262.1</ele>
    <time>2026-10-02T12:28:58Z</time>
   </trkpt>
   <trkpt lat="46.5250200" lon="12.0169100">
    <ele>2262.4</ele>
    <time>2026-10-02T12:28:59Z</time>
   </trkpt>
   <trkpt lat="46.5250200" lon="12.0169150">
    <ele>2262.5</ele>
    <time>2026-10-02T12:29:00Z</time>
   </trkpt>
   <trkpt lat="46.5250140" lon="12.0169210">
    <ele>2262.7</ele>
    <time>2026-10-02T12:29:01Z</time>
   </trkpt>
   <trkpt lat="46.5250100" lon="12.0169200">
    <ele>2262.8</ele>
    <time>2026-10-02T12:29:02Z</time>
   </trkpt>
   <trkpt lat="46.5250050" lon="12.0169290">
    <ele>2263.0</ele>
    <time>2026-10-02T12:29:03Z</time>
   </trkpt>
   <trkpt lat="46.5250090" lon="12.0169390">
    <ele>2263.2</ele>
    <time>2026-10-02T12:29:04Z</time>
   </trkpt>
   <trkpt lat="46.5250080" lon="12.0169480">
    <ele>2263.4</ele>
    <time>2026-10-02T12:29:05Z</time>
   </trkpt>
   <trkpt lat="46.5250080" lon="12.0169580">
    <ele>2263.5</ele>
    <time>2026-10-02T12:29:06Z</time>
   </trkpt>
   <trkpt lat="46.5250080" lon="12.0169680">
    <ele>2263.7</ele>
    <time>2026-10-02T12:29:07Z</time>
   </trkpt>
   <trkpt lat="46.5250090" lon="12.0169720">
    <ele>2263.8</ele>
    <time>2026-10-02T12:29:08Z</time>
   </trkpt>
   <trkpt lat="46.5250100" lon="12.0169870">
    <ele>2264.0</ele>
    <time>2026-10-02T12:29:09Z</time>
   </trkpt>
   <trkpt lat="46.5250080" lon="12.0170020">
    <ele>2264.3</ele>
    <time>2026-10-02T12:29:10Z</time>
   </trkpt>
   <trkpt lat="46.5250030" lon="12.0169970">
    <ele>2264.4</ele>
    <time>2026-10-02T12:29:11Z</time>
   </trkpt>
   <trkpt lat="46.5250000" lon="12.0169990">
    <ele>2264.5</ele>
    <time>2026-10-02T12:29:12Z</time>
   </trkpt>
   <trkpt lat="46.5249970" lon="12.0170060">
    <ele>2264.7</ele>
    <time>2026-10-02T12:29:13Z</time>
   </trkpt>
   <trkpt lat="46.5249990" lon="12.0170020">
    <ele>2264.7</ele>
    <time>2026-10-02T12:29:14Z</time>
   </trkpt>
   <trkpt lat="46.5250020" lon="12.0170060">
    <ele>2264.8</ele>
    <time>2026-10-02T12:29:15Z</time>
   </trkpt>
   <trkpt lat="46.5250000" lon="12.0170060">
    <ele>2264.9</ele>
    <time>2026-10-02T12:29:16Z</time>
   </trkpt>
   <trkpt lat="46.5250000" lon="12.0170060">
    <ele>2264.9</ele>
    <time>2026-10-02T12:29:17Z</time>
   </trkpt>
   <trkpt lat="46.5250000" lon="12.0170040">
    <ele>2264.9</ele>
    <time>2026-10-02T12:29:18Z</time>
   </trkpt>
   <trkpt lat="46.5250020" lon="12.0170100">
    <ele>2265.0</ele>
    <time>2026-10-02T12:29:19Z</time>
   </trkpt>
   <trkpt lat="46.5250040" lon="12.0170210">
    <ele>2265.2</ele>
    <time>2026-10-02T12:29:20Z</time>
   </trkpt>
   <trkpt lat="46.5250010" lon="12.0170270">
    <ele>2265.4</ele>
    <time>2026-10-02T12:29:21Z</time>
   </trkpt>
   <trkpt lat="46.5249980" lon="12.0170410">
    <ele>2265.6</ele>
    <time>2026-10-02T12:29:22Z</time>
   </trkpt>
   <trkpt lat="46.5250000" lon="12.0170460">
    <ele>2265.7</ele>
    <time>2026-10-02T12:29:23Z</time>
   </trkpt>
   <trkpt lat="46.5249980" lon="12.0170510">
    <ele>2265.8</ele>
    <time>2026-10-02T12:29:24Z</time>
   </trkpt>
   <trkpt lat="46.5249940" lon="12.0170580">
    <ele>2266.0</ele>
    <time>2026-10-02T12:29:25Z</time>
   </trkpt>
   <trkpt lat="46.5249890" lon="12.0170640">
    <ele>2266.1</ele>
    <time>2026-10-02T12:29:26Z</time>
   </trkpt>
   <trkpt lat="46.5249840" lon="12.0170750">
    <ele>2266.3</ele>
    <time>2026-10-02T12:29:27Z</time>
   </trkpt>
   <trkpt lat="46.5249810" lon="12.0170850">
    <ele>2266.5</ele>
    <time>2026-10-02T12:29:28Z</time>
   </trkpt>
   <trkpt lat="46.5249760" lon="12.0170910">
    <ele>2266.7</ele>
    <time>2026-10-02T12:29:29Z</time>
   </trkpt>
   <trkpt lat="46.5249780" lon="12.0171000">
    <ele>2266.8</ele>
    <time>2026-10-02T12:29:30Z</time>
   </trkpt>
   <trkpt lat="46.5249800" lon="12.0171100">
    <ele>2267.0</ele>
    <time>2026-10-02T12:29:31Z</time>
   </trkpt>
   <trkpt lat="46.5249810" lon="12.0171110">
    <ele>2267.0</ele>
    <time>2026-10-02T12:29:32Z</time>
   </trkpt>
   <trkpt lat="46.5249790" lon="12.0171200">
    <ele>2267.2</ele>
    <time>2026-10-02T12:29:33Z</time>
   </trkpt>
   <trkpt lat="46.5249790" lon="12.0171230">
    <ele>2267.3</ele>
    <time>2026-10-02T12:29:34Z</time>
   </trkpt>
   <trkpt lat="46.5249780" lon="12.0171260">
    <ele>2267.3</ele>
    <time>2026-10-02T12:29:35Z</time>
   </trkpt>
   <trkpt lat="46.5249790" lon="12.0171230">
    <ele>2267.4</ele>
    <time>2026-10-02T12:29:36Z</time>
   </trkpt>
   <trkpt lat="46.5249820" lon="12.0171230">
    <ele>2267.4</ele>
    <time>2026-10-02T12:29:37Z</time>
   </trkpt>
   <trkpt lat="46.5249820" lon="12.0171230">
    <ele>2267.4</ele>
    <time>2026-10-02T12:29:38Z</time>
   </trkpt>
   <trkpt lat="46.5249820" lon="12.0171230">
    <ele>2267.4</ele>
    <time>2026-10-02T12:29:39Z</time>
   </trkpt>
   <trkpt lat="46.5249820" lon="12.0171230">
    <ele>2267.4</ele>
    <time>2026-10-02T12:29:40Z</time>
   </trkpt>
   <trkpt lat="46.5249830" lon="12.0171250">
    <ele>2267.5</ele>
    <time>2026-10-02T12:29:41Z</time>
   </trkpt>
   <trkpt lat="46.5249790" lon="12.0171340">
    <ele>2267.7</ele>
    <time>2026-10-02T12:29:42Z</time>
   </trkpt>
   <trkpt lat="46.5249750" lon="12.0171470">
    <ele>2267.9</ele>
    <time>2026-10-02T12:29:43Z</time>
   </trkpt>
   <trkpt lat="46.5249760" lon="12.0171530">
    <ele>2268.0</ele>
    <time>2026-10-02T12:29:44Z</time>
   </trkpt>
   <trkpt lat="46.5249760" lon="12.0171640">
    <ele>2268.2</ele>
    <time>2026-10-02T12:29:45Z</time>
   </trkpt>
   <trkpt lat="46.5249710" lon="12.0171730">
    <ele>2268.4</ele>
    <time>2026-10-02T12:29:46Z</time>
   </trkpt>
   <trkpt lat="46.5249700" lon="12.0171780">
    <ele>2268.5</ele>
    <time>2026-10-02T12:29:47Z</time>
   </trkpt>
   <trkpt lat="46.5249700" lon="12.0171920">
    <ele>2268.7</ele>
    <time>2026-10-02T12:29:48Z</time>
   </trkpt>
   <trkpt lat="46.5249710" lon="12.0172070">
    <ele>2268.9</ele>
    <time>2026-10-02T12:29:49Z</time>
   </trkpt>
   <trkpt lat="46.5249690" lon="12.0172210">
    <ele>2269.2</ele>
    <time>2026-10-02T12:29:50Z</time>
   </trkpt>
   <trkpt lat="46.5249730" lon="12.0172290">
    <ele>2269.4</ele>
    <time>2026-10-02T12:29:51Z</time>
   </trkpt>
   <trkpt lat="46.5249690" lon="12.0172300">
    <ele>2269.4</ele>
    <time>2026-10-02T12:29:52Z</time>
   </trkpt>
   <trkpt lat="46.5249660" lon="12.0172410">
    <ele>2269.6</ele>
    <time>2026-10-02T12:29:53Z</time>
   </trkpt>
   <trkpt lat="46.5249670" lon="12.0172500">
    <ele>2269.8</ele>
    <time>2026-10-02T12:29:54Z</time>
   </trkpt>
   <trkpt lat="46.5249650" lon="12.0172640">
    <ele>2270.0</ele>
    <time>2026-10-02T12:29:55Z</time>
   </trkpt>
   <trkpt lat="46.5249630" lon="12.0172800">
    <ele>2270.3</ele>
    <time>2026-10-02T12:29:56Z</time>
   </trkpt>
   <trkpt lat="46.5249610" lon="12.0172880">
    <ele>2270.5</ele>
    <time>2026-10-02T12:29:57Z</time>
   </trkpt>
   <trkpt lat="46.5249600" lon="12.0172970">
    <ele>2270.6</ele>
    <time>2026-10-02T12:29:58Z</time>
   </trkpt>
   <trkpt lat="46.5249600" lon="12.0173050">
    <ele>2270.7</ele>
    <time>2026-10-02T12:29:59Z</time>
   </trkpt>
   <trkpt lat="46.5249600" lon="12.0173130">
    <ele>2270.8</ele>
    <time>2026-10-02T12:30:00Z</time>
   </trkpt>
   <trkpt lat="46.5249630" lon="12.0173190">
    <ele>2271.0</ele>
    <time>2026-10-02T12:30:01Z</time>
   </trkpt>
   <trkpt lat="46.5249630" lon="12.0173330">
    <ele>2271.2</ele>
    <time>2026-10-02T12:30:02Z</time>
   </trkpt>
   <trkpt lat="46.5249650" lon="12.0173390">
    <ele>2271.3</ele>
    <time>2026-10-02T12:30:03Z</time>
   </trkpt>
   <trkpt lat="46.5249650" lon="12.0173450">
    <ele>2271.4</ele>
    <time>2026-10-02T12:30:04Z</time>
   </trkpt>
   <trkpt lat="46.5249670" lon="12.0173510">
    <ele>2271.5</ele>
    <time>2026-10-02T12:30:05Z</time>
   </trkpt>
   <trkpt lat="46.5249650" lon="12.0173520">
    <ele>2271.5</ele>
    <time>2026-10-02T12:30:06Z</time>
   </trkpt>
   <trkpt lat="46.5249650" lon="12.0173520">
    <ele>2271.5</ele>
    <time>2026-10-02T12:30:07Z</time>
   </trkpt>
   <trkpt lat="46.5249630" lon="12.0173590">
    <ele>2271.6</ele>
    <time>2026-10-02T12:30:08Z</time>
   </trkpt>
   <trkpt lat="46.5249620" lon="12.0173640">
    <ele>2271.7</ele>
    <time>2026-10-02T12:30:09Z</time>
   </trkpt>
   <trkpt lat="46.5249550" lon="12.0173710">
    <ele>2271.9</ele>
    <time>2026-10-02T12:30:10Z</time>
   </trkpt>
   <trkpt lat="46.5249530" lon="12.0173780">
    <ele>2272.0</ele>
    <time>2026-10-02T12:30:11Z</time>
   </trkpt>
   <trkpt lat="46.5249560" lon="12.0173740">
    <ele>2272.1</ele>
    <time>2026-10-02T12:30:12Z</time>
   </trkpt>
   <trkpt lat="46.5249610" lon="12.0173720">
    <ele>2272.2</ele>
    <time>2026-10-02T12:30:13Z</time>
   </trkpt>
   <trkpt lat="46.5249590" lon="12.0173760">
    <ele>2272.3</ele>
    <time>2026-10-02T12:30:14Z</time>
   </trkpt>
   <trkpt lat="46.5249700" lon="12.0173440">
    <ele>2272.9</ele>
    <time>2026-10-02T12:30:15Z</time>
   </trkpt>
   <trkpt lat="46.5249680" lon="12.0173480">
    <ele>2273.0</ele>
    <time>2026-10-02T12:30:16Z</time>
   </trkpt>
   <trkpt lat="46.5249610" lon="12.0173540">
    <ele>2273.1</ele>
    <time>2026-10-02T12:30:17Z</time>
   </trkpt>
   <trkpt lat="46.5249670" lon="12.0173660">
    <ele>2273.4</ele>
    <time>2026-10-02T12:30:18Z</time>
   </trkpt>
   <trkpt lat="46.5249650" lon="12.0173750">
    <ele>2273.5</ele>
    <time>2026-10-02T12:30:19Z</time>
   </trkpt>
   <trkpt lat="46.5249700" lon="12.0173980">
    <ele>2273.9</ele>
    <time>2026-10-02T12:30:20Z</time>
   </trkpt>
   <trkpt lat="46.5249670" lon="12.0174000">
    <ele>2274.0</ele>
    <time>2026-10-02T12:30:21Z</time>
   </trkpt>
   <trkpt lat="46.5249680" lon="12.0174100">
    <ele>2274.1</ele>
    <time>2026-10-02T12:30:22Z</time>
   </trkpt>
   <trkpt lat="46.5249680" lon="12.0174160">
    <ele>2274.2</ele>
    <time>2026-10-02T12:30:23Z</time>
   </trkpt>
   <trkpt lat="46.5249730" lon="12.0174300">
    <ele>2274.4</ele>
    <time>2026-10-02T12:30:24Z</time>
   </trkpt>
   <trkpt lat="46.5249740" lon="12.0174360">
    <ele>2274.5</ele>
    <time>2026-10-02T12:30:25Z</time>
   </trkpt>
   <trkpt lat="46.5249720" lon="12.0174400">
    <ele>2274.6</ele>
    <time>2026-10-02T12:30:26Z</time>
   </trkpt>
   <trkpt lat="46.5249740" lon="12.0174570">
    <ele>2274.9</ele>
    <time>2026-10-02T12:30:27Z</time>
   </trkpt>
   <trkpt lat="46.5249770" lon="12.0174640">
    <ele>2275.0</ele>
    <time>2026-10-02T12:30:28Z</time>
   </trkpt>
   <trkpt lat="46.5249820" lon="12.0174650">
    <ele>2275.1</ele>
    <time>2026-10-02T12:30:29Z</time>
   </trkpt>
   <trkpt lat="46.5249860" lon="12.0174650">
    <ele>2275.2</ele>
    <time>2026-10-02T12:30:30Z</time>
   </trkpt>
   <trkpt lat="46.5249940" lon="12.0174800">
    <ele>2275.5</ele>
    <time>2026-10-02T12:30:31Z</time>
   </trkpt>
   <trkpt lat="46.5250030" lon="12.0174950">
    <ele>2275.8</ele>
    <time>2026-10-02T12:30:32Z</time>
   </trkpt>
   <trkpt lat="46.5250070" lon="12.0175020">
    <ele>2275.9</ele>
    <time>2026-10-02T12:30:33Z</time>
   </trkpt>
   <trkpt lat="46.5250180" lon="12.0175140">
    <ele>2276.2</ele>
    <time>2026-10-02T12:30:34Z</time>
   </trkpt>
   <trkpt lat="46.5250170" lon="12.0175100">
    <ele>2276.3</ele>
    <time>2026-10-02T12:30:35Z</time>
   </trkpt>
   <trkpt lat="46.5250250" lon="12.0175230">
    <ele>2276.6</ele>
    <time>2026-10-02T12:30:36Z</time>
   </trkpt>
   <trkpt lat="46.5250300" lon="12.0175340">
    <ele>2276.8</ele>
    <time>2026-10-02T12:30:37Z</time>
   </trkpt>
   <trkpt lat="46.5250330" lon="12.0175370">
    <ele>2276.8</ele>
    <time>2026-10-02T12:30:38Z</time>
   </trkpt>
   <trkpt lat="46.5250400" lon="12.0175400">
    <ele>2277.0</ele>
    <time>2026-10-02T12:30:39Z</time>
   </trkpt>
   <trkpt lat="46.5250480" lon="12.0175500">
    <ele>2277.2</ele>
    <time>2026-10-02T12:30:40Z</time>
   </trkpt>
   <trkpt lat="46.5250500" lon="12.0175520">
    <ele>2277.3</ele>
    <time>2026-10-02T12:30:41Z</time>
   </trkpt>
   <trkpt lat="46.5250560" lon="12.0175640">
    <ele>2277.5</ele>
    <time>2026-10-02T12:30:42Z</time>
   </trkpt>
   <trkpt lat="46.5250650" lon="12.0175750">
    <ele>2277.8</ele>
    <time>2026-10-02T12:30:43Z</time>
   </trkpt>
   <trkpt lat="46.5250720" lon="12.0175770">
    <ele>2277.9</ele>
    <time>2026-10-02T12:30:44Z</time>
   </trkpt>
   <trkpt lat="46.5250810" lon="12.0175790">
    <ele>2278.1</ele>
    <time>2026-10-02T12:30:45Z</time>
   </trkpt>
   <trkpt lat="46.5250890" lon="12.0175780">
    <ele>2278.3</ele>
    <time>2026-10-02T12:30:46Z</time>
   </trkpt>
   <trkpt lat="46.5251020" lon="12.0175800">
    <ele>2278.6</ele>
    <time>2026-10-02T12:30:47Z</time>
   </trkpt>
   <trkpt lat="46.5251050" lon="12.0175860">
    <ele>2278.7</ele>
    <time>2026-10-02T12:30:48Z</time>
   </trkpt>
   <trkpt lat="46.5251040" lon="12.0175850">
    <ele>2278.7</ele>
    <time>2026-10-02T12:30:49Z</time>
   </trkpt>
   <trkpt lat="46.5251030" lon="12.0175900">
    <ele>2278.8</ele>
    <time>2026-10-02T12:30:50Z</time>
   </trkpt>
   <trkpt lat="46.5251030" lon="12.0175900">
    <ele>2278.8</ele>
    <time>2026-10-02T12:30:51Z</time>
   </trkpt>
   <trkpt lat="46.5251030" lon="12.0175900">
    <ele>2278.8</ele>
    <time>2026-10-02T12:30:52Z</time>
   </trkpt>
   <trkpt lat="46.5251030" lon="12.0175900">
    <ele>2278.8</ele>
    <time>2026-10-02T12:30:53Z</time>
   </trkpt>
   <trkpt lat="46.5251090" lon="12.0175750">
    <ele>2279.1</ele>
    <time>2026-10-02T12:30:54Z</time>
   </trkpt>
   <trkpt lat="46.5251100" lon="12.0175780">
    <ele>2279.1</ele>
    <time>2026-10-02T12:30:55Z</time>
   </trkpt>
   <trkpt lat="46.5251120" lon="12.0175800">
    <ele>2279.2</ele>
    <time>2026-10-02T12:30:56Z</time>
   </trkpt>
   <trkpt lat="46.5251180" lon="12.0175850">
    <ele>2279.3</ele>
    <time>2026-10-02T12:30:57Z</time>
   </trkpt>
   <trkpt lat="46.5251250" lon="12.0175820">
    <ele>2279.5</ele>
    <time>2026-10-02T12:30:58Z</time>
   </trkpt>
   <trkpt lat="46.5251270" lon="12.0175790">
    <ele>2279.5</ele>
    <time>2026-10-02T12:30:59Z</time>
   </trkpt>
   <trkpt lat="46.5251320" lon="12.0175810">
    <ele>2279.6</ele>
    <time>2026-10-02T12:31:00Z</time>
   </trkpt>
   <trkpt lat="46.5251350" lon="12.0175810">
    <ele>2279.7</ele>
    <time>2026-10-02T12:31:01Z</time>
   </trkpt>
   <trkpt lat="46.5251450" lon="12.0175810">
    <ele>2279.9</ele>
    <time>2026-10-02T12:31:02Z</time>
   </trkpt>
   <trkpt lat="46.5251540" lon="12.0175780">
    <ele>2280.1</ele>
    <time>2026-10-02T12:31:03Z</time>
   </trkpt>
   <trkpt lat="46.5251580" lon="12.0175770">
    <ele>2280.2</ele>
    <time>2026-10-02T12:31:04Z</time>
   </trkpt>
   <trkpt lat="46.5251590" lon="12.0175750">
    <ele>2280.2</ele>
    <time>2026-10-02T12:31:05Z</time>
   </trkpt>
   <trkpt lat="46.5251680" lon="12.0175820">
    <ele>2280.4</ele>
    <time>2026-10-02T12:31:06Z</time>
   </trkpt>
   <trkpt lat="46.5251730" lon="12.0175860">
    <ele>2280.5</ele>
    <time>2026-10-02T12:31:07Z</time>
   </trkpt>
   <trkpt lat="46.5251810" lon="12.0175920">
    <ele>2280.7</ele>
    <time>2026-10-02T12:31:08Z</time>
   </trkpt>
   <trkpt lat="46.5251830" lon="12.0175980">
    <ele>2280.8</ele>
    <time>2026-10-02T12:31:09Z</time>
   </trkpt>
   <trkpt lat="46.5251890" lon="12.0176030">
    <ele>2280.9</ele>
    <time>2026-10-02T12:31:10Z</time>
   </trkpt>
   <trkpt lat="46.5251930" lon="12.0176060">
    <ele>2281.0</ele>
    <time>2026-10-02T12:31:11Z</time>
   </trkpt>
   <trkpt lat="46.5252010" lon="12.0176080">
    <ele>2281.2</ele>
    <time>2026-10-02T12:31:12Z</time>
   </trkpt>
   <trkpt lat="46.5252150" lon="12.0176070">
    <ele>2281.5</ele>
    <time>2026-10-02T12:31:13Z</time>
   </trkpt>
   <trkpt lat="46.5252190" lon="12.0176040">
    <ele>2281.6</ele>
    <time>2026-10-02T12:31:14Z</time>
   </trkpt>
   <trkpt lat="46.5252310" lon="12.0176020">
    <ele>2281.8</ele>
    <time>2026-10-02T12:31:15Z</time>
   </trkpt>
   <trkpt lat="46.5252340" lon="12.0176030">
    <ele>2281.9</ele>
    <time>2026-10-02T12:31:16Z</time>
   </trkpt>
   <trkpt lat="46.5252390" lon="12.0176050">
    <ele>2282.0</ele>
    <time>2026-10-02T12:31:17Z</time>
   </trkpt>
   <trkpt lat="46.5252540" lon="12.0176030">
    <ele>2282.2</ele>
    <time>2026-10-02T12:31:18Z</time>
   </trkpt>
   <trkpt lat="46.5252660" lon="12.0176000">
    <ele>2282.5</ele>
    <time>2026-10-02T12:31:19Z</time>
   </trkpt>
   <trkpt lat="46.5252800" lon="12.0176000">
    <ele>2282.7</ele>
    <time>2026-10-02T12:31:20Z</time>
   </trkpt>
   <trkpt lat="46.5252890" lon="12.0176010">
    <ele>2282.9</ele>
    <time>2026-10-02T12:31:21Z</time>
   </trkpt>
   <trkpt lat="46.5252930" lon="12.0176020">
    <ele>2283.0</ele>
    <time>2026-10-02T12:31:22Z</time>
   </trkpt>
   <trkpt lat="46.5253030" lon="12.0176040">
    <ele>2283.1</ele>
    <time>2026-10-02T12:31:23Z</time>
   </trkpt>
   <trkpt lat="46.5253090" lon="12.0176100">
    <ele>2283.3</ele>
    <time>2026-10-02T12:31:24Z</time>
   </trkpt>
   <trkpt lat="46.5253160" lon="12.0176130">
    <ele>2283.4</ele>
    <time>2026-10-02T12:31:25Z</time>
   </trkpt>
   <trkpt lat="46.5253220" lon="12.0176180">
    <ele>2283.5</ele>
    <time>2026-10-02T12:31:26Z</time>
   </trkpt>
   <trkpt lat="46.5253280" lon="12.0176250">
    <ele>2283.7</ele>
    <time>2026-10-02T12:31:27Z</time>
   </trkpt>
   <trkpt lat="46.5253310" lon="12.0176270">
    <ele>2283.7</ele>
    <time>2026-10-02T12:31:28Z</time>
   </trkpt>
   <trkpt lat="46.5253410" lon="12.0176360">
    <ele>2283.9</ele>
    <time>2026-10-02T12:31:29Z</time>
   </trkpt>
   <trkpt lat="46.5253460" lon="12.0176390">
    <ele>2284.0</ele>
    <time>2026-10-02T12:31:30Z</time>
   </trkpt>
   <trkpt lat="46.5253530" lon="12.0176300">
    <ele>2284.2</ele>
    <time>2026-10-02T12:31:31Z</time>
   </trkpt>
   <trkpt lat="46.5253580" lon="12.0176320">
    <ele>2284.3</ele>
    <time>2026-10-02T12:31:32Z</time>
   </trkpt>
   <trkpt lat="46.5253680" lon="12.0176320">
    <ele>2284.4</ele>
    <time>2026-10-02T12:31:33Z</time>
   </trkpt>
   <trkpt lat="46.5253730" lon="12.0176310">
    <ele>2284.5</ele>
    <time>2026-10-02T12:31:34Z</time>
   </trkpt>
   <trkpt lat="46.5253780" lon="12.0176300">
    <ele>2284.6</ele>
    <time>2026-10-02T12:31:35Z</time>
   </trkpt>
   <trkpt lat="46.5253840" lon="12.0176420">
    <ele>2284.8</ele>
    <time>2026-10-02T12:31:36Z</time>
   </trkpt>
   <trkpt lat="46.5253920" lon="12.0176480">
    <ele>2284.9</ele>
    <time>2026-10-02T12:31:37Z</time>
   </trkpt>
   <trkpt lat="46.5254010" lon="12.0176460">
    <ele>2285.1</ele>
    <time>2026-10-02T12:31:38Z</time>
   </trkpt>
   <trkpt lat="46.5254050" lon="12.0176540">
    <ele>2285.2</ele>
    <time>2026-10-02T12:31:39Z</time>
   </trkpt>
   <trkpt lat="46.5254140" lon="12.0176470">
    <ele>2285.3</ele>
    <time>2026-10-02T12:31:40Z</time>
   </trkpt>
   <trkpt lat="46.5254200" lon="12.0176450">
    <ele>2285.4</ele>
    <time>2026-10-02T12:31:41Z</time>
   </trkpt>
   <trkpt lat="46.5254270" lon="12.0176450">
    <ele>2285.6</ele>
    <time>2026-10-02T12:31:42Z</time>
   </trkpt>
   <trkpt lat="46.5254460" lon="12.0176450">
    <ele>2285.9</ele>
    <time>2026-10-02T12:31:43Z</time>
   </trkpt>
   <trkpt lat="46.5254510" lon="12.0176430">
    <ele>2286.0</ele>
    <time>2026-10-02T12:31:44Z</time>
   </trkpt>
   <trkpt lat="46.5254580" lon="12.0176450">
    <ele>2286.1</ele>
    <time>2026-10-02T12:31:45Z</time>
   </trkpt>
   <trkpt lat="46.5254630" lon="12.0176490">
    <ele>2286.2</ele>
    <time>2026-10-02T12:31:46Z</time>
   </trkpt>
   <trkpt lat="46.5254770" lon="12.0176460">
    <ele>2286.4</ele>
    <time>2026-10-02T12:31:47Z</time>
   </trkpt>
   <trkpt lat="46.5254810" lon="12.0176450">
    <ele>2286.5</ele>
    <time>2026-10-02T12:31:48Z</time>
   </trkpt>
   <trkpt lat="46.5254850" lon="12.0176440">
    <ele>2286.5</ele>
    <time>2026-10-02T12:31:49Z</time>
   </trkpt>
   <trkpt lat="46.5254880" lon="12.0176470">
    <ele>2286.6</ele>
    <time>2026-10-02T12:31:50Z</time>
   </trkpt>
   <trkpt lat="46.5254980" lon="12.0176440">
    <ele>2286.7</ele>
    <time>2026-10-02T12:31:51Z</time>
   </trkpt>
   <trkpt lat="46.5255060" lon="12.0176480">
    <ele>2286.9</ele>
    <time>2026-10-02T12:31:52Z</time>
   </trkpt>
   <trkpt lat="46.5255090" lon="12.0176490">
    <ele>2286.9</ele>
    <time>2026-10-02T12:31:53Z</time>
   </trkpt>
   <trkpt lat="46.5255100" lon="12.0176560">
    <ele>2287.0</ele>
    <time>2026-10-02T12:31:54Z</time>
   </trkpt>
   <trkpt lat="46.5255200" lon="12.0176680">
    <ele>2287.2</ele>
    <time>2026-10-02T12:31:55Z</time>
   </trkpt>
   <trkpt lat="46.5255340" lon="12.0176790">
    <ele>2287.5</ele>
    <time>2026-10-02T12:31:56Z</time>
   </trkpt>
   <trkpt lat="46.5255420" lon="12.0176890">
    <ele>2287.6</ele>
    <time>2026-10-02T12:31:57Z</time>
   </trkpt>
   <trkpt lat="46.5255440" lon="12.0176980">
    <ele>2287.7</ele>
    <time>2026-10-02T12:31:58Z</time>
   </trkpt>
   <trkpt lat="46.5255520" lon="12.0176970">
    <ele>2287.8</ele>
    <time>2026-10-02T12:31:59Z</time>
   </trkpt>
   <trkpt lat="46.5255560" lon="12.0177040">
    <ele>2287.9</ele>
    <time>2026-10-02T12:32:00Z</time>
   </trkpt>
   <trkpt lat="46.5255630" lon="12.0177090">
    <ele>2288.1</ele>
    <time>2026-10-02T12:32:01Z</time>
   </trkpt>
   <trkpt lat="46.5255660" lon="12.0177130">
    <ele>2288.1</ele>
    <time>2026-10-02T12:32:02Z</time>
   </trkpt>
   <trkpt lat="46.5255710" lon="12.0177210">
    <ele>2288.2</ele>
    <time>2026-10-02T12:32:03Z</time>
   </trkpt>
   <trkpt lat="46.5255780" lon="12.0177150">
    <ele>2288.4</ele>
    <time>2026-10-02T12:32:04Z</time>
   </trkpt>
   <trkpt lat="46.5255840" lon="12.0177140">
    <ele>2288.4</ele>
    <time>2026-10-02T12:32:05Z</time>
   </trkpt>
   <trkpt lat="46.5255830" lon="12.0177080">
    <ele>2288.5</ele>
    <time>2026-10-02T12:32:06Z</time>
   </trkpt>
   <trkpt lat="46.5255840" lon="12.0177050">
    <ele>2288.5</ele>
    <time>2026-10-02T12:32:07Z</time>
   </trkpt>
   <trkpt lat="46.5255900" lon="12.0177090">
    <ele>2288.6</ele>
    <time>2026-10-02T12:32:08Z</time>
   </trkpt>
   <trkpt lat="46.5255900" lon="12.0177120">
    <ele>2288.7</ele>
    <time>2026-10-02T12:32:09Z</time>
   </trkpt>
   <trkpt lat="46.5255970" lon="12.0177050">
    <ele>2288.8</ele>
    <time>2026-10-02T12:32:10Z</time>
   </trkpt>
   <trkpt lat="46.5256010" lon="12.0177060">
    <ele>2288.9</ele>
    <time>2026-10-02T12:32:11Z</time>
   </trkpt>
   <trkpt lat="46.5256010" lon="12.0177130">
    <ele>2288.9</ele>
    <time>2026-10-02T12:32:12Z</time>
   </trkpt>
   <trkpt lat="46.5256010" lon="12.0177080">
    <ele>2289.0</ele>
    <time>2026-10-02T12:32:13Z</time>
   </trkpt>
   <trkpt lat="46.5256010" lon="12.0177130">
    <ele>2289.0</ele>
    <time>2026-10-02T12:32:14Z</time>
   </trkpt>
   <trkpt lat="46.5255980" lon="12.0177140">
    <ele>2289.1</ele>
    <time>2026-10-02T12:32:15Z</time>
   </trkpt>
   <trkpt lat="46.5255980" lon="12.0177140">
    <ele>2289.1</ele>
    <time>2026-10-02T12:32:16Z</time>
   </trkpt>
   <trkpt lat="46.5256010" lon="12.0177150">
    <ele>2289.1</ele>
    <time>2026-10-02T12:32:17Z</time>
   </trkpt>
   <trkpt lat="46.5255990" lon="12.0177180">
    <ele>2289.2</ele>
    <time>2026-10-02T12:32:18Z</time>
   </trkpt>
   <trkpt lat="46.5256000" lon="12.0177170">
    <ele>2289.2</ele>
    <time>2026-10-02T12:32:19Z</time>
   </trkpt>
   <trkpt lat="46.5256080" lon="12.0177140">
    <ele>2289.3</ele>
    <time>2026-10-02T12:32:20Z</time>
   </trkpt>
   <trkpt lat="46.5256130" lon="12.0177070">
    <ele>2289.4</ele>
    <time>2026-10-02T12:32:21Z</time>
   </trkpt>
   <trkpt lat="46.5256200" lon="12.0177020">
    <ele>2289.5</ele>
    <time>2026-10-02T12:32:22Z</time>
   </trkpt>
   <trkpt lat="46.5256340" lon="12.0176920">
    <ele>2289.8</ele>
    <time>2026-10-02T12:32:23Z</time>
   </trkpt>
   <trkpt lat="46.5256390" lon="12.0176900">
    <ele>2289.8</ele>
    <time>2026-10-02T12:32:24Z</time>
   </trkpt>
   <trkpt lat="46.5256400" lon="12.0176900">
    <ele>2289.8</ele>
    <time>2026-10-02T12:32:25Z</time>
   </trkpt>
   <trkpt lat="46.5256440" lon="12.0176860">
    <ele>2289.9</ele>
    <time>2026-10-02T12:32:26Z</time>
   </trkpt>
   <trkpt lat="46.5256490" lon="12.0176830">
    <ele>2290.0</ele>
    <time>2026-10-02T12:32:27Z</time>
   </trkpt>
   <trkpt lat="46.5256560" lon="12.0176790">
    <ele>2290.1</ele>
    <time>2026-10-02T12:32:28Z</time>
   </trkpt>
   <trkpt lat="46.5256580" lon="12.0176750">
    <ele>2290.2</ele>
    <time>2026-10-02T12:32:29Z</time>
   </trkpt>
   <trkpt lat="46.5256600" lon="12.0176760">
    <ele>2290.2</ele>
    <time>2026-10-02T12:32:30Z</time>
   </trkpt>
   <trkpt lat="46.5256560" lon="12.0176800">
    <ele>2290.3</ele>
    <time>2026-10-02T12:32:31Z</time>
   </trkpt>
   <trkpt lat="46.5256570" lon="12.0176850">
    <ele>2290.3</ele>
    <time>2026-10-02T12:32:32Z</time>
   </trkpt>
   <trkpt lat="46.5256550" lon="12.0176890">
    <ele>2290.4</ele>
    <time>2026-10-02T12:32:33Z</time>
   </trkpt>
   <trkpt lat="46.5256650" lon="12.0176910">
    <ele>2290.5</ele>
    <time>2026-10-02T12:32:34Z</time>
   </trkpt>
   <trkpt lat="46.5256760" lon="12.0176860">
    <ele>2290.7</ele>
    <time>2026-10-02T12:32:35Z</time>
   </trkpt>
   <trkpt lat="46.5256800" lon="12.0176830">
    <ele>2290.7</ele>
    <time>2026-10-02T12:32:36Z</time>
   </trkpt>
   <trkpt lat="46.5256880" lon="12.0176780">
    <ele>2290.9</ele>
    <time>2026-10-02T12:32:37Z</time>
   </trkpt>
   <trkpt lat="46.5256970" lon="12.0176750">
    <ele>2291.0</ele>
    <time>2026-10-02T12:32:38Z</time>
   </trkpt>
   <trkpt lat="46.5257040" lon="12.0176750">
    <ele>2291.1</ele>
    <time>2026-10-02T12:32:39Z</time>
   </trkpt>
   <trkpt lat="46.5257110" lon="12.0176730">
    <ele>2291.2</ele>
    <time>2026-10-02T12:32:40Z</time>
   </trkpt>
   <trkpt lat="46.5257210" lon="12.0176700">
    <ele>2291.4</ele>
    <time>2026-10-02T12:32:41Z</time>
   </trkpt>
   <trkpt lat="46.5257310" lon="12.0176680">
    <ele>2291.5</ele>
    <time>2026-10-02T12:32:42Z</time>
   </trkpt>
   <trkpt lat="46.5257360" lon="12.0176650">
    <ele>2291.6</ele>
    <time>2026-10-02T12:32:43Z</time>
   </trkpt>
   <trkpt lat="46.5257450" lon="12.0176610">
    <ele>2291.8</ele>
    <time>2026-10-02T12:32:44Z</time>
   </trkpt>
   <trkpt lat="46.5257530" lon="12.0176550">
    <ele>2291.9</ele>
    <time>2026-10-02T12:32:45Z</time>
   </trkpt>
   <trkpt lat="46.5257600" lon="12.0176500">
    <ele>2292.0</ele>
    <time>2026-10-02T12:32:46Z</time>
   </trkpt>
   <trkpt lat="46.5257700" lon="12.0176470">
    <ele>2292.2</ele>
    <time>2026-10-02T12:32:47Z</time>
   </trkpt>
   <trkpt lat="46.5257800" lon="12.0176390">
    <ele>2292.3</ele>
    <time>2026-10-02T12:32:48Z</time>
   </trkpt>
   <trkpt lat="46.5257880" lon="12.0176340">
    <ele>2292.5</ele>
    <time>2026-10-02T12:32:49Z</time>
   </trkpt>
   <trkpt lat="46.5257960" lon="12.0176330">
    <ele>2292.6</ele>
    <time>2026-10-02T12:32:50Z</time>
   </trkpt>
   <trkpt lat="46.5258020" lon="12.0176280">
    <ele>2292.7</ele>
    <time>2026-10-02T12:32:51Z</time>
   </trkpt>
   <trkpt lat="46.5258080" lon="12.0176260">
    <ele>2292.8</ele>
    <time>2026-10-02T12:32:52Z</time>
   </trkpt>
   <trkpt lat="46.5258130" lon="12.0176290">
    <ele>2292.9</ele>
    <time>2026-10-02T12:32:53Z</time>
   </trkpt>
   <trkpt lat="46.5258200" lon="12.0176270">
    <ele>2293.0</ele>
    <time>2026-10-02T12:32:54Z</time>
   </trkpt>
   <trkpt lat="46.5258260" lon="12.0176220">
    <ele>2293.1</ele>
    <time>2026-10-02T12:32:55Z</time>
   </trkpt>
   <trkpt lat="46.5258350" lon="12.0176130">
    <ele>2293.2</ele>
    <time>2026-10-02T12:32:56Z</time>
   </trkpt>
   <trkpt lat="46.5258400" lon="12.0176090">
    <ele>2293.3</ele>
    <time>2026-10-02T12:32:57Z</time>
   </trkpt>
   <trkpt lat="46.5258480" lon="12.0176000">
    <ele>2293.5</ele>
    <time>2026-10-02T12:32:58Z</time>
   </trkpt>
   <trkpt lat="46.5258420" lon="12.0176070">
    <ele>2293.6</ele>
    <time>2026-10-02T12:32:59Z</time>
   </trkpt>
   <trkpt lat="46.5258420" lon="12.0176020">
    <ele>2293.6</ele>
    <time>2026-10-02T12:33:00Z</time>
   </trkpt>
   <trkpt lat="46.5258420" lon="12.0176020">
    <ele>2293.6</ele>
    <time>2026-10-02T12:33:01Z</time>
   </trkpt>
   <trkpt lat="46.5258400" lon="12.0175940">
    <ele>2293.7</ele>
    <time>2026-10-02T12:33:02Z</time>
   </trkpt>
   <trkpt lat="46.5258420" lon="12.0175930">
    <ele>2293.8</ele>
    <time>2026-10-02T12:33:03Z</time>
   </trkpt>
   <trkpt lat="46.5258460" lon="12.0175960">
    <ele>2293.8</ele>
    <time>2026-10-02T12:33:04Z</time>
   </trkpt>
   <trkpt lat="46.5258530" lon="12.0175990">
    <ele>2293.9</ele>
    <time>2026-10-02T12:33:05Z</time>
   </trkpt>
   <trkpt lat="46.5258630" lon="12.0176120">
    <ele>2294.1</ele>
    <time>2026-10-02T12:33:06Z</time>
   </trkpt>
   <trkpt lat="46.5258760" lon="12.0176240">
    <ele>2294.4</ele>
    <time>2026-10-02T12:33:07Z</time>
   </trkpt>
   <trkpt lat="46.5258860" lon="12.0176270">
    <ele>2294.5</ele>
    <time>2026-10-02T12:33:08Z</time>
   </trkpt>
   <trkpt lat="46.5258930" lon="12.0176310">
    <ele>2294.6</ele>
    <time>2026-10-02T12:33:09Z</time>
   </trkpt>
   <trkpt lat="46.5258990" lon="12.0176390">
    <ele>2294.8</ele>
    <time>2026-10-02T12:33:10Z</time>
   </trkpt>
   <trkpt lat="46.5259030" lon="12.0176460">
    <ele>2294.8</ele>
    <time>2026-10-02T12:33:11Z</time>
   </trkpt>
   <trkpt lat="46.5259030" lon="12.0176490">
    <ele>2294.9</ele>
    <time>2026-10-02T12:33:12Z</time>
   </trkpt>
   <trkpt lat="46.5259080" lon="12.0176550">
    <ele>2295.0</ele>
    <time>2026-10-02T12:33:13Z</time>
   </trkpt>
   <trkpt lat="46.5259070" lon="12.0176640">
    <ele>2295.1</ele>
    <time>2026-10-02T12:33:14Z</time>
   </trkpt>
   <trkpt lat="46.5259100" lon="12.0176600">
    <ele>2295.1</ele>
    <time>2026-10-02T12:33:15Z</time>
   </trkpt>
   <trkpt lat="46.5259200" lon="12.0176580">
    <ele>2295.3</ele>
    <time>2026-10-02T12:33:16Z</time>
   </trkpt>
   <trkpt lat="46.5259230" lon="12.0176590">
    <ele>2295.3</ele>
    <time>2026-10-02T12:33:17Z</time>
   </trkpt>
   <trkpt lat="46.5259260" lon="12.0176620">
    <ele>2295.4</ele>
    <time>2026-10-02T12:33:18Z</time>
   </trkpt>
   <trkpt lat="46.5259340" lon="12.0176620">
    <ele>2295.5</ele>
    <time>2026-10-02T12:33:19Z</time>
   </trkpt>
   <trkpt lat="46.5259390" lon="12.0176640">
    <ele>2295.6</ele>
    <time>2026-10-02T12:33:20Z</time>
   </trkpt>
   <trkpt lat="46.5259480" lon="12.0176620">
    <ele>2295.7</ele>
    <time>2026-10-02T12:33:21Z</time>
   </trkpt>
   <trkpt lat="46.5259490" lon="12.0176630">
    <ele>2295.7</ele>
    <time>2026-10-02T12:33:22Z</time>
   </trkpt>
   <trkpt lat="46.5259570" lon="12.0176660">
    <ele>2295.8</ele>
    <time>2026-10-02T12:33:23Z</time>
   </trkpt>
   <trkpt lat="46.5259670" lon="12.0176620">
    <ele>2296.0</ele>
    <time>2026-10-02T12:33:24Z</time>
   </trkpt>
   <trkpt lat="46.5259720" lon="12.0176590">
    <ele>2296.1</ele>
    <time>2026-10-02T12:33:25Z</time>
   </trkpt>
   <trkpt lat="46.5259790" lon="12.0176590">
    <ele>2296.2</ele>
    <time>2026-10-02T12:33:26Z</time>
   </trkpt>
   <trkpt lat="46.5259820" lon="12.0176500">
    <ele>2296.3</ele>
    <time>2026-10-02T12:33:27Z</time>
   </trkpt>
   <trkpt lat="46.5259820" lon="12.0176520">
    <ele>2296.3</ele>
    <time>2026-10-02T12:33:28Z</time>
   </trkpt>
   <trkpt lat="46.5259790" lon="12.0176600">
    <ele>2296.4</ele>
    <time>2026-10-02T12:33:29Z</time>
   </trkpt>
   <trkpt lat="46.5259890" lon="12.0176690">
    <ele>2296.6</ele>
    <time>2026-10-02T12:33:30Z</time>
   </trkpt>
   <trkpt lat="46.5260030" lon="12.0176670">
    <ele>2296.8</ele>
    <time>2026-10-02T12:33:31Z</time>
   </trkpt>
   <trkpt lat="46.5260010" lon="12.0176660">
    <ele>2296.8</ele>
    <time>2026-10-02T12:33:32Z</time>
   </trkpt>
   <trkpt lat="46.5260010" lon="12.0176620">
    <ele>2296.9</ele>
    <time>2026-10-02T12:33:33Z</time>
   </trkpt>
   <trkpt lat="46.5260070" lon="12.0176580">
    <ele>2297.0</ele>
    <time>2026-10-02T12:33:34Z</time>
   </trkpt>
   <trkpt lat="46.5260090" lon="12.0176670">
    <ele>2297.1</ele>
    <time>2026-10-02T12:33:35Z</time>
   </trkpt>
   <trkpt lat="46.5260160" lon="12.0176790">
    <ele>2297.2</ele>
    <time>2026-10-02T12:33:36Z</time>
   </trkpt>
   <trkpt lat="46.5260190" lon="12.0176860">
    <ele>2297.3</ele>
    <time>2026-10-02T12:33:37Z</time>
   </trkpt>
   <trkpt lat="46.5260250" lon="12.0177000">
    <ele>2297.5</ele>
    <time>2026-10-02T12:33:38Z</time>
   </trkpt>
   <trkpt lat="46.5260290" lon="12.0177020">
    <ele>2297.5</ele>
    <time>2026-10-02T12:33:39Z</time>
   </trkpt>
   <trkpt lat="46.5260220" lon="12.0177050">
    <ele>2297.6</ele>
    <time>2026-10-02T12:33:40Z</time>
   </trkpt>
   <trkpt lat="46.5260170" lon="12.0177140">
    <ele>2297.8</ele>
    <time>2026-10-02T12:33:41Z</time>
   </trkpt>
   <trkpt lat="46.5260160" lon="12.0177150">
    <ele>2297.8</ele>
    <time>2026-10-02T12:33:42Z</time>
   </trkpt>
   <trkpt lat="46.5260130" lon="12.0177200">
    <ele>2297.9</ele>
    <time>2026-10-02T12:33:43Z</time>
   </trkpt>
   <trkpt lat="46.5260160" lon="12.0177100">
    <ele>2298.0</ele>
    <time>2026-10-02T12:33:44Z</time>
   </trkpt>
   <trkpt lat="46.5260190" lon="12.0177080">
    <ele>2298.0</ele>
    <time>2026-10-02T12:33:45Z</time>
   </trkpt>
   <trkpt lat="46.5260220" lon="12.0177170">
    <ele>2298.1</ele>
    <time>2026-10-02T12:33:46Z</time>
   </trkpt>
   <trkpt lat="46.5260240" lon="12.0177120">
    <ele>2298.2</ele>
    <time>2026-10-02T12:33:47Z</time>
   </trkpt>
   <trkpt lat="46.5260290" lon="12.0177080">
    <ele>2298.3</ele>
    <time>2026-10-02T12:33:48Z</time>
   </trkpt>
   <trkpt lat="46.5260280" lon="12.0177070">
    <ele>2298.3</ele>
    <time>2026-10-02T12:33:49Z</time>
   </trkpt>
   <trkpt lat="46.5260260" lon="12.0177080">
    <ele>2298.3</ele>
    <time>2026-10-02T12:33:50Z</time>
   </trkpt>
   <trkpt lat="46.5260290" lon="12.0177220">
    <ele>2298.5</ele>
    <time>2026-10-02T12:33:51Z</time>
   </trkpt>
   <trkpt lat="46.5260340" lon="12.0177250">
    <ele>2298.6</ele>
    <time>2026-10-02T12:33:52Z</time>
   </trkpt>
   <trkpt lat="46.5260320" lon="12.0177130">
    <ele>2298.7</ele>
    <time>2026-10-02T12:33:53Z</time>
   </trkpt>
   <trkpt lat="46.5260390" lon="12.0177060">
    <ele>2298.9</ele>
    <time>2026-10-02T12:33:54Z</time>
   </trkpt>
   <trkpt lat="46.5260430" lon="12.0177050">
    <ele>2298.9</ele>
    <time>2026-10-02T12:33:55Z</time>
   </trkpt>
   <trkpt lat="46.5260590" lon="12.0177010">
    <ele>2299.2</ele>
    <time>2026-10-02T12:33:56Z</time>
   </trkpt>
   <trkpt lat="46.5260650" lon="12.0177050">
    <ele>2299.3</ele>
    <time>2026-10-02T12:33:57Z</time>
   </trkpt>
   <trkpt lat="46.5260700" lon="12.0177050">
    <ele>2299.4</ele>
    <time>2026-10-02T12:33:58Z</time>
   </trkpt>
   <trkpt lat="46.5260750" lon="12.0177040">
    <ele>2299.5</ele>
    <time>2026-10-02T12:33:59Z</time>
   </trkpt>
   <trkpt lat="46.5260880" lon="12.0177040">
    <ele>2299.7</ele>
    <time>2026-10-02T12:34:00Z</time>
   </trkpt>
   <trkpt lat="46.5260990" lon="12.0177090">
    <ele>2299.9</ele>
    <time>2026-10-02T12:34:01Z</time>
   </trkpt>
   <trkpt lat="46.5261030" lon="12.0177120">
    <ele>2300.0</ele>
    <time>2026-10-02T12:34:02Z</time>
   </trkpt>
   <trkpt lat="46.5261040" lon="12.0177090">
    <ele>2300.0</ele>
    <time>2026-10-02T12:34:03Z</time>
   </trkpt>
   <trkpt lat="46.5261130" lon="12.0177060">
    <ele>2300.2</ele>
    <time>2026-10-02T12:34:04Z</time>
   </trkpt>
   <trkpt lat="46.5261100" lon="12.0177030">
    <ele>2300.3</ele>
    <time>2026-10-02T12:34:05Z</time>
   </trkpt>
   <trkpt lat="46.5261110" lon="12.0177100">
    <ele>2300.4</ele>
    <time>2026-10-02T12:34:06Z</time>
   </trkpt>
   <trkpt lat="46.5261200" lon="12.0177040">
    <ele>2300.5</ele>
    <time>2026-10-02T12:34:07Z</time>
   </trkpt>
   <trkpt lat="46.5261270" lon="12.0177150">
    <ele>2300.7</ele>
    <time>2026-10-02T12:34:08Z</time>
   </trkpt>
   <trkpt lat="46.5261200" lon="12.0177140">
    <ele>2300.9</ele>
    <time>2026-10-02T12:34:09Z</time>
   </trkpt>
   <trkpt lat="46.5261230" lon="12.0177060">
    <ele>2301.0</ele>
    <time>2026-10-02T12:34:10Z</time>
   </trkpt>
   <trkpt lat="46.5261190" lon="12.0177090">
    <ele>2301.1</ele>
    <time>2026-10-02T12:34:11Z</time>
   </trkpt>
   <trkpt lat="46.5261220" lon="12.0177070">
    <ele>2301.1</ele>
    <time>2026-10-02T12:34:12Z</time>
   </trkpt>
   <trkpt lat="46.5261220" lon="12.0176860">
    <ele>2301.4</ele>
    <time>2026-10-02T12:34:13Z</time>
   </trkpt>
   <trkpt lat="46.5261250" lon="12.0176780">
    <ele>2301.5</ele>
    <time>2026-10-02T12:34:14Z</time>
   </trkpt>
   <trkpt lat="46.5261330" lon="12.0176530">
    <ele>2301.9</ele>
    <time>2026-10-02T12:34:15Z</time>
   </trkpt>
   <trkpt lat="46.5261270" lon="12.0176640">
    <ele>2302.1</ele>
    <time>2026-10-02T12:34:16Z</time>
   </trkpt>
   <trkpt lat="46.5261260" lon="12.0176650">
    <ele>2302.1</ele>
    <time>2026-10-02T12:34:17Z</time>
   </trkpt>
   <trkpt lat="46.5261310" lon="12.0176780">
    <ele>2302.3</ele>
    <time>2026-10-02T12:34:18Z</time>
   </trkpt>
   <trkpt lat="46.5261350" lon="12.0176810">
    <ele>2302.4</ele>
    <time>2026-10-02T12:34:19Z</time>
   </trkpt>
   <trkpt lat="46.5261360" lon="12.0176840">
    <ele>2302.4</ele>
    <time>2026-10-02T12:34:20Z</time>
   </trkpt>
   <trkpt lat="46.5261390" lon="12.0176870">
    <ele>2302.5</ele>
    <time>2026-10-02T12:34:21Z</time>
   </trkpt>
   <trkpt lat="46.5261470" lon="12.0176820">
    <ele>2302.7</ele>
    <time>2026-10-02T12:34:22Z</time>
   </trkpt>
   <trkpt lat="46.5261520" lon="12.0176880">
    <ele>2302.8</ele>
    <time>2026-10-02T12:34:23Z</time>
   </trkpt>
   <trkpt lat="46.5261560" lon="12.0176830">
    <ele>2302.9</ele>
    <time>2026-10-02T12:34:24Z</time>
   </trkpt>
   <trkpt lat="46.5261380" lon="12.0176780">
    <ele>2303.3</ele>
    <time>2026-10-02T12:34:25Z</time>
   </trkpt>
   <trkpt lat="46.5261470" lon="12.0176780">
    <ele>2303.5</ele>
    <time>2026-10-02T12:34:26Z</time>
   </trkpt>
   <trkpt lat="46.5261790" lon="12.0177000">
    <ele>2304.2</ele>
    <time>2026-10-02T12:34:27Z</time>
   </trkpt>
   <trkpt lat="46.5261830" lon="12.0177080">
    <ele>2304.3</ele>
    <time>2026-10-02T12:34:28Z</time>
   </trkpt>
   <trkpt lat="46.5261790" lon="12.0176820">
    <ele>2304.7</ele>
    <time>2026-10-02T12:34:30Z</time>
   </trkpt>
   <trkpt lat="46.5261820" lon="12.0176960">
    <ele>2304.9</ele>
    <time>2026-10-02T12:34:31Z</time>
   </trkpt>
   <trkpt lat="46.5261870" lon="12.0176970">
    <ele>2305.0</ele>
    <time>2026-10-02T12:34:32Z</time>
   </trkpt>
   <trkpt lat="46.5261910" lon="12.0176990">
    <ele>2305.1</ele>
    <time>2026-10-02T12:34:33Z</time>
   </trkpt>
   <trkpt lat="46.5261900" lon="12.0177010">
    <ele>2305.2</ele>
    <time>2026-10-02T12:34:34Z</time>
   </trkpt>
   <trkpt lat="46.5261980" lon="12.0176970">
    <ele>2305.3</ele>
    <time>2026-10-02T12:34:35Z</time>
   </trkpt>
   <trkpt lat="46.5262040" lon="12.0176880">
    <ele>2305.5</ele>
    <time>2026-10-02T12:34:36Z</time>
   </trkpt>
   <trkpt lat="46.5262090" lon="12.0176900">
    <ele>2305.6</ele>
    <time>2026-10-02T12:34:37Z</time>
   </trkpt>
   <trkpt lat="46.5262220" lon="12.0176850">
    <ele>2305.9</ele>
    <time>2026-10-02T12:34:38Z</time>
   </trkpt>
   <trkpt lat="46.5262280" lon="12.0176970">
    <ele>2306.1</ele>
    <time>2026-10-02T12:34:39Z</time>
   </trkpt>
   <trkpt lat="46.5262330" lon="12.0177140">
    <ele>2306.4</ele>
    <time>2026-10-02T12:34:40Z</time>
   </trkpt>
   <trkpt lat="46.5262390" lon="12.0177170">
    <ele>2306.6</ele>
    <time>2026-10-02T12:34:41Z</time>
   </trkpt>
   <trkpt lat="46.5262350" lon="12.0177290">
    <ele>2306.8</ele>
    <time>2026-10-02T12:34:42Z</time>
   </trkpt>
   <trkpt lat="46.5262380" lon="12.0177250">
    <ele>2306.9</ele>
    <time>2026-10-02T12:34:43Z</time>
   </trkpt>
   <trkpt lat="46.5262440" lon="12.0177230">
    <ele>2307.0</ele>
    <time>2026-10-02T12:34:44Z</time>
   </trkpt>
   <trkpt lat="46.5262530" lon="12.0177170">
    <ele>2307.2</ele>
    <time>2026-10-02T12:34:45Z</time>
   </trkpt>
   <trkpt lat="46.5262600" lon="12.0177200">
    <ele>2307.4</ele>
    <time>2026-10-02T12:34:46Z</time>
   </trkpt>
   <trkpt lat="46.5262710" lon="12.0177210">
    <ele>2307.6</ele>
    <time>2026-10-02T12:34:47Z</time>
   </trkpt>
   <trkpt lat="46.5262720" lon="12.0177190">
    <ele>2307.7</ele>
    <time>2026-10-02T12:34:48Z</time>
   </trkpt>
   <trkpt lat="46.5262770" lon="12.0177140">
    <ele>2307.8</ele>
    <time>2026-10-02T12:34:49Z</time>
   </trkpt>
   <trkpt lat="46.5262820" lon="12.0177180">
    <ele>2307.9</ele>
    <time>2026-10-02T12:34:50Z</time>
   </trkpt>
   <trkpt lat="46.5262860" lon="12.0177300">
    <ele>2308.1</ele>
    <time>2026-10-02T12:34:51Z</time>
   </trkpt>
   <trkpt lat="46.5262920" lon="12.0177080">
    <ele>2308.5</ele>
    <time>2026-10-02T12:34:52Z</time>
   </trkpt>
   <trkpt lat="46.5262990" lon="12.0177030">
    <ele>2308.7</ele>
    <time>2026-10-02T12:34:53Z</time>
   </trkpt>
   <trkpt lat="46.5263080" lon="12.0176940">
    <ele>2308.9</ele>
    <time>2026-10-02T12:34:54Z</time>
   </trkpt>
   <trkpt lat="46.5263130" lon="12.0177010">
    <ele>2309.1</ele>
    <time>2026-10-02T12:34:55Z</time>
   </trkpt>
   <trkpt lat="46.5263230" lon="12.0176980">
    <ele>2309.3</ele>
    <time>2026-10-02T12:34:56Z</time>
   </trkpt>
   <trkpt lat="46.5263250" lon="12.0176900">
    <ele>2309.4</ele>
    <time>2026-10-02T12:34:57Z</time>
   </trkpt>
   <trkpt lat="46.5263240" lon="12.0176890">
    <ele>2309.5</ele>
    <time>2026-10-02T12:34:58Z</time>
   </trkpt>
   <trkpt lat="46.5263260" lon="12.0176950">
    <ele>2309.6</ele>
    <time>2026-10-02T12:34:59Z</time>
   </trkpt>
   <trkpt lat="46.5263260" lon="12.0176940">
    <ele>2309.6</ele>
    <time>2026-10-02T12:35:00Z</time>
   </trkpt>
   <trkpt lat="46.5263310" lon="12.0176910">
    <ele>2309.7</ele>
    <time>2026-10-02T12:35:01Z</time>
   </trkpt>
   <trkpt lat="46.5263310" lon="12.0176930">
    <ele>2309.7</ele>
    <time>2026-10-02T12:35:02Z</time>
   </trkpt>
   <trkpt lat="46.5263290" lon="12.0177000">
    <ele>2309.9</ele>
    <time>2026-10-02T12:35:03Z</time>
   </trkpt>
   <trkpt lat="46.5263340" lon="12.0177090">
    <ele>2310.0</ele>
    <time>2026-10-02T12:35:04Z</time>
   </trkpt>
   <trkpt lat="46.5263320" lon="12.0176780">
    <ele>2310.5</ele>
    <time>2026-10-02T12:35:05Z</time>
   </trkpt>
   <trkpt lat="46.5263360" lon="12.0176700">
    <ele>2310.7</ele>
    <time>2026-10-02T12:35:06Z</time>
   </trkpt>
   <trkpt lat="46.5263320" lon="12.0176610">
    <ele>2310.8</ele>
    <time>2026-10-02T12:35:07Z</time>
   </trkpt>
   <trkpt lat="46.5263390" lon="12.0176490">
    <ele>2311.1</ele>
    <time>2026-10-02T12:35:08Z</time>
   </trkpt>
   <trkpt lat="46.5263470" lon="12.0176570">
    <ele>2311.3</ele>
    <time>2026-10-02T12:35:09Z</time>
   </trkpt>
   <trkpt lat="46.5263470" lon="12.0176580">
    <ele>2311.3</ele>
    <time>2026-10-02T12:35:10Z</time>
   </trkpt>
   <trkpt lat="46.5263470" lon="12.0176510">
    <ele>2311.4</ele>
    <time>2026-10-02T12:35:11Z</time>
   </trkpt>
   <trkpt lat="46.5263640" lon="12.0176520">
    <ele>2311.8</ele>
    <time>2026-10-02T12:35:12Z</time>
   </trkpt>
   <trkpt lat="46.5263650" lon="12.0176580">
    <ele>2311.9</ele>
    <time>2026-10-02T12:35:13Z</time>
   </trkpt>
   <trkpt lat="46.5263630" lon="12.0176580">
    <ele>2311.9</ele>
    <time>2026-10-02T12:35:14Z</time>
   </trkpt>
   <trkpt lat="46.5263610" lon="12.0176650">
    <ele>2312.1</ele>
    <time>2026-10-02T12:35:15Z</time>
   </trkpt>
   <trkpt lat="46.5263640" lon="12.0176690">
    <ele>2312.1</ele>
    <time>2026-10-02T12:35:16Z</time>
   </trkpt>
   <trkpt lat="46.5263610" lon="12.0176800">
    <ele>2312.3</ele>
    <time>2026-10-02T12:35:17Z</time>
   </trkpt>
   <trkpt lat="46.5263550" lon="12.0177090">
    <ele>2312.8</ele>
    <time>2026-10-02T12:35:18Z</time>
   </trkpt>
   <trkpt lat="46.5263540" lon="12.0177110">
    <ele>2312.8</ele>
    <time>2026-10-02T12:35:19Z</time>
   </trkpt>
   <trkpt lat="46.5263580" lon="12.0177060">
    <ele>2313.0</ele>
    <time>2026-10-02T12:35:20Z</time>
   </trkpt>
   <trkpt lat="46.5263610" lon="12.0177060">
    <ele>2313.0</ele>
    <time>2026-10-02T12:35:21Z</time>
   </trkpt>
   <trkpt lat="46.5263610" lon="12.0177060">
    <ele>2313.0</ele>
    <time>2026-10-02T12:35:22Z</time>
   </trkpt>
   <trkpt lat="46.5263630" lon="12.0177070">
    <ele>2313.1</ele>
    <time>2026-10-02T12:35:23Z</time>
   </trkpt>
   <trkpt lat="46.5263670" lon="12.0176970">
    <ele>2313.2</ele>
    <time>2026-10-02T12:35:24Z</time>
   </trkpt>
   <trkpt lat="46.5263700" lon="12.0176960">
    <ele>2313.3</ele>
    <time>2026-10-02T12:35:25Z</time>
   </trkpt>
   <trkpt lat="46.5263800" lon="12.0176760">
    <ele>2313.7</ele>
    <time>2026-10-02T12:35:26Z</time>
   </trkpt>
   <trkpt lat="46.5263760" lon="12.0176780">
    <ele>2313.8</ele>
    <time>2026-10-02T12:35:27Z</time>
   </trkpt>
   <trkpt lat="46.5263820" lon="12.0176730">
    <ele>2313.9</ele>
    <time>2026-10-02T12:35:28Z</time>
   </trkpt>
   <trkpt lat="46.5263780" lon="12.0176640">
    <ele>2314.1</ele>
    <time>2026-10-02T12:35:29Z</time>
   </trkpt>
   <trkpt lat="46.5263810" lon="12.0176550">
    <ele>2314.3</ele>
    <time>2026-10-02T12:35:30Z</time>
   </trkpt>
   <trkpt lat="46.5263850" lon="12.0176540">
    <ele>2314.4</ele>
    <time>2026-10-02T12:35:31Z</time>
   </trkpt>
   <trkpt lat="46.5263900" lon="12.0176540">
    <ele>2314.5</ele>
    <time>2026-10-02T12:35:32Z</time>
   </trkpt>
   <trkpt lat="46.5264020" lon="12.0176440">
    <ele>2314.8</ele>
    <time>2026-10-02T12:35:33Z</time>
   </trkpt>
   <trkpt lat="46.5264040" lon="12.0176310">
    <ele>2315.0</ele>
    <time>2026-10-02T12:35:34Z</time>
   </trkpt>
   <trkpt lat="46.5264170" lon="12.0176240">
    <ele>2315.3</ele>
    <time>2026-10-02T12:35:35Z</time>
   </trkpt>
   <trkpt lat="46.5264160" lon="12.0176290">
    <ele>2315.4</ele>
    <time>2026-10-02T12:35:36Z</time>
   </trkpt>
   <trkpt lat="46.5264240" lon="12.0176200">
    <ele>2315.6</ele>
    <time>2026-10-02T12:35:37Z</time>
   </trkpt>
   <trkpt lat="46.5264330" lon="12.0176050">
    <ele>2315.9</ele>
    <time>2026-10-02T12:35:38Z</time>
   </trkpt>
   <trkpt lat="46.5264250" lon="12.0175890">
    <ele>2316.2</ele>
    <time>2026-10-02T12:35:39Z</time>
   </trkpt>
   <trkpt lat="46.5264240" lon="12.0175730">
    <ele>2316.4</ele>
    <time>2026-10-02T12:35:40Z</time>
   </trkpt>
   <trkpt lat="46.5264220" lon="12.0175670">
    <ele>2316.5</ele>
    <time>2026-10-02T12:35:41Z</time>
   </trkpt>
   <trkpt lat="46.5264220" lon="12.0175530">
    <ele>2316.7</ele>
    <time>2026-10-02T12:35:42Z</time>
   </trkpt>
   <trkpt lat="46.5264310" lon="12.0175600">
    <ele>2317.0</ele>
    <time>2026-10-02T12:35:43Z</time>
   </trkpt>
   <trkpt lat="46.5264330" lon="12.0175480">
    <ele>2317.1</ele>
    <time>2026-10-02T12:35:44Z</time>
   </trkpt>
   <trkpt lat="46.5264510" lon="12.0175640">
    <ele>2317.6</ele>
    <time>2026-10-02T12:35:45Z</time>
   </trkpt>
   <trkpt lat="46.5264540" lon="12.0175650">
    <ele>2317.7</ele>
    <time>2026-10-02T12:35:46Z</time>
   </trkpt>
   <trkpt lat="46.5264590" lon="12.0175910">
    <ele>2318.1</ele>
    <time>2026-10-02T12:35:47Z</time>
   </trkpt>
   <trkpt lat="46.5264630" lon="12.0175880">
    <ele>2318.2</ele>
    <time>2026-10-02T12:35:48Z</time>
   </trkpt>
   <trkpt lat="46.5264680" lon="12.0175900">
    <ele>2318.3</ele>
    <time>2026-10-02T12:35:49Z</time>
   </trkpt>
   <trkpt lat="46.5264690" lon="12.0175870">
    <ele>2318.3</ele>
    <time>2026-10-02T12:35:50Z</time>
   </trkpt>
   <trkpt lat="46.5264850" lon="12.0175870">
    <ele>2318.7</ele>
    <time>2026-10-02T12:35:51Z</time>
   </trkpt>
   <trkpt lat="46.5264810" lon="12.0175910">
    <ele>2318.8</ele>
    <time>2026-10-02T12:35:52Z</time>
   </trkpt>
   <trkpt lat="46.5264920" lon="12.0175920">
    <ele>2319.0</ele>
    <time>2026-10-02T12:35:53Z</time>
   </trkpt>
   <trkpt lat="46.5264900" lon="12.0175900">
    <ele>2319.1</ele>
    <time>2026-10-02T12:35:54Z</time>
   </trkpt>
   <trkpt lat="46.5265000" lon="12.0175890">
    <ele>2319.3</ele>
    <time>2026-10-02T12:35:55Z</time>
   </trkpt>
   <trkpt lat="46.5265030" lon="12.0175990">
    <ele>2319.5</ele>
    <time>2026-10-02T12:35:56Z</time>
   </trkpt>
   <trkpt lat="46.5265100" lon="12.0176020">
    <ele>2319.6</ele>
    <time>2026-10-02T12:35:57Z</time>
   </trkpt>
   <trkpt lat="46.5265160" lon="12.0176090">
    <ele>2319.8</ele>
    <time>2026-10-02T12:35:58Z</time>
   </trkpt>
   <trkpt lat="46.5265210" lon="12.0176110">
    <ele>2319.9</ele>
    <time>2026-10-02T12:35:59Z</time>
   </trkpt>
   <trkpt lat="46.5265310" lon="12.0176110">
    <ele>2320.1</ele>
    <time>2026-10-02T12:36:00Z</time>
   </trkpt>
   <trkpt lat="46.5265400" lon="12.0176080">
    <ele>2320.3</ele>
    <time>2026-10-02T12:36:01Z</time>
   </trkpt>
   <trkpt lat="46.5265500" lon="12.0176040">
    <ele>2320.6</ele>
    <time>2026-10-02T12:36:02Z</time>
   </trkpt>
   <trkpt lat="46.5265560" lon="12.0176040">
    <ele>2320.7</ele>
    <time>2026-10-02T12:36:03Z</time>
   </trkpt>
   <trkpt lat="46.5265610" lon="12.0176020">
    <ele>2320.8</ele>
    <time>2026-10-02T12:36:04Z</time>
   </trkpt>
   <trkpt lat="46.5265630" lon="12.0175980">
    <ele>2320.9</ele>
    <time>2026-10-02T12:36:05Z</time>
   </trkpt>
   <trkpt lat="46.5265660" lon="12.0175960">
    <ele>2321.0</ele>
    <time>2026-10-02T12:36:06Z</time>
   </trkpt>
   <trkpt lat="46.5265760" lon="12.0175910">
    <ele>2321.2</ele>
    <time>2026-10-02T12:36:07Z</time>
   </trkpt>
   <trkpt lat="46.5265820" lon="12.0175890">
    <ele>2321.3</ele>
    <time>2026-10-02T12:36:08Z</time>
   </trkpt>
   <trkpt lat="46.5265920" lon="12.0175940">
    <ele>2321.5</ele>
    <time>2026-10-02T12:36:09Z</time>
   </trkpt>
   <trkpt lat="46.5266030" lon="12.0175950">
    <ele>2321.8</ele>
    <time>2026-10-02T12:36:10Z</time>
   </trkpt>
   <trkpt lat="46.5266080" lon="12.0176010">
    <ele>2321.9</ele>
    <time>2026-10-02T12:36:11Z</time>
   </trkpt>
   <trkpt lat="46.5266100" lon="12.0176040">
    <ele>2322.0</ele>
    <time>2026-10-02T12:36:12Z</time>
   </trkpt>
   <trkpt lat="46.5266110" lon="12.0176020">
    <ele>2322.0</ele>
    <time>2026-10-02T12:36:13Z</time>
   </trkpt>
   <trkpt lat="46.5266170" lon="12.0176060">
    <ele>2322.2</ele>
    <time>2026-10-02T12:36:14Z</time>
   </trkpt>
   <trkpt lat="46.5266290" lon="12.0176080">
    <ele>2322.4</ele>
    <time>2026-10-02T12:36:15Z</time>
   </trkpt>
   <trkpt lat="46.5266350" lon="12.0176080">
    <ele>2322.5</ele>
    <time>2026-10-02T12:36:16Z</time>
   </trkpt>
   <trkpt lat="46.5266410" lon="12.0176080">
    <ele>2322.7</ele>
    <time>2026-10-02T12:36:17Z</time>
   </trkpt>
   <trkpt lat="46.5266470" lon="12.0176090">
    <ele>2322.8</ele>
    <time>2026-10-02T12:36:18Z</time>
   </trkpt>
   <trkpt lat="46.5266580" lon="12.0176080">
    <ele>2323.0</ele>
    <time>2026-10-02T12:36:19Z</time>
   </trkpt>
   <trkpt lat="46.5266660" lon="12.0176080">
    <ele>2323.2</ele>
    <time>2026-10-02T12:36:20Z</time>
   </trkpt>
   <trkpt lat="46.5266690" lon="12.0176070">
    <ele>2323.3</ele>
    <time>2026-10-02T12:36:21Z</time>
   </trkpt>
   <trkpt lat="46.5266750" lon="12.0176050">
    <ele>2323.4</ele>
    <time>2026-10-02T12:36:22Z</time>
   </trkpt>
   <trkpt lat="46.5266840" lon="12.0176010">
    <ele>2323.6</ele>
    <time>2026-10-02T12:36:23Z</time>
   </trkpt>
   <trkpt lat="46.5266880" lon="12.0176050">
    <ele>2323.7</ele>
    <time>2026-10-02T12:36:24Z</time>
   </trkpt>
   <trkpt lat="46.5266980" lon="12.0176030">
    <ele>2323.9</ele>
    <time>2026-10-02T12:36:25Z</time>
   </trkpt>
   <trkpt lat="46.5267040" lon="12.0176040">
    <ele>2324.1</ele>
    <time>2026-10-02T12:36:26Z</time>
   </trkpt>
   <trkpt lat="46.5267130" lon="12.0176080">
    <ele>2324.3</ele>
    <time>2026-10-02T12:36:27Z</time>
   </trkpt>
   <trkpt lat="46.5267230" lon="12.0176090">
    <ele>2324.5</ele>
    <time>2026-10-02T12:36:28Z</time>
   </trkpt>
   <trkpt lat="46.5267270" lon="12.0176140">
    <ele>2324.6</ele>
    <time>2026-10-02T12:36:30Z</time>
   </trkpt>
   <trkpt lat="46.5267330" lon="12.0176130">
    <ele>2324.7</ele>
    <time>2026-10-02T12:36:31Z</time>
   </trkpt>
   <trkpt lat="46.5267410" lon="12.0176110">
    <ele>2324.9</ele>
    <time>2026-10-02T12:36:32Z</time>
   </trkpt>
   <trkpt lat="46.5267530" lon="12.0176100">
    <ele>2325.1</ele>
    <time>2026-10-02T12:36:33Z</time>
   </trkpt>
   <trkpt lat="46.5267600" lon="12.0176090">
    <ele>2325.3</ele>
    <time>2026-10-02T12:36:34Z</time>
   </trkpt>
   <trkpt lat="46.5267670" lon="12.0176090">
    <ele>2325.4</ele>
    <time>2026-10-02T12:36:35Z</time>
   </trkpt>
   <trkpt lat="46.5267710" lon="12.0176080">
    <ele>2325.5</ele>
    <time>2026-10-02T12:36:36Z</time>
   </trkpt>
   <trkpt lat="46.5267760" lon="12.0176070">
    <ele>2325.6</ele>
    <time>2026-10-02T12:36:37Z</time>
   </trkpt>
   <trkpt lat="46.5267890" lon="12.0176050">
    <ele>2325.9</ele>
    <time>2026-10-02T12:36:38Z</time>
   </trkpt>
   <trkpt lat="46.5267950" lon="12.0176090">
    <ele>2326.0</ele>
    <time>2026-10-02T12:36:39Z</time>
   </trkpt>
   <trkpt lat="46.5267980" lon="12.0176050">
    <ele>2326.1</ele>
    <time>2026-10-02T12:36:40Z</time>
   </trkpt>
   <trkpt lat="46.5267910" lon="12.0176080">
    <ele>2326.3</ele>
    <time>2026-10-02T12:36:41Z</time>
   </trkpt>
   <trkpt lat="46.5267970" lon="12.0176020">
    <ele>2326.4</ele>
    <time>2026-10-02T12:36:42Z</time>
   </trkpt>
   <trkpt lat="46.5268050" lon="12.0175990">
    <ele>2326.6</ele>
    <time>2026-10-02T12:36:43Z</time>
   </trkpt>
   <trkpt lat="46.5268080" lon="12.0176030">
    <ele>2326.7</ele>
    <time>2026-10-02T12:36:44Z</time>
   </trkpt>
   <trkpt lat="46.5268160" lon="12.0176070">
    <ele>2326.9</ele>
    <time>2026-10-02T12:36:45Z</time>
   </trkpt>
   <trkpt lat="46.5268180" lon="12.0176140">
    <ele>2327.0</ele>
    <time>2026-10-02T12:36:46Z</time>
   </trkpt>
   <trkpt lat="46.5268260" lon="12.0176150">
    <ele>2327.2</ele>
    <time>2026-10-02T12:36:47Z</time>
   </trkpt>
   <trkpt lat="46.5268330" lon="12.0176180">
    <ele>2327.3</ele>
    <time>2026-10-02T12:36:48Z</time>
   </trkpt>
   <trkpt lat="46.5268380" lon="12.0176180">
    <ele>2327.4</ele>
    <time>2026-10-02T12:36:49Z</time>
   </trkpt>
   <trkpt lat="46.5268440" lon="12.0176200">
    <ele>2327.6</ele>
    <time>2026-10-02T12:36:50Z</time>
   </trkpt>
   <trkpt lat="46.5268510" lon="12.0176240">
    <ele>2327.7</ele>
    <time>2026-10-02T12:36:51Z</time>
   </trkpt>
   <trkpt lat="46.5268480" lon="12.0176220">
    <ele>2327.8</ele>
    <time>2026-10-02T12:36:52Z</time>
   </trkpt>
   <trkpt lat="46.5268560" lon="12.0176230">
    <ele>2328.0</ele>
    <time>2026-10-02T12:36:53Z</time>
   </trkpt>
   <trkpt lat="46.5268600" lon="12.0176220">
    <ele>2328.1</ele>
    <time>2026-10-02T12:36:54Z</time>
   </trkpt>
   <trkpt lat="46.5268680" lon="12.0176180">
    <ele>2328.3</ele>
    <time>2026-10-02T12:36:55Z</time>
   </trkpt>
   <trkpt lat="46.5268740" lon="12.0176150">
    <ele>2328.4</ele>
    <time>2026-10-02T12:36:56Z</time>
   </trkpt>
   <trkpt lat="46.5268770" lon="12.0176130">
    <ele>2328.5</ele>
    <time>2026-10-02T12:36:57Z</time>
   </trkpt>
   <trkpt lat="46.5268820" lon="12.0176100">
    <ele>2328.6</ele>
    <time>2026-10-02T12:36:58Z</time>
   </trkpt>
   <trkpt lat="46.5268890" lon="12.0176080">
    <ele>2328.8</ele>
    <time>2026-10-02T12:36:59Z</time>
   </trkpt>
   <trkpt lat="46.5268930" lon="12.0176060">
    <ele>2328.9</ele>
    <time>2026-10-02T12:37:00Z</time>
   </trkpt>
   <trkpt lat="46.5269000" lon="12.0176000">
    <ele>2329.0</ele>
    <time>2026-10-02T12:37:01Z</time>
   </trkpt>
   <trkpt lat="46.5269040" lon="12.0176070">
    <ele>2329.2</ele>
    <time>2026-10-02T12:37:02Z</time>
   </trkpt>
   <trkpt lat="46.5269110" lon="12.0176040">
    <ele>2329.3</ele>
    <time>2026-10-02T12:37:03Z</time>
   </trkpt>
   <trkpt lat="46.5269110" lon="12.0176040">
    <ele>2329.3</ele>
    <time>2026-10-02T12:37:04Z</time>
   </trkpt>
   <trkpt lat="46.5269170" lon="12.0175990">
    <ele>2329.5</ele>
    <time>2026-10-02T12:37:05Z</time>
   </trkpt>
   <trkpt lat="46.5269140" lon="12.0175970">
    <ele>2329.6</ele>
    <time>2026-10-02T12:37:06Z</time>
   </trkpt>
   <trkpt lat="46.5269250" lon="12.0175860">
    <ele>2329.9</ele>
    <time>2026-10-02T12:37:07Z</time>
   </trkpt>
   <trkpt lat="46.5269210" lon="12.0175910">
    <ele>2330.0</ele>
    <time>2026-10-02T12:37:08Z</time>
   </trkpt>
   <trkpt lat="46.5269230" lon="12.0175780">
    <ele>2330.2</ele>
    <time>2026-10-02T12:37:09Z</time>
   </trkpt>
   <trkpt lat="46.5269240" lon="12.0175720">
    <ele>2330.3</ele>
    <time>2026-10-02T12:37:10Z</time>
   </trkpt>
   <trkpt lat="46.5269300" lon="12.0175690">
    <ele>2330.4</ele>
    <time>2026-10-02T12:37:11Z</time>
   </trkpt>
   <trkpt lat="46.5269330" lon="12.0175710">
    <ele>2330.5</ele>
    <time>2026-10-02T12:37:12Z</time>
   </trkpt>
   <trkpt lat="46.5269360" lon="12.0175840">
    <ele>2330.7</ele>
    <time>2026-10-02T12:37:13Z</time>
   </trkpt>
   <trkpt lat="46.5269430" lon="12.0175780">
    <ele>2330.9</ele>
    <time>2026-10-02T12:37:14Z</time>
   </trkpt>
   <trkpt lat="46.5269490" lon="12.0175720">
    <ele>2331.1</ele>
    <time>2026-10-02T12:37:15Z</time>
   </trkpt>
   <trkpt lat="46.5269540" lon="12.0175740">
    <ele>2331.2</ele>
    <time>2026-10-02T12:37:16Z</time>
   </trkpt>
   <trkpt lat="46.5269660" lon="12.0175720">
    <ele>2331.4</ele>
    <time>2026-10-02T12:37:17Z</time>
   </trkpt>
   <trkpt lat="46.5269650" lon="12.0175750">
    <ele>2331.5</ele>
    <time>2026-10-02T12:37:18Z</time>
   </trkpt>
   <trkpt lat="46.5269740" lon="12.0175880">
    <ele>2331.8</ele>
    <time>2026-10-02T12:37:19Z</time>
   </trkpt>
   <trkpt lat="46.5269870" lon="12.0175760">
    <ele>2332.1</ele>
    <time>2026-10-02T12:37:20Z</time>
   </trkpt>
   <trkpt lat="46.5269980" lon="12.0175750">
    <ele>2332.4</ele>
    <time>2026-10-02T12:37:21Z</time>
   </trkpt>
   <trkpt lat="46.5270050" lon="12.0175730">
    <ele>2332.6</ele>
    <time>2026-10-02T12:37:22Z</time>
   </trkpt>
   <trkpt lat="46.5270120" lon="12.0175610">
    <ele>2332.8</ele>
    <time>2026-10-02T12:37:23Z</time>
   </trkpt>
   <trkpt lat="46.5270240" lon="12.0175540">
    <ele>2333.1</ele>
    <time>2026-10-02T12:37:24Z</time>
   </trkpt>
   <trkpt lat="46.5270290" lon="12.0175490">
    <ele>2333.2</ele>
    <time>2026-10-02T12:37:25Z</time>
   </trkpt>
   <trkpt lat="46.5270340" lon="12.0175550">
    <ele>2333.4</ele>
    <time>2026-10-02T12:37:26Z</time>
   </trkpt>
   <trkpt lat="46.5270410" lon="12.0175570">
    <ele>2333.6</ele>
    <time>2026-10-02T12:37:27Z</time>
   </trkpt>
   <trkpt lat="46.5270380" lon="12.0175790">
    <ele>2333.9</ele>
    <time>2026-10-02T12:37:28Z</time>
   </trkpt>
   <trkpt lat="46.5270440" lon="12.0175660">
    <ele>2334.2</ele>
    <time>2026-10-02T12:37:29Z</time>
   </trkpt>
   <trkpt lat="46.5270470" lon="12.0175690">
    <ele>2334.2</ele>
    <time>2026-10-02T12:37:30Z</time>
   </trkpt>
   <trkpt lat="46.5270510" lon="12.0175750">
    <ele>2334.4</ele>
    <time>2026-10-02T12:37:31Z</time>
   </trkpt>
   <trkpt lat="46.5270570" lon="12.0175780">
    <ele>2334.5</ele>
    <time>2026-10-02T12:37:32Z</time>
   </trkpt>
   <trkpt lat="46.5270630" lon="12.0175770">
    <ele>2334.7</ele>
    <time>2026-10-02T12:37:33Z</time>
   </trkpt>
   <trkpt lat="46.5270660" lon="12.0175710">
    <ele>2334.8</ele>
    <time>2026-10-02T12:37:34Z</time>
   </trkpt>
   <trkpt lat="46.5270710" lon="12.0175630">
    <ele>2335.0</ele>
    <time>2026-10-02T12:37:35Z</time>
   </trkpt>
   <trkpt lat="46.5270830" lon="12.0175650">
    <ele>2335.3</ele>
    <time>2026-10-02T12:37:36Z</time>
   </trkpt>
   <trkpt lat="46.5270890" lon="12.0175670">
    <ele>2335.4</ele>
    <time>2026-10-02T12:37:37Z</time>
   </trkpt>
   <trkpt lat="46.5271030" lon="12.0175700">
    <ele>2335.8</ele>
    <time>2026-10-02T12:37:38Z</time>
   </trkpt>
   <trkpt lat="46.5271090" lon="12.0175760">
    <ele>2336.0</ele>
    <time>2026-10-02T12:37:39Z</time>
   </trkpt>
   <trkpt lat="46.5271110" lon="12.0175810">
    <ele>2336.1</ele>
    <time>2026-10-02T12:37:40Z</time>
   </trkpt>
   <trkpt lat="46.5271140" lon="12.0175870">
    <ele>2336.2</ele>
    <time>2026-10-02T12:37:41Z</time>
   </trkpt>
   <trkpt lat="46.5271180" lon="12.0175860">
    <ele>2336.3</ele>
    <time>2026-10-02T12:37:42Z</time>
   </trkpt>
   <trkpt lat="46.5271240" lon="12.0175750">
    <ele>2336.5</ele>
    <time>2026-10-02T12:37:43Z</time>
   </trkpt>
   <trkpt lat="46.5271280" lon="12.0175780">
    <ele>2336.7</ele>
    <time>2026-10-02T12:37:44Z</time>
   </trkpt>
   <trkpt lat="46.5271340" lon="12.0175720">
    <ele>2336.8</ele>
    <time>2026-10-02T12:37:45Z</time>
   </trkpt>
   <trkpt lat="46.5271350" lon="12.0175780">
    <ele>2337.0</ele>
    <time>2026-10-02T12:37:46Z</time>
   </trkpt>
   <trkpt lat="46.5271380" lon="12.0175670">
    <ele>2337.2</ele>
    <time>2026-10-02T12:37:47Z</time>
   </trkpt>
   <trkpt lat="46.5271430" lon="12.0175630">
    <ele>2337.3</ele>
    <time>2026-10-02T12:37:48Z</time>
   </trkpt>
   <trkpt lat="46.5271430" lon="12.0175540">
    <ele>2337.5</ele>
    <time>2026-10-02T12:37:49Z</time>
   </trkpt>
   <trkpt lat="46.5271480" lon="12.0175550">
    <ele>2337.6</ele>
    <time>2026-10-02T12:37:50Z</time>
   </trkpt>
   <trkpt lat="46.5271490" lon="12.0175560">
    <ele>2337.6</ele>
    <time>2026-10-02T12:37:51Z</time>
   </trkpt>
   <trkpt lat="46.5271550" lon="12.0175480">
    <ele>2337.9</ele>
    <time>2026-10-02T12:37:52Z</time>
   </trkpt>
   <trkpt lat="46.5271590" lon="12.0175490">
    <ele>2338.0</ele>
    <time>2026-10-02T12:37:53Z</time>
   </trkpt>
   <trkpt lat="46.5271600" lon="12.0175540">
    <ele>2338.0</ele>
    <time>2026-10-02T12:37:54Z</time>
   </trkpt>
   <trkpt lat="46.5271630" lon="12.0175470">
    <ele>2338.2</ele>
    <time>2026-10-02T12:37:55Z</time>
   </trkpt>
   <trkpt lat="46.5271640" lon="12.0175510">
    <ele>2338.3</ele>
    <time>2026-10-02T12:37:56Z</time>
   </trkpt>
   <trkpt lat="46.5271630" lon="12.0175460">
    <ele>2338.4</ele>
    <time>2026-10-02T12:37:57Z</time>
   </trkpt>
   <trkpt lat="46.5271630" lon="12.0175440">
    <ele>2338.4</ele>
    <time>2026-10-02T12:37:58Z</time>
   </trkpt>
   <trkpt lat="46.5271670" lon="12.0175400">
    <ele>2338.5</ele>
    <time>2026-10-02T12:37:59Z</time>
   </trkpt>
   <trkpt lat="46.5271730" lon="12.0175570">
    <ele>2338.9</ele>
    <time>2026-10-02T12:38:00Z</time>
   </trkpt>
   <trkpt lat="46.5271740" lon="12.0175470">
    <ele>2339.0</ele>
    <time>2026-10-02T12:38:01Z</time>
   </trkpt>
   <trkpt lat="46.5271690" lon="12.0175400">
    <ele>2339.2</ele>
    <time>2026-10-02T12:38:02Z</time>
   </trkpt>
   <trkpt lat="46.5271660" lon="12.0175380">
    <ele>2339.3</ele>
    <time>2026-10-02T12:38:03Z</time>
   </trkpt>
   <trkpt lat="46.5271670" lon="12.0175350">
    <ele>2339.4</ele>
    <time>2026-10-02T12:38:04Z</time>
   </trkpt>
   <trkpt lat="46.5271670" lon="12.0175350">
    <ele>2339.4</ele>
    <time>2026-10-02T12:38:05Z</time>
   </trkpt>
   <trkpt lat="46.5271840" lon="12.0175350">
    <ele>2339.8</ele>
    <time>2026-10-02T12:38:06Z</time>
   </trkpt>
   <trkpt lat="46.5271850" lon="12.0175310">
    <ele>2339.9</ele>
    <time>2026-10-02T12:38:07Z</time>
   </trkpt>
   <trkpt lat="46.5271820" lon="12.0175360">
    <ele>2340.0</ele>
    <time>2026-10-02T12:38:08Z</time>
   </trkpt>
   <trkpt lat="46.5271880" lon="12.0175340">
    <ele>2340.2</ele>
    <time>2026-10-02T12:38:09Z</time>
   </trkpt>
   <trkpt lat="46.5271880" lon="12.0175330">
    <ele>2340.2</ele>
    <time>2026-10-02T12:38:10Z</time>
   </trkpt>
   <trkpt lat="46.5271940" lon="12.0175310">
    <ele>2340.4</ele>
    <time>2026-10-02T12:38:11Z</time>
   </trkpt>
   <trkpt lat="46.5272000" lon="12.0175360">
    <ele>2340.6</ele>
    <time>2026-10-02T12:38:12Z</time>
   </trkpt>
   <trkpt lat="46.5272010" lon="12.0175370">
    <ele>2340.6</ele>
    <time>2026-10-02T12:38:13Z</time>
   </trkpt>
   <trkpt lat="46.5272100" lon="12.0175300">
    <ele>2340.9</ele>
    <time>2026-10-02T12:38:14Z</time>
   </trkpt>
   <trkpt lat="46.5272110" lon="12.0175260">
    <ele>2341.0</ele>
    <time>2026-10-02T12:38:15Z</time>
   </trkpt>
   <trkpt lat="46.5272220" lon="12.0175260">
    <ele>2341.3</ele>
    <time>2026-10-02T12:38:16Z</time>
   </trkpt>
   <trkpt lat="46.5272290" lon="12.0175260">
    <ele>2341.5</ele>
    <time>2026-10-02T12:38:17Z</time>
   </trkpt>
   <trkpt lat="46.5272270" lon="12.0175180">
    <ele>2341.6</ele>
    <time>2026-10-02T12:38:18Z</time>
   </trkpt>
   <trkpt lat="46.5272400" lon="12.0175090">
    <ele>2342.0</ele>
    <time>2026-10-02T12:38:19Z</time>
   </trkpt>
   <trkpt lat="46.5272490" lon="12.0175050">
    <ele>2342.3</ele>
    <time>2026-10-02T12:38:20Z</time>
   </trkpt>
   <trkpt lat="46.5272590" lon="12.0174980">
    <ele>2342.6</ele>
    <time>2026-10-02T12:38:21Z</time>
   </trkpt>
   <trkpt lat="46.5272650" lon="12.0175020">
    <ele>2342.8</ele>
    <time>2026-10-02T12:38:22Z</time>
   </trkpt>
   <trkpt lat="46.5272660" lon="12.0174960">
    <ele>2342.9</ele>
    <time>2026-10-02T12:38:23Z</time>
   </trkpt>
   <trkpt lat="46.5272680" lon="12.0175010">
    <ele>2343.0</ele>
    <time>2026-10-02T12:38:24Z</time>
   </trkpt>
   <trkpt lat="46.5272730" lon="12.0175020">
    <ele>2343.1</ele>
    <time>2026-10-02T12:38:25Z</time>
   </trkpt>
   <trkpt lat="46.5272810" lon="12.0175060">
    <ele>2343.4</ele>
    <time>2026-10-02T12:38:26Z</time>
   </trkpt>
   <trkpt lat="46.5272830" lon="12.0174990">
    <ele>2343.5</ele>
    <time>2026-10-02T12:38:27Z</time>
   </trkpt>
   <trkpt lat="46.5272890" lon="12.0174920">
    <ele>2343.7</ele>
    <time>2026-10-02T12:38:28Z</time>
   </trkpt>
   <trkpt lat="46.5272900" lon="12.0174900">
    <ele>2343.8</ele>
    <time>2026-10-02T12:38:29Z</time>
   </trkpt>
   <trkpt lat="46.5272940" lon="12.0174840">
    <ele>2343.9</ele>
    <time>2026-10-02T12:38:30Z</time>
   </trkpt>
   <trkpt lat="46.5272970" lon="12.0174830">
    <ele>2344.0</ele>
    <time>2026-10-02T12:38:31Z</time>
   </trkpt>
   <trkpt lat="46.5273000" lon="12.0174910">
    <ele>2344.2</ele>
    <time>2026-10-02T12:38:32Z</time>
   </trkpt>
   <trkpt lat="46.5272960" lon="12.0174830">
    <ele>2344.4</ele>
    <time>2026-10-02T12:38:33Z</time>
   </trkpt>
   <trkpt lat="46.5272910" lon="12.0174830">
    <ele>2344.5</ele>
    <time>2026-10-02T12:38:34Z</time>
   </trkpt>
   <trkpt lat="46.5272910" lon="12.0174830">
    <ele>2344.5</ele>
    <time>2026-10-02T12:38:35Z</time>
   </trkpt>
   <trkpt lat="46.5272820" lon="12.0174890">
    <ele>2344.8</ele>
    <time>2026-10-02T12:38:36Z</time>
   </trkpt>
   <trkpt lat="46.5272850" lon="12.0174860">
    <ele>2344.9</ele>
    <time>2026-10-02T12:38:37Z</time>
   </trkpt>
   <trkpt lat="46.5272920" lon="12.0174750">
    <ele>2345.2</ele>
    <time>2026-10-02T12:38:38Z</time>
   </trkpt>
   <trkpt lat="46.5272980" lon="12.0174620">
    <ele>2345.5</ele>
    <time>2026-10-02T12:38:39Z</time>
   </trkpt>
   <trkpt lat="46.5273000" lon="12.0174680">
    <ele>2345.6</ele>
    <time>2026-10-02T12:38:40Z</time>
   </trkpt>
   <trkpt lat="46.5272990" lon="12.0174630">
    <ele>2345.7</ele>
    <time>2026-10-02T12:38:41Z</time>
   </trkpt>
   <trkpt lat="46.5273020" lon="12.0174450">
    <ele>2346.0</ele>
    <time>2026-10-02T12:38:42Z</time>
   </trkpt>
   <trkpt lat="46.5273050" lon="12.0174390">
    <ele>2346.2</ele>
    <time>2026-10-02T12:38:43Z</time>
   </trkpt>
   <trkpt lat="46.5273080" lon="12.0174320">
    <ele>2346.3</ele>
    <time>2026-10-02T12:38:44Z</time>
   </trkpt>
   <trkpt lat="46.5273260" lon="12.0174120">
    <ele>2347.0</ele>
    <time>2026-10-02T12:38:45Z</time>
   </trkpt>
   <trkpt lat="46.5273220" lon="12.0174190">
    <ele>2347.1</ele>
    <time>2026-10-02T12:38:46Z</time>
   </trkpt>
   <trkpt lat="46.5273270" lon="12.0174160">
    <ele>2347.3</ele>
    <time>2026-10-02T12:38:47Z</time>
   </trkpt>
   <trkpt lat="46.5273240" lon="12.0174000">
    <ele>2347.6</ele>
    <time>2026-10-02T12:38:48Z</time>
   </trkpt>
   <trkpt lat="46.5273340" lon="12.0173910">
    <ele>2347.9</ele>
    <time>2026-10-02T12:38:49Z</time>
   </trkpt>
   <trkpt lat="46.5273400" lon="12.0173770">
    <ele>2348.2</ele>
    <time>2026-10-02T12:38:50Z</time>
   </trkpt>
   <trkpt lat="46.5273390" lon="12.0173610">
    <ele>2348.5</ele>
    <time>2026-10-02T12:38:51Z</time>
   </trkpt>
   <trkpt lat="46.5273420" lon="12.0173440">
    <ele>2348.9</ele>
    <time>2026-10-02T12:38:52Z</time>
   </trkpt>
   <trkpt lat="46.5273470" lon="12.0173370">
    <ele>2349.0</ele>
    <time>2026-10-02T12:38:53Z</time>
   </trkpt>
   <trkpt lat="46.5273520" lon="12.0173190">
    <ele>2349.4</ele>
    <time>2026-10-02T12:38:54Z</time>
   </trkpt>
   <trkpt lat="46.5273470" lon="12.0173330">
    <ele>2349.7</ele>
    <time>2026-10-02T12:38:55Z</time>
   </trkpt>
   <trkpt lat="46.5273510" lon="12.0173280">
    <ele>2349.8</ele>
    <time>2026-10-02T12:38:56Z</time>
   </trkpt>
   <trkpt lat="46.5273480" lon="12.0173300">
    <ele>2349.9</ele>
    <time>2026-10-02T12:38:57Z</time>
   </trkpt>
   <trkpt lat="46.5273430" lon="12.0173450">
    <ele>2350.2</ele>
    <time>2026-10-02T12:38:58Z</time>
   </trkpt>
   <trkpt lat="46.5273350" lon="12.0173470">
    <ele>2350.4</ele>
    <time>2026-10-02T12:38:59Z</time>
   </trkpt>
   <trkpt lat="46.5273340" lon="12.0173380">
    <ele>2350.6</ele>
    <time>2026-10-02T12:39:00Z</time>
   </trkpt>
   <trkpt lat="46.5273260" lon="12.0173400">
    <ele>2350.8</ele>
    <time>2026-10-02T12:39:01Z</time>
   </trkpt>
   <trkpt lat="46.5273300" lon="12.0173400">
    <ele>2350.9</ele>
    <time>2026-10-02T12:39:02Z</time>
   </trkpt>
   <trkpt lat="46.5273260" lon="12.0173380">
    <ele>2351.0</ele>
    <time>2026-10-02T12:39:03Z</time>
   </trkpt>
   <trkpt lat="46.5273330" lon="12.0173350">
    <ele>2351.2</ele>
    <time>2026-10-02T12:39:04Z</time>
   </trkpt>
   <trkpt lat="46.5273370" lon="12.0173270">
    <ele>2351.4</ele>
    <time>2026-10-02T12:39:05Z</time>
   </trkpt>
   <trkpt lat="46.5273430" lon="12.0173210">
    <ele>2351.6</ele>
    <time>2026-10-02T12:39:06Z</time>
   </trkpt>
   <trkpt lat="46.5273350" lon="12.0173190">
    <ele>2351.8</ele>
    <time>2026-10-02T12:39:07Z</time>
   </trkpt>
   <trkpt lat="46.5273300" lon="12.0173190">
    <ele>2352.0</ele>
    <time>2026-10-02T12:39:08Z</time>
   </trkpt>
   <trkpt lat="46.5273390" lon="12.0173240">
    <ele>2352.2</ele>
    <time>2026-10-02T12:39:09Z</time>
   </trkpt>
   <trkpt lat="46.5273440" lon="12.0173210">
    <ele>2352.4</ele>
    <time>2026-10-02T12:39:10Z</time>
   </trkpt>
   <trkpt lat="46.5273410" lon="12.0173160">
    <ele>2352.5</ele>
    <time>2026-10-02T12:39:11Z</time>
   </trkpt>
   <trkpt lat="46.5273480" lon="12.0173100">
    <ele>2352.7</ele>
    <time>2026-10-02T12:39:12Z</time>
   </trkpt>
   <trkpt lat="46.5273520" lon="12.0173010">
    <ele>2352.9</ele>
    <time>2026-10-02T12:39:13Z</time>
   </trkpt>
   <trkpt lat="46.5273520" lon="12.0173020">
    <ele>2352.9</ele>
    <time>2026-10-02T12:39:14Z</time>
   </trkpt>
   <trkpt lat="46.5273550" lon="12.0173050">
    <ele>2353.0</ele>
    <time>2026-10-02T12:39:15Z</time>
   </trkpt>
   <trkpt lat="46.5273570" lon="12.0172970">
    <ele>2353.2</ele>
    <time>2026-10-02T12:39:16Z</time>
   </trkpt>
   <trkpt lat="46.5273590" lon="12.0172960">
    <ele>2353.2</ele>
    <time>2026-10-02T12:39:17Z</time>
   </trkpt>
   <trkpt lat="46.5273600" lon="12.0172940">
    <ele>2353.3</ele>
    <time>2026-10-02T12:39:18Z</time>
   </trkpt>
   <trkpt lat="46.5273610" lon="12.0172920">
    <ele>2353.3</ele>
    <time>2026-10-02T12:39:19Z</time>
   </trkpt>
   <trkpt lat="46.5273710" lon="12.0172860">
    <ele>2353.6</ele>
    <time>2026-10-02T12:39:20Z</time>
   </trkpt>
   <trkpt lat="46.5273720" lon="12.0172800">
    <ele>2353.7</ele>
    <time>2026-10-02T12:39:21Z</time>
   </trkpt>
   <trkpt lat="46.5273740" lon="12.0172750">
    <ele>2353.8</ele>
    <time>2026-10-02T12:39:22Z</time>
   </trkpt>
   <trkpt lat="46.5273710" lon="12.0172720">
    <ele>2353.9</ele>
    <time>2026-10-02T12:39:23Z</time>
   </trkpt>
   <trkpt lat="46.5273730" lon="12.0172750">
    <ele>2354.0</ele>
    <time>2026-10-02T12:39:24Z</time>
   </trkpt>
   <trkpt lat="46.5273700" lon="12.0172670">
    <ele>2354.2</ele>
    <time>2026-10-02T12:39:25Z</time>
   </trkpt>
   <trkpt lat="46.5273690" lon="12.0172760">
    <ele>2354.4</ele>
    <time>2026-10-02T12:39:26Z</time>
   </trkpt>
   <trkpt lat="46.5273730" lon="12.0172650">
    <ele>2354.6</ele>
    <time>2026-10-02T12:39:27Z</time>
   </trkpt>
   <trkpt lat="46.5273740" lon="12.0172650">
    <ele>2354.6</ele>
    <time>2026-10-02T12:39:28Z</time>
   </trkpt>
   <trkpt lat="46.5273730" lon="12.0172620">
    <ele>2354.7</ele>
    <time>2026-10-02T12:39:29Z</time>
   </trkpt>
   <trkpt lat="46.5273730" lon="12.0172550">
    <ele>2354.8</ele>
    <time>2026-10-02T12:39:30Z</time>
   </trkpt>
   <trkpt lat="46.5273790" lon="12.0172480">
    <ele>2355.0</ele>
    <time>2026-10-02T12:39:31Z</time>
   </trkpt>
   <trkpt lat="46.5273750" lon="12.0172420">
    <ele>2355.2</ele>
    <time>2026-10-02T12:39:32Z</time>
   </trkpt>
   <trkpt lat="46.5273750" lon="12.0172420">
    <ele>2355.2</ele>
    <time>2026-10-02T12:39:33Z</time>
   </trkpt>
   <trkpt lat="46.5273800" lon="12.0172290">
    <ele>2355.4</ele>
    <time>2026-10-02T12:39:34Z</time>
   </trkpt>
   <trkpt lat="46.5273800" lon="12.0172270">
    <ele>2355.5</ele>
    <time>2026-10-02T12:39:35Z</time>
   </trkpt>
   <trkpt lat="46.5273870" lon="12.0172240">
    <ele>2355.7</ele>
    <time>2026-10-02T12:39:36Z</time>
   </trkpt>
   <trkpt lat="46.5273850" lon="12.0172200">
    <ele>2355.8</ele>
    <time>2026-10-02T12:39:37Z</time>
   </trkpt>
   <trkpt lat="46.5273850" lon="12.0172230">
    <ele>2355.8</ele>
    <time>2026-10-02T12:39:38Z</time>
   </trkpt>
   <trkpt lat="46.5273880" lon="12.0172080">
    <ele>2356.1</ele>
    <time>2026-10-02T12:39:39Z</time>
   </trkpt>
   <trkpt lat="46.5273870" lon="12.0171990">
    <ele>2356.3</ele>
    <time>2026-10-02T12:39:40Z</time>
   </trkpt>
   <trkpt lat="46.5273860" lon="12.0171900">
    <ele>2356.5</ele>
    <time>2026-10-02T12:39:41Z</time>
   </trkpt>
   <trkpt lat="46.5273840" lon="12.0171790">
    <ele>2356.7</ele>
    <time>2026-10-02T12:39:42Z</time>
   </trkpt>
   <trkpt lat="46.5273810" lon="12.0171500">
    <ele>2357.3</ele>
    <time>2026-10-02T12:39:43Z</time>
   </trkpt>
   <trkpt lat="46.5273810" lon="12.0171500">
    <ele>2357.3</ele>
    <time>2026-10-02T12:39:44Z</time>
   </trkpt>
   <trkpt lat="46.5273810" lon="12.0171500">
    <ele>2357.3</ele>
    <time>2026-10-02T12:39:45Z</time>
   </trkpt>
   <trkpt lat="46.5273810" lon="12.0171500">
    <ele>2357.3</ele>
    <time>2026-10-02T12:39:46Z</time>
   </trkpt>
   <trkpt lat="46.5273810" lon="12.0171500">
    <ele>2357.3</ele>
    <time>2026-10-02T12:39:47Z</time>
   </trkpt>
   <trkpt lat="46.5273810" lon="12.0171500">
    <ele>2357.3</ele>
    <time>2026-10-02T12:39:48Z</time>
   </trkpt>
   <trkpt lat="46.5273810" lon="12.0171500">
    <ele>2357.3</ele>
    <time>2026-10-02T12:39:49Z</time>
   </trkpt>
   <trkpt lat="46.5273930" lon="12.0171520">
    <ele>2357.6</ele>
    <time>2026-10-02T12:39:50Z</time>
   </trkpt>
   <trkpt lat="46.5273930" lon="12.0171520">
    <ele>2357.6</ele>
    <time>2026-10-02T12:39:51Z</time>
   </trkpt>
   <trkpt lat="46.5273930" lon="12.0171520">
    <ele>2357.6</ele>
    <time>2026-10-02T12:39:52Z</time>
   </trkpt>
   <trkpt lat="46.5273930" lon="12.0171520">
    <ele>2357.6</ele>
    <time>2026-10-02T12:39:53Z</time>
   </trkpt>
   <trkpt lat="46.5273930" lon="12.0171520">
    <ele>2357.6</ele>
    <time>2026-10-02T12:39:54Z</time>
   </trkpt>
   <trkpt lat="46.5273930" lon="12.0171520">
    <ele>2357.6</ele>
    <time>2026-10-02T12:39:55Z</time>
   </trkpt>
   <trkpt lat="46.5273930" lon="12.0171520">
    <ele>2357.6</ele>
    <time>2026-10-02T12:39:56Z</time>
   </trkpt>
   <trkpt lat="46.5273930" lon="12.0171520">
    <ele>2357.6</ele>
    <time>2026-10-02T12:39:57Z</time>
   </trkpt>
   <trkpt lat="46.5273930" lon="12.0171520">
    <ele>2357.6</ele>
    <time>2026-10-02T12:39:58Z</time>
   </trkpt>
   <trkpt lat="46.5274060" lon="12.0171530">
    <ele>2358.0</ele>
    <time>2026-10-02T12:39:59Z</time>
   </trkpt>
   <trkpt lat="46.5274060" lon="12.0171530">
    <ele>2358.0</ele>
    <time>2026-10-02T12:40:00Z</time>
   </trkpt>
   <trkpt lat="46.5274060" lon="12.0171530">
    <ele>2358.0</ele>
    <time>2026-10-02T12:40:01Z</time>
   </trkpt>
   <trkpt lat="46.5274060" lon="12.0171530">
    <ele>2358.0</ele>
    <time>2026-10-02T12:40:02Z</time>
   </trkpt>
   <trkpt lat="46.5274060" lon="12.0171530">
    <ele>2358.0</ele>
    <time>2026-10-02T12:40:03Z</time>
   </trkpt>
   <trkpt lat="46.5274060" lon="12.0171530">
    <ele>2358.0</ele>
    <time>2026-10-02T12:40:04Z</time>
   </trkpt>
   <trkpt lat="46.5274060" lon="12.0171530">
    <ele>2358.0</ele>
    <time>2026-10-02T12:40:05Z</time>
   </trkpt>
   <trkpt lat="46.5274190" lon="12.0171550">
    <ele>2358.3</ele>
    <time>2026-10-02T12:40:06Z</time>
   </trkpt>
   <trkpt lat="46.5274190" lon="12.0171550">
    <ele>2358.3</ele>
    <time>2026-10-02T12:40:07Z</time>
   </trkpt>
   <trkpt lat="46.5274190" lon="12.0171550">
    <ele>2358.3</ele>
    <time>2026-10-02T12:40:08Z</time>
   </trkpt>
   <trkpt lat="46.5274190" lon="12.0171550">
    <ele>2358.3</ele>
    <time>2026-10-02T12:40:09Z</time>
   </trkpt>
   <trkpt lat="46.5274190" lon="12.0171550">
    <ele>2358.3</ele>
    <time>2026-10-02T12:40:10Z</time>
   </trkpt>
   <trkpt lat="46.5274190" lon="12.0171550">
    <ele>2358.3</ele>
    <time>2026-10-02T12:40:11Z</time>
   </trkpt>
   <trkpt lat="46.5274190" lon="12.0171550">
    <ele>2358.3</ele>
    <time>2026-10-02T12:40:12Z</time>
   </trkpt>
   <trkpt lat="46.5274190" lon="12.0171550">
    <ele>2358.3</ele>
    <time>2026-10-02T12:40:13Z</time>
   </trkpt>
   <trkpt lat="46.5274190" lon="12.0171550">
    <ele>2358.3</ele>
    <time>2026-10-02T12:40:14Z</time>
   </trkpt>
   <trkpt lat="46.5274190" lon="12.0171550">
    <ele>2358.3</ele>
    <time>2026-10-02T12:40:15Z</time>
   </trkpt>
   <trkpt lat="46.5274340" lon="12.0171570">
    <ele>2358.7</ele>
    <time>2026-10-02T12:40:16Z</time>
   </trkpt>
   <trkpt lat="46.5274340" lon="12.0171570">
    <ele>2358.7</ele>
    <time>2026-10-02T12:40:17Z</time>
   </trkpt>
   <trkpt lat="46.5274340" lon="12.0171570">
    <ele>2358.7</ele>
    <time>2026-10-02T12:40:18Z</time>
   </trkpt>
   <trkpt lat="46.5274340" lon="12.0171570">
    <ele>2358.7</ele>
    <time>2026-10-02T12:40:19Z</time>
   </trkpt>
   <trkpt lat="46.5274340" lon="12.0171570">
    <ele>2358.7</ele>
    <time>2026-10-02T12:40:20Z</time>
   </trkpt>
   <trkpt lat="46.5274340" lon="12.0171570">
    <ele>2358.7</ele>
    <time>2026-10-02T12:40:21Z</time>
   </trkpt>
   <trkpt lat="46.5274340" lon="12.0171570">
    <ele>2358.7</ele>
    <time>2026-10-02T12:40:22Z</time>
   </trkpt>
   <trkpt lat="46.5274340" lon="12.0171570">
    <ele>2358.7</ele>
    <time>2026-10-02T12:40:23Z</time>
   </trkpt>
   <trkpt lat="46.5274480" lon="12.0171590">
    <ele>2359.1</ele>
    <time>2026-10-02T12:40:24Z</time>
   </trkpt>
   <trkpt lat="46.5274480" lon="12.0171590">
    <ele>2359.1</ele>
    <time>2026-10-02T12:40:25Z</time>
   </trkpt>
   <trkpt lat="46.5274480" lon="12.0171590">
    <ele>2359.1</ele>
    <time>2026-10-02T12:40:26Z</time>
   </trkpt>
   <trkpt lat="46.5274480" lon="12.0171590">
    <ele>2359.1</ele>
    <time>2026-10-02T12:40:27Z</time>
   </trkpt>
   <trkpt lat="46.5274480" lon="12.0171590">
    <ele>2359.1</ele>
    <time>2026-10-02T12:40:28Z</time>
   </trkpt>
   <trkpt lat="46.5274480" lon="12.0171590">
    <ele>2359.1</ele>
    <time>2026-10-02T12:40:29Z</time>
   </trkpt>
   <trkpt lat="46.5274480" lon="12.0171590">
    <ele>2359.1</ele>
    <time>2026-10-02T12:40:30Z</time>
   </trkpt>
   <trkpt lat="46.5274600" lon="12.0171610">
    <ele>2359.5</ele>
    <time>2026-10-02T12:40:31Z</time>
   </trkpt>
   <trkpt lat="46.5274600" lon="12.0171610">
    <ele>2359.5</ele>
    <time>2026-10-02T12:40:32Z</time>
   </trkpt>
   <trkpt lat="46.5274600" lon="12.0171610">
    <ele>2359.5</ele>
    <time>2026-10-02T12:40:33Z</time>
   </trkpt>
   <trkpt lat="46.5274600" lon="12.0171610">
    <ele>2359.5</ele>
    <time>2026-10-02T12:40:34Z</time>
   </trkpt>
   <trkpt lat="46.5274600" lon="12.0171610">
    <ele>2359.5</ele>
    <time>2026-10-02T12:40:35Z</time>
   </trkpt>
   <trkpt lat="46.5274730" lon="12.0171620">
    <ele>2359.8</ele>
    <time>2026-10-02T12:40:36Z</time>
   </trkpt>
   <trkpt lat="46.5274730" lon="12.0171620">
    <ele>2359.8</ele>
    <time>2026-10-02T12:40:37Z</time>
   </trkpt>
   <trkpt lat="46.5274730" lon="12.0171620">
    <ele>2359.8</ele>
    <time>2026-10-02T12:40:38Z</time>
   </trkpt>
   <trkpt lat="46.5274730" lon="12.0171620">
    <ele>2359.8</ele>
    <time>2026-10-02T12:40:39Z</time>
   </trkpt>
   <trkpt lat="46.5274730" lon="12.0171620">
    <ele>2359.8</ele>
    <time>2026-10-02T12:40:40Z</time>
   </trkpt>
   <trkpt lat="46.5274730" lon="12.0171620">
    <ele>2359.8</ele>
    <time>2026-10-02T12:40:41Z</time>
   </trkpt>
   <trkpt lat="46.5274730" lon="12.0171620">
    <ele>2359.8</ele>
    <time>2026-10-02T12:40:42Z</time>
   </trkpt>
   <trkpt lat="46.5274730" lon="12.0171620">
    <ele>2359.8</ele>
    <time>2026-10-02T12:40:43Z</time>
   </trkpt>
   <trkpt lat="46.5274730" lon="12.0171620">
    <ele>2359.8</ele>
    <time>2026-10-02T12:40:44Z</time>
   </trkpt>
   <trkpt lat="46.5274730" lon="12.0171620">
    <ele>2359.8</ele>
    <time>2026-10-02T12:40:45Z</time>
   </trkpt>
   <trkpt lat="46.5274730" lon="12.0171620">
    <ele>2359.8</ele>
    <time>2026-10-02T12:40:46Z</time>
   </trkpt>
   <trkpt lat="46.5274730" lon="12.0171620">
    <ele>2359.8</ele>
    <time>2026-10-02T12:40:47Z</time>
   </trkpt>
   <trkpt lat="46.5274850" lon="12.0171640">
    <ele>2360.2</ele>
    <time>2026-10-02T12:40:48Z</time>
   </trkpt>
   <trkpt lat="46.5274850" lon="12.0171640">
    <ele>2360.2</ele>
    <time>2026-10-02T12:40:49Z</time>
   </trkpt>
   <trkpt lat="46.5274850" lon="12.0171640">
    <ele>2360.2</ele>
    <time>2026-10-02T12:40:50Z</time>
   </trkpt>
   <trkpt lat="46.5274850" lon="12.0171640">
    <ele>2360.2</ele>
    <time>2026-10-02T12:40:51Z</time>
   </trkpt>
   <trkpt lat="46.5274850" lon="12.0171640">
    <ele>2360.2</ele>
    <time>2026-10-02T12:40:52Z</time>
   </trkpt>
   <trkpt lat="46.5274850" lon="12.0171640">
    <ele>2360.2</ele>
    <time>2026-10-02T12:40:53Z</time>
   </trkpt>
   <trkpt lat="46.5274850" lon="12.0171640">
    <ele>2360.2</ele>
    <time>2026-10-02T12:40:54Z</time>
   </trkpt>
   <trkpt lat="46.5274970" lon="12.0171660">
    <ele>2360.5</ele>
    <time>2026-10-02T12:40:55Z</time>
   </trkpt>
   <trkpt lat="46.5274980" lon="12.0171660">
    <ele>2360.5</ele>
    <time>2026-10-02T12:40:56Z</time>
   </trkpt>
   <trkpt lat="46.5274990" lon="12.0171660">
    <ele>2360.6</ele>
    <time>2026-10-02T12:40:57Z</time>
   </trkpt>
   <trkpt lat="46.5275000" lon="12.0171660">
    <ele>2360.6</ele>
    <time>2026-10-02T12:40:58Z</time>
   </trkpt>
   <trkpt lat="46.5275010" lon="12.0171660">
    <ele>2360.6</ele>
    <time>2026-10-02T12:40:59Z</time>
   </trkpt>
   <trkpt lat="46.5275030" lon="12.0171660">
    <ele>2360.7</ele>
    <time>2026-10-02T12:41:00Z</time>
   </trkpt>
   <trkpt lat="46.5275040" lon="12.0171660">
    <ele>2360.7</ele>
    <time>2026-10-02T12:41:01Z</time>
   </trkpt>
   <trkpt lat="46.5275050" lon="12.0171670">
    <ele>2360.7</ele>
    <time>2026-10-02T12:41:02Z</time>
   </trkpt>
   <trkpt lat="46.5275060" lon="12.0171670">
    <ele>2360.8</ele>
    <time>2026-10-02T12:41:03Z</time>
   </trkpt>
   <trkpt lat="46.5275070" lon="12.0171670">
    <ele>2360.8</ele>
    <time>2026-10-02T12:41:04Z</time>
   </trkpt>
   <trkpt lat="46.5275080" lon="12.0171670">
    <ele>2360.8</ele>
    <time>2026-10-02T12:41:05Z</time>
   </trkpt>
   <trkpt lat="46.5275100" lon="12.0171670">
    <ele>2360.9</ele>
    <time>2026-10-02T12:41:06Z</time>
   </trkpt>
   <trkpt lat="46.5275110" lon="12.0171670">
    <ele>2360.9</ele>
    <time>2026-10-02T12:41:07Z</time>
   </trkpt>
   <trkpt lat="46.5275120" lon="12.0171680">
    <ele>2360.9</ele>
    <time>2026-10-02T12:41:08Z</time>
   </trkpt>
   <trkpt lat="46.5275130" lon="12.0171680">
    <ele>2361.0</ele>
    <time>2026-10-02T12:41:09Z</time>
   </trkpt>
   <trkpt lat="46.5275140" lon="12.0171680">
    <ele>2361.0</ele>
    <time>2026-10-02T12:41:10Z</time>
   </trkpt>
   <trkpt lat="46.5275140" lon="12.0171680">
    <ele>2361.0</ele>
    <time>2026-10-02T12:41:11Z</time>
   </trkpt>
   <trkpt lat="46.5275140" lon="12.0171680">
    <ele>2361.0</ele>
    <time>2026-10-02T12:41:12Z</time>
   </trkpt>
   <trkpt lat="46.5275140" lon="12.0171680">
    <ele>2361.0</ele>
    <time>2026-10-02T12:41:13Z</time>
   </trkpt>
   <trkpt lat="46.5275140" lon="12.0171680">
    <ele>2361.0</ele>
    <time>2026-10-02T12:41:14Z</time>
   </trkpt>
   <trkpt lat="46.5275140" lon="12.0171680">
    <ele>2361.0</ele>
    <time>2026-10-02T12:41:15Z</time>
   </trkpt>
   <trkpt lat="46.5275140" lon="12.0171680">
    <ele>2361.0</ele>
    <time>2026-10-02T12:41:16Z</time>
   </trkpt>
   <trkpt lat="46.5275140" lon="12.0171680">
    <ele>2361.0</ele>
    <time>2026-10-02T12:41:17Z</time>
   </trkpt>
   <trkpt lat="46.5275140" lon="12.0171680">
    <ele>2361.0</ele>
    <time>2026-10-02T12:41:18Z</time>
   </trkpt>
   <trkpt lat="46.5275140" lon="12.0171680">
    <ele>2361.0</ele>
    <time>2026-10-02T12:41:19Z</time>
   </trkpt>
   <trkpt lat="46.5275140" lon="12.0171680">
    <ele>2361.0</ele>
    <time>2026-10-02T12:41:20Z</time>
   </trkpt>
   <trkpt lat="46.5275140" lon="12.0171680">
    <ele>2361.0</ele>
    <time>2026-10-02T12:41:21Z</time>
   </trkpt>
   <trkpt lat="46.5275140" lon="12.0171680">
    <ele>2361.0</ele>
    <time>2026-10-02T12:41:22Z</time>
   </trkpt>
   <trkpt lat="46.5275140" lon="12.0171680">
    <ele>2361.0</ele>
    <time>2026-10-02T12:41:23Z</time>
   </trkpt>
   <trkpt lat="46.5275140" lon="12.0171680">
    <ele>2361.0</ele>
    <time>2026-10-02T12:41:24Z</time>
   </trkpt>
   <trkpt lat="46.5275140" lon="12.0171680">
    <ele>2361.0</ele>
    <time>2026-10-02T12:41:25Z</time>
   </trkpt>
   <trkpt lat="46.5275140" lon="12.0171680">
    <ele>2361.0</ele>
    <time>2026-10-02T12:41:26Z</time>
   </trkpt>
   <trkpt lat="46.5275140" lon="12.0171680">
    <ele>2361.0</ele>
    <time>2026-10-02T12:41:27Z</time>
   </trkpt>
   <trkpt lat="46.5275140" lon="12.0171680">
    <ele>2361.0</ele>
    <time>2026-10-02T12:41:28Z</time>
   </trkpt>
   <trkpt lat="46.5275140" lon="12.0171680">
    <ele>2361.0</ele>
    <time>2026-10-02T12:41:29Z</time>
   </trkpt>
   <trkpt lat="46.5275300" lon="12.0171700">
    <ele>2361.4</ele>
    <time>2026-10-02T12:41:30Z</time>
   </trkpt>
   <trkpt lat="46.5275350" lon="12.0171570">
    <ele>2361.7</ele>
    <time>2026-10-02T12:41:31Z</time>
   </trkpt>
   <trkpt lat="46.5275340" lon="12.0171380">
    <ele>2362.1</ele>
    <time>2026-10-02T12:41:32Z</time>
   </trkpt>
   <trkpt lat="46.5275390" lon="12.0171400">
    <ele>2362.2</ele>
    <time>2026-10-02T12:41:33Z</time>
   </trkpt>
   <trkpt lat="46.5275390" lon="12.0171500">
    <ele>2362.4</ele>
    <time>2026-10-02T12:41:34Z</time>
   </trkpt>
   <trkpt lat="46.5275410" lon="12.0171580">
    <ele>2362.6</ele>
    <time>2026-10-02T12:41:35Z</time>
   </trkpt>
   <trkpt lat="46.5275450" lon="12.0171650">
    <ele>2362.8</ele>
    <time>2026-10-02T12:41:36Z</time>
   </trkpt>
   <trkpt lat="46.5275460" lon="12.0171830">
    <ele>2363.1</ele>
    <time>2026-10-02T12:41:37Z</time>
   </trkpt>
   <trkpt lat="46.5275550" lon="12.0171850">
    <ele>2363.4</ele>
    <time>2026-10-02T12:41:38Z</time>
   </trkpt>
   <trkpt lat="46.5275620" lon="12.0171930">
    <ele>2363.6</ele>
    <time>2026-10-02T12:41:39Z</time>
   </trkpt>
   <trkpt lat="46.5275660" lon="12.0172020">
    <ele>2363.8</ele>
    <time>2026-10-02T12:41:40Z</time>
   </trkpt>
   <trkpt lat="46.5275730" lon="12.0172140">
    <ele>2364.1</ele>
    <time>2026-10-02T12:41:41Z</time>
   </trkpt>
   <trkpt lat="46.5275790" lon="12.0172080">
    <ele>2364.3</ele>
    <time>2026-10-02T12:41:42Z</time>
   </trkpt>
   <trkpt lat="46.5275840" lon="12.0172120">
    <ele>2364.5</ele>
    <time>2026-10-02T12:41:43Z</time>
   </trkpt>
   <trkpt lat="46.5275960" lon="12.0172100">
    <ele>2364.8</ele>
    <time>2026-10-02T12:41:44Z</time>
   </trkpt>
   <trkpt lat="46.5276010" lon="12.0172100">
    <ele>2365.0</ele>
    <time>2026-10-02T12:41:45Z</time>
   </trkpt>
   <trkpt lat="46.5276100" lon="12.0172020">
    <ele>2365.3</ele>
    <time>2026-10-02T12:41:46Z</time>
   </trkpt>
   <trkpt lat="46.5276150" lon="12.0171950">
    <ele>2365.4</ele>
    <time>2026-10-02T12:41:47Z</time>
   </trkpt>
   <trkpt lat="46.5276190" lon="12.0171860">
    <ele>2365.7</ele>
    <time>2026-10-02T12:41:48Z</time>
   </trkpt>
   <trkpt lat="46.5276310" lon="12.0171780">
    <ele>2366.0</ele>
    <time>2026-10-02T12:41:49Z</time>
   </trkpt>
   <trkpt lat="46.5276390" lon="12.0171830">
    <ele>2366.3</ele>
    <time>2026-10-02T12:41:50Z</time>
   </trkpt>
   <trkpt lat="46.5276450" lon="12.0171850">
    <ele>2366.4</ele>
    <time>2026-10-02T12:41:51Z</time>
   </trkpt>
   <trkpt lat="46.5276520" lon="12.0171940">
    <ele>2366.7</ele>
    <time>2026-10-02T12:41:52Z</time>
   </trkpt>
   <trkpt lat="46.5276550" lon="12.0171940">
    <ele>2366.8</ele>
    <time>2026-10-02T12:41:53Z</time>
   </trkpt>
   <trkpt lat="46.5276590" lon="12.0172060">
    <ele>2367.0</ele>
    <time>2026-10-02T12:41:54Z</time>
   </trkpt>
   <trkpt lat="46.5276680" lon="12.0172080">
    <ele>2367.3</ele>
    <time>2026-10-02T12:41:55Z</time>
   </trkpt>
   <trkpt lat="46.5276720" lon="12.0172060">
    <ele>2367.4</ele>
    <time>2026-10-02T12:41:56Z</time>
   </trkpt>
   <trkpt lat="46.5276760" lon="12.0172110">
    <ele>2367.5</ele>
    <time>2026-10-02T12:41:57Z</time>
   </trkpt>
   <trkpt lat="46.5276830" lon="12.0172080">
    <ele>2367.8</ele>
    <time>2026-10-02T12:41:58Z</time>
   </trkpt>
   <trkpt lat="46.5276850" lon="12.0172220">
    <ele>2368.0</ele>
    <time>2026-10-02T12:41:59Z</time>
   </trkpt>
   <trkpt lat="46.5276850" lon="12.0172200">
    <ele>2368.1</ele>
    <time>2026-10-02T12:42:00Z</time>
   </trkpt>
   <trkpt lat="46.5276880" lon="12.0172280">
    <ele>2368.2</ele>
    <time>2026-10-02T12:42:01Z</time>
   </trkpt>
   <trkpt lat="46.5276920" lon="12.0172180">
    <ele>2368.5</ele>
    <time>2026-10-02T12:42:02Z</time>
   </trkpt>
   <trkpt lat="46.5276890" lon="12.0171970">
    <ele>2368.9</ele>
    <time>2026-10-02T12:42:03Z</time>
   </trkpt>
   <trkpt lat="46.5276990" lon="12.0171750">
    <ele>2369.4</ele>
    <time>2026-10-02T12:42:04Z</time>
   </trkpt>
   <trkpt lat="46.5277190" lon="12.0171350">
    <ele>2369.8</ele>
    <time>2026-10-02T12:42:05Z</time>
   </trkpt>
   <trkpt lat="46.5277210" lon="12.0171280">
    <ele>2369.8</ele>
    <time>2026-10-02T12:42:06Z</time>
   </trkpt>
   <trkpt lat="46.5277190" lon="12.0171280">
    <ele>2369.8</ele>
    <time>2026-10-02T12:42:08Z</time>
   </trkpt>
   <trkpt lat="46.5277430" lon="12.0170980">
    <ele>2370.0</ele>
    <time>2026-10-02T12:42:09Z</time>
   </trkpt>
   <trkpt lat="46.5277410" lon="12.0171120">
    <ele>2370.0</ele>
    <time>2026-10-02T12:42:10Z</time>
   </trkpt>
   <trkpt lat="46.5277400" lon="12.0171070">
    <ele>2370.0</ele>
    <time>2026-10-02T12:42:11Z</time>
   </trkpt>
   <trkpt lat="46.5277410" lon="12.0171010">
    <ele>2370.0</ele>
    <time>2026-10-02T12:42:12Z</time>
   </trkpt>
   <trkpt lat="46.5277450" lon="12.0170980">
    <ele>2370.1</ele>
    <time>2026-10-02T12:42:13Z</time>
   </trkpt>
   <trkpt lat="46.5277450" lon="12.0170980">
    <ele>2370.1</ele>
    <time>2026-10-02T12:42:14Z</time>
   </trkpt>
   <trkpt lat="46.5277450" lon="12.0170990">
    <ele>2370.1</ele>
    <time>2026-10-02T12:42:15Z</time>
   </trkpt>
   <trkpt lat="46.5277450" lon="12.0170990">
    <ele>2370.1</ele>
    <time>2026-10-02T12:42:16Z</time>
   </trkpt>
   <trkpt lat="46.5277520" lon="12.0170950">
    <ele>2370.1</ele>
    <time>2026-10-02T12:42:17Z</time>
   </trkpt>
   <trkpt lat="46.5277440" lon="12.0171080">
    <ele>2370.1</ele>
    <time>2026-10-02T12:42:18Z</time>
   </trkpt>
   <trkpt lat="46.5277440" lon="12.0171070">
    <ele>2370.1</ele>
    <time>2026-10-02T12:42:19Z</time>
   </trkpt>
   <trkpt lat="46.5277440" lon="12.0171070">
    <ele>2370.1</ele>
    <time>2026-10-02T12:42:20Z</time>
   </trkpt>
   <trkpt lat="46.5277390" lon="12.0171070">
    <ele>2370.2</ele>
    <time>2026-10-02T12:42:21Z</time>
   </trkpt>
   <trkpt lat="46.5277490" lon="12.0171250">
    <ele>2370.2</ele>
    <time>2026-10-02T12:42:22Z</time>
   </trkpt>
   <trkpt lat="46.5277450" lon="12.0171220">
    <ele>2370.3</ele>
    <time>2026-10-02T12:42:23Z</time>
   </trkpt>
   <trkpt lat="46.5277520" lon="12.0171250">
    <ele>2370.3</ele>
    <time>2026-10-02T12:42:24Z</time>
   </trkpt>
   <trkpt lat="46.5277440" lon="12.0171270">
    <ele>2370.3</ele>
    <time>2026-10-02T12:42:25Z</time>
   </trkpt>
   <trkpt lat="46.5277430" lon="12.0171190">
    <ele>2370.3</ele>
    <time>2026-10-02T12:42:27Z</time>
   </trkpt>
   <trkpt lat="46.5277350" lon="12.0171180">
    <ele>2370.4</ele>
    <time>2026-10-02T12:42:28Z</time>
   </trkpt>
   <trkpt lat="46.5277390" lon="12.0171240">
    <ele>2370.4</ele>
    <time>2026-10-02T12:42:29Z</time>
   </trkpt>
   <trkpt lat="46.5277410" lon="12.0171280">
    <ele>2370.4</ele>
    <time>2026-10-02T12:42:30Z</time>
   </trkpt>
   <trkpt lat="46.5277400" lon="12.0171200">
    <ele>2370.4</ele>
    <time>2026-10-02T12:42:31Z</time>
   </trkpt>
   <trkpt lat="46.5277420" lon="12.0171170">
    <ele>2370.5</ele>
    <time>2026-10-02T12:42:32Z</time>
   </trkpt>
   <trkpt lat="46.5277540" lon="12.0171020">
    <ele>2370.5</ele>
    <time>2026-10-02T12:42:33Z</time>
   </trkpt>
   <trkpt lat="46.5277580" lon="12.0170880">
    <ele>2370.6</ele>
    <time>2026-10-02T12:42:34Z</time>
   </trkpt>
   <trkpt lat="46.5277610" lon="12.0170820">
    <ele>2370.6</ele>
    <time>2026-10-02T12:42:35Z</time>
   </trkpt>
   <trkpt lat="46.5277630" lon="12.0170760">
    <ele>2370.6</ele>
    <time>2026-10-02T12:42:36Z</time>
   </trkpt>
   <trkpt lat="46.5277660" lon="12.0170670">
    <ele>2370.6</ele>
    <time>2026-10-02T12:42:37Z</time>
   </trkpt>
   <trkpt lat="46.5277720" lon="12.0170640">
    <ele>2370.7</ele>
    <time>2026-10-02T12:42:38Z</time>
   </trkpt>
   <trkpt lat="46.5277800" lon="12.0170620">
    <ele>2370.7</ele>
    <time>2026-10-02T12:42:39Z</time>
   </trkpt>
   <trkpt lat="46.5277780" lon="12.0170650">
    <ele>2370.7</ele>
    <time>2026-10-02T12:42:40Z</time>
   </trkpt>
   <trkpt lat="46.5277810" lon="12.0170580">
    <ele>2370.8</ele>
    <time>2026-10-02T12:42:41Z</time>
   </trkpt>
   <trkpt lat="46.5277890" lon="12.0170540">
    <ele>2370.8</ele>
    <time>2026-10-02T12:42:42Z</time>
   </trkpt>
   <trkpt lat="46.5277910" lon="12.0170490">
    <ele>2370.8</ele>
    <time>2026-10-02T12:42:43Z</time>
   </trkpt>
   <trkpt lat="46.5277980" lon="12.0170590">
    <ele>2370.8</ele>
    <time>2026-10-02T12:42:44Z</time>
   </trkpt>
   <trkpt lat="46.5277920" lon="12.0170750">
    <ele>2370.9</ele>
    <time>2026-10-02T12:42:45Z</time>
   </trkpt>
   <trkpt lat="46.5277890" lon="12.0170850">
    <ele>2370.9</ele>
    <time>2026-10-02T12:42:46Z</time>
   </trkpt>
   <trkpt lat="46.5277890" lon="12.0170940">
    <ele>2371.0</ele>
    <time>2026-10-02T12:42:47Z</time>
   </trkpt>
   <trkpt lat="46.5277890" lon="12.0170980">
    <ele>2371.0</ele>
    <time>2026-10-02T12:42:48Z</time>
   </trkpt>
   <trkpt lat="46.5277910" lon="12.0171030">
    <ele>2371.0</ele>
    <time>2026-10-02T12:42:49Z</time>
   </trkpt>
   <trkpt lat="46.5277980" lon="12.0171080">
    <ele>2371.0</ele>
    <time>2026-10-02T12:42:50Z</time>
   </trkpt>
   <trkpt lat="46.5278010" lon="12.0171120">
    <ele>2371.0</ele>
    <time>2026-10-02T12:42:51Z</time>
   </trkpt>
   <trkpt lat="46.5278030" lon="12.0171210">
    <ele>2371.1</ele>
    <time>2026-10-02T12:42:52Z</time>
   </trkpt>
   <trkpt lat="46.5278050" lon="12.0171200">
    <ele>2371.1</ele>
    <time>2026-10-02T12:42:53Z</time>
   </trkpt>
   <trkpt lat="46.5278090" lon="12.0171400">
    <ele>2371.1</ele>
    <time>2026-10-02T12:42:54Z</time>
   </trkpt>
   <trkpt lat="46.5278100" lon="12.0171510">
    <ele>2371.2</ele>
    <time>2026-10-02T12:42:55Z</time>
   </trkpt>
   <trkpt lat="46.5278170" lon="12.0171520">
    <ele>2371.2</ele>
    <time>2026-10-02T12:42:56Z</time>
   </trkpt>
   <trkpt lat="46.5278210" lon="12.0171520">
    <ele>2371.2</ele>
    <time>2026-10-02T12:42:57Z</time>
   </trkpt>
   <trkpt lat="46.5278210" lon="12.0171540">
    <ele>2371.2</ele>
    <time>2026-10-02T12:42:58Z</time>
   </trkpt>
   <trkpt lat="46.5278150" lon="12.0171540">
    <ele>2371.3</ele>
    <time>2026-10-02T12:42:59Z</time>
   </trkpt>
   <trkpt lat="46.5278210" lon="12.0171550">
    <ele>2371.3</ele>
    <time>2026-10-02T12:43:00Z</time>
   </trkpt>
   <trkpt lat="46.5278230" lon="12.0171510">
    <ele>2371.3</ele>
    <time>2026-10-02T12:43:01Z</time>
   </trkpt>
   <trkpt lat="46.5278320" lon="12.0171500">
    <ele>2371.3</ele>
    <time>2026-10-02T12:43:02Z</time>
   </trkpt>
   <trkpt lat="46.5278300" lon="12.0171510">
    <ele>2371.3</ele>
    <time>2026-10-02T12:43:03Z</time>
   </trkpt>
   <trkpt lat="46.5278410" lon="12.0171580">
    <ele>2371.4</ele>
    <time>2026-10-02T12:43:04Z</time>
   </trkpt>
   <trkpt lat="46.5278410" lon="12.0171680">
    <ele>2371.4</ele>
    <time>2026-10-02T12:43:05Z</time>
   </trkpt>
   <trkpt lat="46.5278500" lon="12.0171700">
    <ele>2371.5</ele>
    <time>2026-10-02T12:43:06Z</time>
   </trkpt>
   <trkpt lat="46.5278480" lon="12.0171760">
    <ele>2371.5</ele>
    <time>2026-10-02T12:43:07Z</time>
   </trkpt>
   <trkpt lat="46.5278570" lon="12.0171750">
    <ele>2371.5</ele>
    <time>2026-10-02T12:43:08Z</time>
   </trkpt>
   <trkpt lat="46.5278640" lon="12.0171760">
    <ele>2371.6</ele>
    <time>2026-10-02T12:43:09Z</time>
   </trkpt>
   <trkpt lat="46.5278690" lon="12.0171770">
    <ele>2371.6</ele>
    <time>2026-10-02T12:43:10Z</time>
   </trkpt>
   <trkpt lat="46.5278740" lon="12.0171860">
    <ele>2371.6</ele>
    <time>2026-10-02T12:43:11Z</time>
   </trkpt>
   <trkpt lat="46.5278750" lon="12.0171870">
    <ele>2371.6</ele>
    <time>2026-10-02T12:43:12Z</time>
   </trkpt>
   <trkpt lat="46.5278780" lon="12.0171900">
    <ele>2371.6</ele>
    <time>2026-10-02T12:43:13Z</time>
   </trkpt>
   <trkpt lat="46.5278840" lon="12.0171890">
    <ele>2371.7</ele>
    <time>2026-10-02T12:43:14Z</time>
   </trkpt>
   <trkpt lat="46.5278780" lon="12.0171770">
    <ele>2371.7</ele>
    <time>2026-10-02T12:43:15Z</time>
   </trkpt>
   <trkpt lat="46.5278880" lon="12.0171690">
    <ele>2371.8</ele>
    <time>2026-10-02T12:43:16Z</time>
   </trkpt>
   <trkpt lat="46.5278910" lon="12.0171740">
    <ele>2371.8</ele>
    <time>2026-10-02T12:43:17Z</time>
   </trkpt>
   <trkpt lat="46.5278860" lon="12.0171710">
    <ele>2371.8</ele>
    <time>2026-10-02T12:43:18Z</time>
   </trkpt>
   <trkpt lat="46.5278920" lon="12.0171680">
    <ele>2371.8</ele>
    <time>2026-10-02T12:43:19Z</time>
   </trkpt>
   <trkpt lat="46.5278920" lon="12.0171680">
    <ele>2371.8</ele>
    <time>2026-10-02T12:43:20Z</time>
   </trkpt>
   <trkpt lat="46.5278920" lon="12.0171680">
    <ele>2371.8</ele>
    <time>2026-10-02T12:43:21Z</time>
   </trkpt>
   <trkpt lat="46.5278920" lon="12.0171680">
    <ele>2371.8</ele>
    <time>2026-10-02T12:43:22Z</time>
   </trkpt>
   <trkpt lat="46.5278920" lon="12.0171680">
    <ele>2371.8</ele>
    <time>2026-10-02T12:43:23Z</time>
   </trkpt>
   <trkpt lat="46.5278920" lon="12.0171680">
    <ele>2371.8</ele>
    <time>2026-10-02T12:43:24Z</time>
   </trkpt>
   <trkpt lat="46.5278920" lon="12.0171680">
    <ele>2371.8</ele>
    <time>2026-10-02T12:43:25Z</time>
   </trkpt>
   <trkpt lat="46.5278920" lon="12.0171680">
    <ele>2371.8</ele>
    <time>2026-10-02T12:43:26Z</time>
   </trkpt>
   <trkpt lat="46.5278920" lon="12.0171680">
    <ele>2371.8</ele>
    <time>2026-10-02T12:43:27Z</time>
   </trkpt>
   <trkpt lat="46.5278920" lon="12.0171680">
    <ele>2371.8</ele>
    <time>2026-10-02T12:43:28Z</time>
   </trkpt>
   <trkpt lat="46.5278920" lon="12.0171680">
    <ele>2371.8</ele>
    <time>2026-10-02T12:43:29Z</time>
   </trkpt>
   <trkpt lat="46.5278920" lon="12.0171680">
    <ele>2371.8</ele>
    <time>2026-10-02T12:43:30Z</time>
   </trkpt>
   <trkpt lat="46.5279030" lon="12.0171940">
    <ele>2371.9</ele>
    <time>2026-10-02T12:43:31Z</time>
   </trkpt>
   <trkpt lat="46.5279030" lon="12.0171940">
    <ele>2371.9</ele>
    <time>2026-10-02T12:43:32Z</time>
   </trkpt>
   <trkpt lat="46.5279010" lon="12.0171980">
    <ele>2371.9</ele>
    <time>2026-10-02T12:43:33Z</time>
   </trkpt>
   <trkpt lat="46.5279020" lon="12.0172010">
    <ele>2371.9</ele>
    <time>2026-10-02T12:43:34Z</time>
   </trkpt>
   <trkpt lat="46.5279050" lon="12.0172000">
    <ele>2372.0</ele>
    <time>2026-10-02T12:43:35Z</time>
   </trkpt>
   <trkpt lat="46.5279050" lon="12.0172000">
    <ele>2372.0</ele>
    <time>2026-10-02T12:43:36Z</time>
   </trkpt>
   <trkpt lat="46.5279130" lon="12.0172050">
    <ele>2372.0</ele>
    <time>2026-10-02T12:43:37Z</time>
   </trkpt>
   <trkpt lat="46.5279120" lon="12.0172110">
    <ele>2372.0</ele>
    <time>2026-10-02T12:43:38Z</time>
   </trkpt>
   <trkpt lat="46.5279120" lon="12.0172120">
    <ele>2372.0</ele>
    <time>2026-10-02T12:43:39Z</time>
   </trkpt>
   <trkpt lat="46.5279090" lon="12.0172050">
    <ele>2372.0</ele>
    <time>2026-10-02T12:43:40Z</time>
   </trkpt>
   <trkpt lat="46.5279090" lon="12.0171960">
    <ele>2372.1</ele>
    <time>2026-10-02T12:43:41Z</time>
   </trkpt>
   <trkpt lat="46.5279140" lon="12.0171880">
    <ele>2372.1</ele>
    <time>2026-10-02T12:43:42Z</time>
   </trkpt>
   <trkpt lat="46.5279210" lon="12.0171730">
    <ele>2372.2</ele>
    <time>2026-10-02T12:43:43Z</time>
   </trkpt>
   <trkpt lat="46.5279260" lon="12.0171770">
    <ele>2372.2</ele>
    <time>2026-10-02T12:43:44Z</time>
   </trkpt>
   <trkpt lat="46.5279360" lon="12.0171760">
    <ele>2372.2</ele>
    <time>2026-10-02T12:43:45Z</time>
   </trkpt>
   <trkpt lat="46.5279380" lon="12.0171810">
    <ele>2372.2</ele>
    <time>2026-10-02T12:43:46Z</time>
   </trkpt>
   <trkpt lat="46.5279380" lon="12.0171810">
    <ele>2372.2</ele>
    <time>2026-10-02T12:43:47Z</time>
   </trkpt>
   <trkpt lat="46.5279430" lon="12.0171780">
    <ele>2372.3</ele>
    <time>2026-10-02T12:43:48Z</time>
   </trkpt>
   <trkpt lat="46.5279460" lon="12.0171650">
    <ele>2372.3</ele>
    <time>2026-10-02T12:43:49Z</time>
   </trkpt>
   <trkpt lat="46.5279460" lon="12.0171660">
    <ele>2372.3</ele>
    <time>2026-10-02T12:43:50Z</time>
   </trkpt>
   <trkpt lat="46.5279500" lon="12.0171700">
    <ele>2372.3</ele>
    <time>2026-10-02T12:43:51Z</time>
   </trkpt>
   <trkpt lat="46.5279500" lon="12.0171700">
    <ele>2372.3</ele>
    <time>2026-10-02T12:43:52Z</time>
   </trkpt>
   <trkpt lat="46.5279500" lon="12.0171700">
    <ele>2372.3</ele>
    <time>2026-10-02T12:43:53Z</time>
   </trkpt>
   <trkpt lat="46.5279570" lon="12.0171670">
    <ele>2372.4</ele>
    <time>2026-10-02T12:43:54Z</time>
   </trkpt>
   <trkpt lat="46.5279570" lon="12.0171670">
    <ele>2372.4</ele>
    <time>2026-10-02T12:43:55Z</time>
   </trkpt>
   <trkpt lat="46.5279570" lon="12.0171640">
    <ele>2372.4</ele>
    <time>2026-10-02T12:43:56Z</time>
   </trkpt>
   <trkpt lat="46.5279570" lon="12.0171640">
    <ele>2372.4</ele>
    <time>2026-10-02T12:43:57Z</time>
   </trkpt>
   <trkpt lat="46.5279570" lon="12.0171640">
    <ele>2372.4</ele>
    <time>2026-10-02T12:43:58Z</time>
   </trkpt>
   <trkpt lat="46.5279510" lon="12.0171690">
    <ele>2372.4</ele>
    <time>2026-10-02T12:43:59Z</time>
   </trkpt>
   <trkpt lat="46.5279500" lon="12.0171690">
    <ele>2372.4</ele>
    <time>2026-10-02T12:44:00Z</time>
   </trkpt>
   <trkpt lat="46.5279500" lon="12.0171700">
    <ele>2372.4</ele>
    <time>2026-10-02T12:44:01Z</time>
   </trkpt>
   <trkpt lat="46.5279440" lon="12.0171680">
    <ele>2372.4</ele>
    <time>2026-10-02T12:44:02Z</time>
   </trkpt>
   <trkpt lat="46.5279400" lon="12.0171620">
    <ele>2372.5</ele>
    <time>2026-10-02T12:44:03Z</time>
   </trkpt>
   <trkpt lat="46.5279400" lon="12.0171640">
    <ele>2372.5</ele>
    <time>2026-10-02T12:44:04Z</time>
   </trkpt>
   <trkpt lat="46.5279410" lon="12.0171650">
    <ele>2372.5</ele>
    <time>2026-10-02T12:44:05Z</time>
   </trkpt>
   <trkpt lat="46.5279420" lon="12.0171580">
    <ele>2372.5</ele>
    <time>2026-10-02T12:44:06Z</time>
   </trkpt>
   <trkpt lat="46.5279330" lon="12.0171490">
    <ele>2372.5</ele>
    <time>2026-10-02T12:44:07Z</time>
   </trkpt>
   <trkpt lat="46.5279300" lon="12.0171490">
    <ele>2372.6</ele>
    <time>2026-10-02T12:44:08Z</time>
   </trkpt>
   <trkpt lat="46.5279280" lon="12.0171560">
    <ele>2372.6</ele>
    <time>2026-10-02T12:44:09Z</time>
   </trkpt>
   <trkpt lat="46.5279270" lon="12.0171520">
    <ele>2372.6</ele>
    <time>2026-10-02T12:44:10Z</time>
   </trkpt>
   <trkpt lat="46.5279260" lon="12.0171520">
    <ele>2372.6</ele>
    <time>2026-10-02T12:44:11Z</time>
   </trkpt>
   <trkpt lat="46.5279260" lon="12.0171520">
    <ele>2372.6</ele>
    <time>2026-10-02T12:44:12Z</time>
   </trkpt>
   <trkpt lat="46.5279260" lon="12.0171520">
    <ele>2372.6</ele>
    <time>2026-10-02T12:44:13Z</time>
   </trkpt>
   <trkpt lat="46.5279230" lon="12.0171920">
    <ele>2372.7</ele>
    <time>2026-10-02T12:44:14Z</time>
   </trkpt>
   <trkpt lat="46.5279230" lon="12.0171920">
    <ele>2372.7</ele>
    <time>2026-10-02T12:44:15Z</time>
   </trkpt>
   <trkpt lat="46.5279230" lon="12.0171920">
    <ele>2372.7</ele>
    <time>2026-10-02T12:44:16Z</time>
   </trkpt>
   <trkpt lat="46.5279230" lon="12.0171920">
    <ele>2372.7</ele>
    <time>2026-10-02T12:44:17Z</time>
   </trkpt>
   <trkpt lat="46.5279230" lon="12.0171920">
    <ele>2372.7</ele>
    <time>2026-10-02T12:44:18Z</time>
   </trkpt>
   <trkpt lat="46.5279230" lon="12.0171920">
    <ele>2372.7</ele>
    <time>2026-10-02T12:44:19Z</time>
   </trkpt>
   <trkpt lat="46.5279230" lon="12.0171920">
    <ele>2372.7</ele>
    <time>2026-10-02T12:44:20Z</time>
   </trkpt>
   <trkpt lat="46.5279230" lon="12.0171920">
    <ele>2372.7</ele>
    <time>2026-10-02T12:44:21Z</time>
   </trkpt>
   <trkpt lat="46.5279230" lon="12.0171920">
    <ele>2372.7</ele>
    <time>2026-10-02T12:44:22Z</time>
   </trkpt>
   <trkpt lat="46.5279230" lon="12.0171920">
    <ele>2372.7</ele>
    <time>2026-10-02T12:44:23Z</time>
   </trkpt>
   <trkpt lat="46.5279230" lon="12.0171920">
    <ele>2372.7</ele>
    <time>2026-10-02T12:44:24Z</time>
   </trkpt>
   <trkpt lat="46.5279230" lon="12.0171920">
    <ele>2372.7</ele>
    <time>2026-10-02T12:44:25Z</time>
   </trkpt>
   <trkpt lat="46.5279230" lon="12.0171920">
    <ele>2372.7</ele>
    <time>2026-10-02T12:44:26Z</time>
   </trkpt>
   <trkpt lat="46.5279230" lon="12.0171920">
    <ele>2372.7</ele>
    <time>2026-10-02T12:44:27Z</time>
   </trkpt>
   <trkpt lat="46.5279230" lon="12.0171920">
    <ele>2372.7</ele>
    <time>2026-10-02T12:44:28Z</time>
   </trkpt>
   <trkpt lat="46.5279230" lon="12.0171920">
    <ele>2372.7</ele>
    <time>2026-10-02T12:44:29Z</time>
   </trkpt>
   <trkpt lat="46.5279170" lon="12.0171570">
    <ele>2372.8</ele>
    <time>2026-10-02T12:44:30Z</time>
   </trkpt>
   <trkpt lat="46.5279170" lon="12.0171570">
    <ele>2372.8</ele>
    <time>2026-10-02T12:44:31Z</time>
   </trkpt>
   <trkpt lat="46.5279170" lon="12.0171570">
    <ele>2372.8</ele>
    <time>2026-10-02T12:44:32Z</time>
   </trkpt>
   <trkpt lat="46.5279170" lon="12.0171570">
    <ele>2372.8</ele>
    <time>2026-10-02T12:44:33Z</time>
   </trkpt>
   <trkpt lat="46.5279170" lon="12.0171570">
    <ele>2372.8</ele>
    <time>2026-10-02T12:44:34Z</time>
   </trkpt>
   <trkpt lat="46.5279120" lon="12.0171240">
    <ele>2372.9</ele>
    <time>2026-10-02T12:44:35Z</time>
   </trkpt>
   <trkpt lat="46.5279110" lon="12.0171220">
    <ele>2372.9</ele>
    <time>2026-10-02T12:44:36Z</time>
   </trkpt>
   <trkpt lat="46.5279110" lon="12.0171210">
    <ele>2372.9</ele>
    <time>2026-10-02T12:44:37Z</time>
   </trkpt>
   <trkpt lat="46.5279110" lon="12.0171190">
    <ele>2372.9</ele>
    <time>2026-10-02T12:44:38Z</time>
   </trkpt>
   <trkpt lat="46.5279110" lon="12.0171180">
    <ele>2372.9</ele>
    <time>2026-10-02T12:44:39Z</time>
   </trkpt>
   <trkpt lat="46.5279110" lon="12.0171170">
    <ele>2372.9</ele>
    <time>2026-10-02T12:44:40Z</time>
   </trkpt>
   <trkpt lat="46.5279100" lon="12.0171150">
    <ele>2372.9</ele>
    <time>2026-10-02T12:44:41Z</time>
   </trkpt>
   <trkpt lat="46.5279100" lon="12.0171140">
    <ele>2373.0</ele>
    <time>2026-10-02T12:44:42Z</time>
   </trkpt>
   <trkpt lat="46.5279100" lon="12.0171120">
    <ele>2373.0</ele>
    <time>2026-10-02T12:44:43Z</time>
   </trkpt>
   <trkpt lat="46.5279100" lon="12.0171110">
    <ele>2373.0</ele>
    <time>2026-10-02T12:44:44Z</time>
   </trkpt>
   <trkpt lat="46.5279090" lon="12.0171090">
    <ele>2373.0</ele>
    <time>2026-10-02T12:44:45Z</time>
   </trkpt>
   <trkpt lat="46.5279090" lon="12.0171080">
    <ele>2373.0</ele>
    <time>2026-10-02T12:44:46Z</time>
   </trkpt>
   <trkpt lat="46.5279090" lon="12.0171070">
    <ele>2373.0</ele>
    <time>2026-10-02T12:44:47Z</time>
   </trkpt>
   <trkpt lat="46.5279090" lon="12.0171050">
    <ele>2373.0</ele>
    <time>2026-10-02T12:44:48Z</time>
   </trkpt>
   <trkpt lat="46.5279080" lon="12.0171040">
    <ele>2373.0</ele>
    <time>2026-10-02T12:44:49Z</time>
   </trkpt>
   <trkpt lat="46.5279080" lon="12.0171020">
    <ele>2373.0</ele>
    <time>2026-10-02T12:44:50Z</time>
   </trkpt>
   <trkpt lat="46.5279080" lon="12.0171010">
    <ele>2373.0</ele>
    <time>2026-10-02T12:44:51Z</time>
   </trkpt>
   <trkpt lat="46.5279080" lon="12.0170990">
    <ele>2373.0</ele>
    <time>2026-10-02T12:44:52Z</time>
   </trkpt>
   <trkpt lat="46.5279070" lon="12.0170980">
    <ele>2373.0</ele>
    <time>2026-10-02T12:44:53Z</time>
   </trkpt>
   <trkpt lat="46.5279070" lon="12.0170970">
    <ele>2373.0</ele>
    <time>2026-10-02T12:44:54Z</time>
   </trkpt>
   <trkpt lat="46.5279070" lon="12.0170950">
    <ele>2373.0</ele>
    <time>2026-10-02T12:44:55Z</time>
   </trkpt>
   <trkpt lat="46.5279070" lon="12.0170940">
    <ele>2373.0</ele>
    <time>2026-10-02T12:44:56Z</time>
   </trkpt>
   <trkpt lat="46.5279070" lon="12.0170920">
    <ele>2373.0</ele>
    <time>2026-10-02T12:44:57Z</time>
   </trkpt>
   <trkpt lat="46.5279060" lon="12.0170910">
    <ele>2373.0</ele>
    <time>2026-10-02T12:44:58Z</time>
   </trkpt>
   <trkpt lat="46.5279060" lon="12.0170890">
    <ele>2373.0</ele>
    <time>2026-10-02T12:44:59Z</time>
   </trkpt>
   <trkpt lat="46.5279060" lon="12.0170880">
    <ele>2373.0</ele>
    <time>2026-10-02T12:45:00Z</time>
   </trkpt>
   <trkpt lat="46.5279060" lon="12.0170870">
    <ele>2373.0</ele>
    <time>2026-10-02T12:45:01Z</time>
   </trkpt>
   <trkpt lat="46.5279050" lon="12.0170850">
    <ele>2373.0</ele>
    <time>2026-10-02T12:45:02Z</time>
   </trkpt>
   <trkpt lat="46.5279050" lon="12.0170840">
    <ele>2373.0</ele>
    <time>2026-10-02T12:45:03Z</time>
   </trkpt>
   <trkpt lat="46.5279050" lon="12.0170820">
    <ele>2373.0</ele>
    <time>2026-10-02T12:45:04Z</time>
   </trkpt>
   <trkpt lat="46.5279050" lon="12.0170810">
    <ele>2373.1</ele>
    <time>2026-10-02T12:45:05Z</time>
   </trkpt>
   <trkpt lat="46.5279040" lon="12.0170790">
    <ele>2373.1</ele>
    <time>2026-10-02T12:45:06Z</time>
   </trkpt>
   <trkpt lat="46.5279040" lon="12.0170780">
    <ele>2373.1</ele>
    <time>2026-10-02T12:45:07Z</time>
   </trkpt>
   <trkpt lat="46.5279040" lon="12.0170760">
    <ele>2373.1</ele>
    <time>2026-10-02T12:45:08Z</time>
   </trkpt>
   <trkpt lat="46.5279040" lon="12.0170750">
    <ele>2373.1</ele>
    <time>2026-10-02T12:45:09Z</time>
   </trkpt>
   <trkpt lat="46.5279030" lon="12.0170740">
    <ele>2373.1</ele>
    <time>2026-10-02T12:45:10Z</time>
   </trkpt>
   <trkpt lat="46.5279030" lon="12.0170720">
    <ele>2373.1</ele>
    <time>2026-10-02T12:45:11Z</time>
   </trkpt>
   <trkpt lat="46.5279030" lon="12.0170710">
    <ele>2373.1</ele>
    <time>2026-10-02T12:45:12Z</time>
   </trkpt>
   <trkpt lat="46.5279030" lon="12.0170690">
    <ele>2373.1</ele>
    <time>2026-10-02T12:45:13Z</time>
   </trkpt>
   <trkpt lat="46.5279020" lon="12.0170680">
    <ele>2373.1</ele>
    <time>2026-10-02T12:45:14Z</time>
   </trkpt>
   <trkpt lat="46.5279020" lon="12.0170660">
    <ele>2373.1</ele>
    <time>2026-10-02T12:45:15Z</time>
   </trkpt>
   <trkpt lat="46.5279020" lon="12.0170650">
    <ele>2373.1</ele>
    <time>2026-10-02T12:45:16Z</time>
   </trkpt>
   <trkpt lat="46.5279010" lon="12.0170650">
    <ele>2373.1</ele>
    <time>2026-10-02T12:45:17Z</time>
   </trkpt>
   <trkpt lat="46.5279010" lon="12.0170650">
    <ele>2373.1</ele>
    <time>2026-10-02T12:45:18Z</time>
   </trkpt>
   <trkpt lat="46.5279010" lon="12.0170650">
    <ele>2373.1</ele>
    <time>2026-10-02T12:45:19Z</time>
   </trkpt>
   <trkpt lat="46.5279010" lon="12.0170650">
    <ele>2373.1</ele>
    <time>2026-10-02T12:45:20Z</time>
   </trkpt>
   <trkpt lat="46.5279090" lon="12.0170910">
    <ele>2373.2</ele>
    <time>2026-10-02T12:45:21Z</time>
   </trkpt>
   <trkpt lat="46.5279020" lon="12.0170780">
    <ele>2373.2</ele>
    <time>2026-10-02T12:45:22Z</time>
   </trkpt>
   <trkpt lat="46.5279020" lon="12.0170780">
    <ele>2373.2</ele>
    <time>2026-10-02T12:45:23Z</time>
   </trkpt>
   <trkpt lat="46.5279020" lon="12.0170780">
    <ele>2373.2</ele>
    <time>2026-10-02T12:45:24Z</time>
   </trkpt>
   <trkpt lat="46.5279020" lon="12.0170780">
    <ele>2373.2</ele>
    <time>2026-10-02T12:45:25Z</time>
   </trkpt>
   <trkpt lat="46.5279020" lon="12.0170780">
    <ele>2373.2</ele>
    <time>2026-10-02T12:45:26Z</time>
   </trkpt>
   <trkpt lat="46.5278890" lon="12.0170750">
    <ele>2373.3</ele>
    <time>2026-10-02T12:45:27Z</time>
   </trkpt>
   <trkpt lat="46.5278890" lon="12.0170750">
    <ele>2373.3</ele>
    <time>2026-10-02T12:45:28Z</time>
   </trkpt>
   <trkpt lat="46.5278890" lon="12.0170750">
    <ele>2373.3</ele>
    <time>2026-10-02T12:45:29Z</time>
   </trkpt>
   <trkpt lat="46.5278890" lon="12.0170750">
    <ele>2373.3</ele>
    <time>2026-10-02T12:45:30Z</time>
   </trkpt>
   <trkpt lat="46.5278890" lon="12.0170750">
    <ele>2373.3</ele>
    <time>2026-10-02T12:45:31Z</time>
   </trkpt>
   <trkpt lat="46.5278890" lon="12.0170750">
    <ele>2373.3</ele>
    <time>2026-10-02T12:45:32Z</time>
   </trkpt>
   <trkpt lat="46.5278890" lon="12.0170750">
    <ele>2373.3</ele>
    <time>2026-10-02T12:45:33Z</time>
   </trkpt>
   <trkpt lat="46.5278890" lon="12.0170750">
    <ele>2373.3</ele>
    <time>2026-10-02T12:45:34Z</time>
   </trkpt>
   <trkpt lat="46.5278890" lon="12.0170750">
    <ele>2373.3</ele>
    <time>2026-10-02T12:45:35Z</time>
   </trkpt>
   <trkpt lat="46.5278890" lon="12.0170750">
    <ele>2373.3</ele>
    <time>2026-10-02T12:45:36Z</time>
   </trkpt>
   <trkpt lat="46.5278880" lon="12.0170510">
    <ele>2373.4</ele>
    <time>2026-10-02T12:45:37Z</time>
   </trkpt>
   <trkpt lat="46.5278880" lon="12.0170500">
    <ele>2373.4</ele>
    <time>2026-10-02T12:45:38Z</time>
   </trkpt>
   <trkpt lat="46.5278880" lon="12.0170500">
    <ele>2373.4</ele>
    <time>2026-10-02T12:45:39Z</time>
   </trkpt>
   <trkpt lat="46.5278940" lon="12.0170840">
    <ele>2373.5</ele>
    <time>2026-10-02T12:45:40Z</time>
   </trkpt>
   <trkpt lat="46.5278940" lon="12.0170820">
    <ele>2373.5</ele>
    <time>2026-10-02T12:45:41Z</time>
   </trkpt>
   <trkpt lat="46.5278940" lon="12.0170820">
    <ele>2373.5</ele>
    <time>2026-10-02T12:45:42Z</time>
   </trkpt>
   <trkpt lat="46.5278940" lon="12.0170820">
    <ele>2373.5</ele>
    <time>2026-10-02T12:45:43Z</time>
   </trkpt>
   <trkpt lat="46.5278940" lon="12.0170820">
    <ele>2373.5</ele>
    <time>2026-10-02T12:45:44Z</time>
   </trkpt>
   <trkpt lat="46.5278940" lon="12.0170820">
    <ele>2373.5</ele>
    <time>2026-10-02T12:45:45Z</time>
   </trkpt>
   <trkpt lat="46.5278820" lon="12.0170330">
    <ele>2373.6</ele>
    <time>2026-10-02T12:45:46Z</time>
   </trkpt>
   <trkpt lat="46.5278820" lon="12.0170330">
    <ele>2373.6</ele>
    <time>2026-10-02T12:45:47Z</time>
   </trkpt>
   <trkpt lat="46.5278820" lon="12.0170330">
    <ele>2373.6</ele>
    <time>2026-10-02T12:45:48Z</time>
   </trkpt>
   <trkpt lat="46.5278820" lon="12.0170330">
    <ele>2373.6</ele>
    <time>2026-10-02T12:45:49Z</time>
   </trkpt>
   <trkpt lat="46.5278820" lon="12.0170330">
    <ele>2373.6</ele>
    <time>2026-10-02T12:45:50Z</time>
   </trkpt>
   <trkpt lat="46.5278820" lon="12.0170330">
    <ele>2373.6</ele>
    <time>2026-10-02T12:45:51Z</time>
   </trkpt>
   <trkpt lat="46.5278820" lon="12.0170330">
    <ele>2373.6</ele>
    <time>2026-10-02T12:45:52Z</time>
   </trkpt>
   <trkpt lat="46.5278820" lon="12.0170330">
    <ele>2373.6</ele>
    <time>2026-10-02T12:45:53Z</time>
   </trkpt>
   <trkpt lat="46.5278820" lon="12.0170330">
    <ele>2373.6</ele>
    <time>2026-10-02T12:45:54Z</time>
   </trkpt>
   <trkpt lat="46.5278820" lon="12.0170330">
    <ele>2373.6</ele>
    <time>2026-10-02T12:45:55Z</time>
   </trkpt>
   <trkpt lat="46.5278820" lon="12.0170330">
    <ele>2373.6</ele>
    <time>2026-10-02T12:45:56Z</time>
   </trkpt>
   <trkpt lat="46.5278990" lon="12.0169870">
    <ele>2373.8</ele>
    <time>2026-10-02T12:45:57Z</time>
   </trkpt>
   <trkpt lat="46.5278900" lon="12.0170050">
    <ele>2373.8</ele>
    <time>2026-10-02T12:45:58Z</time>
   </trkpt>
   <trkpt lat="46.5278800" lon="12.0170340">
    <ele>2373.9</ele>
    <time>2026-10-02T12:45:59Z</time>
   </trkpt>
   <trkpt lat="46.5278740" lon="12.0170630">
    <ele>2374.0</ele>
    <time>2026-10-02T12:46:00Z</time>
   </trkpt>
   <trkpt lat="46.5278900" lon="12.0171200">
    <ele>2374.2</ele>
    <time>2026-10-02T12:46:01Z</time>
   </trkpt>
   <trkpt lat="46.5278860" lon="12.0171400">
    <ele>2374.2</ele>
    <time>2026-10-02T12:46:02Z</time>
   </trkpt>
   <trkpt lat="46.5278920" lon="12.0171550">
    <ele>2374.3</ele>
    <time>2026-10-02T12:46:03Z</time>
   </trkpt>
   <trkpt lat="46.5279010" lon="12.0171640">
    <ele>2374.3</ele>
    <time>2026-10-02T12:46:04Z</time>
   </trkpt>
   <trkpt lat="46.5279020" lon="12.0171660">
    <ele>2374.3</ele>
    <time>2026-10-02T12:46:05Z</time>
   </trkpt>
   <trkpt lat="46.5279020" lon="12.0171700">
    <ele>2374.3</ele>
    <time>2026-10-02T12:46:06Z</time>
   </trkpt>
   <trkpt lat="46.5279020" lon="12.0171700">
    <ele>2374.3</ele>
    <time>2026-10-02T12:46:07Z</time>
   </trkpt>
   <trkpt lat="46.5279040" lon="12.0171670">
    <ele>2374.3</ele>
    <time>2026-10-02T12:46:08Z</time>
   </trkpt>
   <trkpt lat="46.5279030" lon="12.0171710">
    <ele>2374.3</ele>
    <time>2026-10-02T12:46:09Z</time>
   </trkpt>
   <trkpt lat="46.5279050" lon="12.0171750">
    <ele>2374.4</ele>
    <time>2026-10-02T12:46:10Z</time>
   </trkpt>
   <trkpt lat="46.5278940" lon="12.0171750">
    <ele>2374.4</ele>
    <time>2026-10-02T12:46:11Z</time>
   </trkpt>
   <trkpt lat="46.5278830" lon="12.0171650">
    <ele>2374.5</ele>
    <time>2026-10-02T12:46:12Z</time>
   </trkpt>
   <trkpt lat="46.5278760" lon="12.0171350">
    <ele>2374.5</ele>
    <time>2026-10-02T12:46:13Z</time>
   </trkpt>
   <trkpt lat="46.5278750" lon="12.0171560">
    <ele>2374.6</ele>
    <time>2026-10-02T12:46:14Z</time>
   </trkpt>
   <trkpt lat="46.5278700" lon="12.0171490">
    <ele>2374.6</ele>
    <time>2026-10-02T12:46:15Z</time>
   </trkpt>
   <trkpt lat="46.5278700" lon="12.0171410">
    <ele>2374.6</ele>
    <time>2026-10-02T12:46:16Z</time>
   </trkpt>
   <trkpt lat="46.5278800" lon="12.0171400">
    <ele>2374.7</ele>
    <time>2026-10-02T12:46:17Z</time>
   </trkpt>
   <trkpt lat="46.5278830" lon="12.0171440">
    <ele>2374.7</ele>
    <time>2026-10-02T12:46:18Z</time>
   </trkpt>
   <trkpt lat="46.5278820" lon="12.0171450">
    <ele>2374.7</ele>
    <time>2026-10-02T12:46:19Z</time>
   </trkpt>
   <trkpt lat="46.5278860" lon="12.0171440">
    <ele>2374.7</ele>
    <time>2026-10-02T12:46:20Z</time>
   </trkpt>
   <trkpt lat="46.5278880" lon="12.0171400">
    <ele>2374.7</ele>
    <time>2026-10-02T12:46:21Z</time>
   </trkpt>
   <trkpt lat="46.5278860" lon="12.0171450">
    <ele>2374.7</ele>
    <time>2026-10-02T12:46:22Z</time>
   </trkpt>
   <trkpt lat="46.5278820" lon="12.0171340">
    <ele>2374.8</ele>
    <time>2026-10-02T12:46:23Z</time>
   </trkpt>
   <trkpt lat="46.5278960" lon="12.0171540">
    <ele>2374.8</ele>
    <time>2026-10-02T12:46:24Z</time>
   </trkpt>
   <trkpt lat="46.5278930" lon="12.0171690">
    <ele>2374.9</ele>
    <time>2026-10-02T12:46:25Z</time>
   </trkpt>
   <trkpt lat="46.5278940" lon="12.0171710">
    <ele>2374.9</ele>
    <time>2026-10-02T12:46:26Z</time>
   </trkpt>
   <trkpt lat="46.5278940" lon="12.0171710">
    <ele>2374.9</ele>
    <time>2026-10-02T12:46:27Z</time>
   </trkpt>
   <trkpt lat="46.5278940" lon="12.0171710">
    <ele>2374.9</ele>
    <time>2026-10-02T12:46:28Z</time>
   </trkpt>
   <trkpt lat="46.5278940" lon="12.0171710">
    <ele>2374.9</ele>
    <time>2026-10-02T12:46:29Z</time>
   </trkpt>
   <trkpt lat="46.5278940" lon="12.0171710">
    <ele>2374.9</ele>
    <time>2026-10-02T12:46:30Z</time>
   </trkpt>
   <trkpt lat="46.5278940" lon="12.0171710">
    <ele>2374.9</ele>
    <time>2026-10-02T12:46:31Z</time>
   </trkpt>
   <trkpt lat="46.5278940" lon="12.0171710">
    <ele>2374.9</ele>
    <time>2026-10-02T12:46:32Z</time>
   </trkpt>
   <trkpt lat="46.5278940" lon="12.0171710">
    <ele>2374.9</ele>
    <time>2026-10-02T12:46:33Z</time>
   </trkpt>
   <trkpt lat="46.5278940" lon="12.0171710">
    <ele>2374.9</ele>
    <time>2026-10-02T12:46:34Z</time>
   </trkpt>
   <trkpt lat="46.5278940" lon="12.0171710">
    <ele>2374.9</ele>
    <time>2026-10-02T12:46:35Z</time>
   </trkpt>
   <trkpt lat="46.5278940" lon="12.0171710">
    <ele>2374.9</ele>
    <time>2026-10-02T12:46:36Z</time>
   </trkpt>
   <trkpt lat="46.5278940" lon="12.0171710">
    <ele>2374.9</ele>
    <time>2026-10-02T12:46:37Z</time>
   </trkpt>
   <trkpt lat="46.5278940" lon="12.0171710">
    <ele>2374.9</ele>
    <time>2026-10-02T12:46:38Z</time>
   </trkpt>
   <trkpt lat="46.5278940" lon="12.0171710">
    <ele>2374.9</ele>
    <time>2026-10-02T12:46:39Z</time>
   </trkpt>
   <trkpt lat="46.5278940" lon="12.0171710">
    <ele>2374.9</ele>
    <time>2026-10-02T12:46:40Z</time>
   </trkpt>
   <trkpt lat="46.5278940" lon="12.0171710">
    <ele>2374.9</ele>
    <time>2026-10-02T12:46:41Z</time>
   </trkpt>
   <trkpt lat="46.5278940" lon="12.0171710">
    <ele>2374.9</ele>
    <time>2026-10-02T12:46:42Z</time>
   </trkpt>
   <trkpt lat="46.5278940" lon="12.0171710">
    <ele>2374.9</ele>
    <time>2026-10-02T12:46:43Z</time>
   </trkpt>
   <trkpt lat="46.5278940" lon="12.0171710">
    <ele>2374.9</ele>
    <time>2026-10-02T12:46:44Z</time>
   </trkpt>
   <trkpt lat="46.5278940" lon="12.0171710">
    <ele>2374.9</ele>
    <time>2026-10-02T12:46:45Z</time>
   </trkpt>
   <trkpt lat="46.5278940" lon="12.0171710">
    <ele>2374.9</ele>
    <time>2026-10-02T12:46:46Z</time>
   </trkpt>
   <trkpt lat="46.5279120" lon="12.0171850">
    <ele>2375.0</ele>
    <time>2026-10-02T12:46:47Z</time>
   </trkpt>
   <trkpt lat="46.5279120" lon="12.0171840">
    <ele>2375.0</ele>
    <time>2026-10-02T12:46:48Z</time>
   </trkpt>
   <trkpt lat="46.5279120" lon="12.0171840">
    <ele>2375.0</ele>
    <time>2026-10-02T12:46:49Z</time>
   </trkpt>
   <trkpt lat="46.5279110" lon="12.0171830">
    <ele>2375.0</ele>
    <time>2026-10-02T12:46:50Z</time>
   </trkpt>
   <trkpt lat="46.5279110" lon="12.0171820">
    <ele>2375.0</ele>
    <time>2026-10-02T12:46:51Z</time>
   </trkpt>
   <trkpt lat="46.5279110" lon="12.0171820">
    <ele>2375.0</ele>
    <time>2026-10-02T12:46:52Z</time>
   </trkpt>
   <trkpt lat="46.5279110" lon="12.0171810">
    <ele>2375.0</ele>
    <time>2026-10-02T12:46:53Z</time>
   </trkpt>
   <trkpt lat="46.5279110" lon="12.0171800">
    <ele>2375.0</ele>
    <time>2026-10-02T12:46:54Z</time>
   </trkpt>
   <trkpt lat="46.5279100" lon="12.0171800">
    <ele>2375.0</ele>
    <time>2026-10-02T12:46:55Z</time>
   </trkpt>
   <trkpt lat="46.5279100" lon="12.0171790">
    <ele>2375.0</ele>
    <time>2026-10-02T12:46:56Z</time>
   </trkpt>
   <trkpt lat="46.5279100" lon="12.0171780">
    <ele>2375.0</ele>
    <time>2026-10-02T12:46:57Z</time>
   </trkpt>
   <trkpt lat="46.5279100" lon="12.0171780">
    <ele>2375.0</ele>
    <time>2026-10-02T12:46:58Z</time>
   </trkpt>
   <trkpt lat="46.5279100" lon="12.0171770">
    <ele>2375.0</ele>
    <time>2026-10-02T12:46:59Z</time>
   </trkpt>
   <trkpt lat="46.5279100" lon="12.0171760">
    <ele>2375.0</ele>
    <time>2026-10-02T12:47:00Z</time>
   </trkpt>
   <trkpt lat="46.5279090" lon="12.0171760">
    <ele>2375.0</ele>
    <time>2026-10-02T12:47:01Z</time>
   </trkpt>
   <trkpt lat="46.5279090" lon="12.0171750">
    <ele>2375.0</ele>
    <time>2026-10-02T12:47:02Z</time>
   </trkpt>
   <trkpt lat="46.5279090" lon="12.0171740">
    <ele>2375.0</ele>
    <time>2026-10-02T12:47:03Z</time>
   </trkpt>
   <trkpt lat="46.5279090" lon="12.0171740">
    <ele>2375.0</ele>
    <time>2026-10-02T12:47:04Z</time>
   </trkpt>
   <trkpt lat="46.5279090" lon="12.0171730">
    <ele>2375.0</ele>
    <time>2026-10-02T12:47:05Z</time>
   </trkpt>
   <trkpt lat="46.5279080" lon="12.0171720">
    <ele>2375.0</ele>
    <time>2026-10-02T12:47:06Z</time>
   </trkpt>
   <trkpt lat="46.5279080" lon="12.0171720">
    <ele>2375.0</ele>
    <time>2026-10-02T12:47:07Z</time>
   </trkpt>
   <trkpt lat="46.5279080" lon="12.0171710">
    <ele>2375.0</ele>
    <time>2026-10-02T12:47:08Z</time>
   </trkpt>
   <trkpt lat="46.5279080" lon="12.0171710">
    <ele>2375.0</ele>
    <time>2026-10-02T12:47:09Z</time>
   </trkpt>
   <trkpt lat="46.5279080" lon="12.0171700">
    <ele>2375.0</ele>
    <time>2026-10-02T12:47:10Z</time>
   </trkpt>
   <trkpt lat="46.5279070" lon="12.0171690">
    <ele>2375.0</ele>
    <time>2026-10-02T12:47:11Z</time>
   </trkpt>
   <trkpt lat="46.5279070" lon="12.0171690">
    <ele>2375.0</ele>
    <time>2026-10-02T12:47:12Z</time>
   </trkpt>
   <trkpt lat="46.5279070" lon="12.0171680">
    <ele>2375.0</ele>
    <time>2026-10-02T12:47:13Z</time>
   </trkpt>
   <trkpt lat="46.5279070" lon="12.0171670">
    <ele>2375.0</ele>
    <time>2026-10-02T12:47:14Z</time>
   </trkpt>
   <trkpt lat="46.5279070" lon="12.0171670">
    <ele>2375.0</ele>
    <time>2026-10-02T12:47:15Z</time>
   </trkpt>
   <trkpt lat="46.5279070" lon="12.0171660">
    <ele>2375.0</ele>
    <time>2026-10-02T12:47:16Z</time>
   </trkpt>
   <trkpt lat="46.5279060" lon="12.0171650">
    <ele>2375.0</ele>
    <time>2026-10-02T12:47:17Z</time>
   </trkpt>
   <trkpt lat="46.5279060" lon="12.0171650">
    <ele>2375.0</ele>
    <time>2026-10-02T12:47:18Z</time>
   </trkpt>
   <trkpt lat="46.5279060" lon="12.0171640">
    <ele>2375.0</ele>
    <time>2026-10-02T12:47:19Z</time>
   </trkpt>
   <trkpt lat="46.5279060" lon="12.0171630">
    <ele>2375.0</ele>
    <time>2026-10-02T12:47:20Z</time>
   </trkpt>
   <trkpt lat="46.5279060" lon="12.0171630">
    <ele>2375.0</ele>
    <time>2026-10-02T12:47:21Z</time>
   </trkpt>
   <trkpt lat="46.5279050" lon="12.0171620">
    <ele>2375.0</ele>
    <time>2026-10-02T12:47:22Z</time>
   </trkpt>
   <trkpt lat="46.5279050" lon="12.0171610">
    <ele>2375.0</ele>
    <time>2026-10-02T12:47:23Z</time>
   </trkpt>
   <trkpt lat="46.5279050" lon="12.0171610">
    <ele>2375.0</ele>
    <time>2026-10-02T12:47:24Z</time>
   </trkpt>
   <trkpt lat="46.5279050" lon="12.0171600">
    <ele>2375.1</ele>
    <time>2026-10-02T12:47:25Z</time>
   </trkpt>
   <trkpt lat="46.5279050" lon="12.0171590">
    <ele>2375.1</ele>
    <time>2026-10-02T12:47:26Z</time>
   </trkpt>
   <trkpt lat="46.5279040" lon="12.0171590">
    <ele>2375.1</ele>
    <time>2026-10-02T12:47:27Z</time>
   </trkpt>
   <trkpt lat="46.5279040" lon="12.0171580">
    <ele>2375.1</ele>
    <time>2026-10-02T12:47:28Z</time>
   </trkpt>
   <trkpt lat="46.5279040" lon="12.0171570">
    <ele>2375.1</ele>
    <time>2026-10-02T12:47:29Z</time>
   </trkpt>
   <trkpt lat="46.5279040" lon="12.0171570">
    <ele>2375.1</ele>
    <time>2026-10-02T12:47:30Z</time>
   </trkpt>
   <trkpt lat="46.5279040" lon="12.0171560">
    <ele>2375.1</ele>
    <time>2026-10-02T12:47:31Z</time>
   </trkpt>
   <trkpt lat="46.5279030" lon="12.0171550">
    <ele>2375.1</ele>
    <time>2026-10-02T12:47:32Z</time>
   </trkpt>
   <trkpt lat="46.5279030" lon="12.0171550">
    <ele>2375.1</ele>
    <time>2026-10-02T12:47:33Z</time>
   </trkpt>
   <trkpt lat="46.5279030" lon="12.0171540">
    <ele>2375.1</ele>
    <time>2026-10-02T12:47:34Z</time>
   </trkpt>
   <trkpt lat="46.5279030" lon="12.0171530">
    <ele>2375.1</ele>
    <time>2026-10-02T12:47:35Z</time>
   </trkpt>
   <trkpt lat="46.5279030" lon="12.0171530">
    <ele>2375.1</ele>
    <time>2026-10-02T12:47:36Z</time>
   </trkpt>
   <trkpt lat="46.5279030" lon="12.0171520">
    <ele>2375.1</ele>
    <time>2026-10-02T12:47:37Z</time>
   </trkpt>
   <trkpt lat="46.5279020" lon="12.0171510">
    <ele>2375.1</ele>
    <time>2026-10-02T12:47:38Z</time>
   </trkpt>
   <trkpt lat="46.5279020" lon="12.0171510">
    <ele>2375.1</ele>
    <time>2026-10-02T12:47:39Z</time>
   </trkpt>
   <trkpt lat="46.5279020" lon="12.0171500">
    <ele>2375.1</ele>
    <time>2026-10-02T12:47:40Z</time>
   </trkpt>
   <trkpt lat="46.5279020" lon="12.0171490">
    <ele>2375.1</ele>
    <time>2026-10-02T12:47:41Z</time>
   </trkpt>
   <trkpt lat="46.5279020" lon="12.0171490">
    <ele>2375.1</ele>
    <time>2026-10-02T12:47:42Z</time>
   </trkpt>
   <trkpt lat="46.5279010" lon="12.0171480">
    <ele>2375.1</ele>
    <time>2026-10-02T12:47:43Z</time>
   </trkpt>
   <trkpt lat="46.5279010" lon="12.0171470">
    <ele>2375.1</ele>
    <time>2026-10-02T12:47:44Z</time>
   </trkpt>
   <trkpt lat="46.5279010" lon="12.0171470">
    <ele>2375.1</ele>
    <time>2026-10-02T12:47:45Z</time>
   </trkpt>
   <trkpt lat="46.5279010" lon="12.0171460">
    <ele>2375.1</ele>
    <time>2026-10-02T12:47:46Z</time>
   </trkpt>
   <trkpt lat="46.5279010" lon="12.0171450">
    <ele>2375.1</ele>
    <time>2026-10-02T12:47:47Z</time>
   </trkpt>
   <trkpt lat="46.5279000" lon="12.0171450">
    <ele>2375.1</ele>
    <time>2026-10-02T12:47:48Z</time>
   </trkpt>
   <trkpt lat="46.5279000" lon="12.0171440">
    <ele>2375.1</ele>
    <time>2026-10-02T12:47:49Z</time>
   </trkpt>
   <trkpt lat="46.5279000" lon="12.0171440">
    <ele>2375.1</ele>
    <time>2026-10-02T12:47:50Z</time>
   </trkpt>
   <trkpt lat="46.5279000" lon="12.0171430">
    <ele>2375.1</ele>
    <time>2026-10-02T12:47:51Z</time>
   </trkpt>
   <trkpt lat="46.5279000" lon="12.0171420">
    <ele>2375.1</ele>
    <time>2026-10-02T12:47:52Z</time>
   </trkpt>
   <trkpt lat="46.5279000" lon="12.0171420">
    <ele>2375.1</ele>
    <time>2026-10-02T12:47:53Z</time>
   </trkpt>
   <trkpt lat="46.5278990" lon="12.0171410">
    <ele>2375.1</ele>
    <time>2026-10-02T12:47:54Z</time>
   </trkpt>
   <trkpt lat="46.5278990" lon="12.0171400">
    <ele>2375.1</ele>
    <time>2026-10-02T12:47:55Z</time>
   </trkpt>
   <trkpt lat="46.5278990" lon="12.0171400">
    <ele>2375.1</ele>
    <time>2026-10-02T12:47:56Z</time>
   </trkpt>
   <trkpt lat="46.5278990" lon="12.0171390">
    <ele>2375.1</ele>
    <time>2026-10-02T12:47:57Z</time>
   </trkpt>
   <trkpt lat="46.5278990" lon="12.0171380">
    <ele>2375.1</ele>
    <time>2026-10-02T12:47:58Z</time>
   </trkpt>
   <trkpt lat="46.5278980" lon="12.0171380">
    <ele>2375.1</ele>
    <time>2026-10-02T12:47:59Z</time>
   </trkpt>
   <trkpt lat="46.5278980" lon="12.0171370">
    <ele>2375.1</ele>
    <time>2026-10-02T12:48:00Z</time>
   </trkpt>
   <trkpt lat="46.5278980" lon="12.0171360">
    <ele>2375.1</ele>
    <time>2026-10-02T12:48:01Z</time>
   </trkpt>
   <trkpt lat="46.5278980" lon="12.0171360">
    <ele>2375.1</ele>
    <time>2026-10-02T12:48:02Z</time>
   </trkpt>
   <trkpt lat="46.5278980" lon="12.0171350">
    <ele>2375.1</ele>
    <time>2026-10-02T12:48:03Z</time>
   </trkpt>
   <trkpt lat="46.5278970" lon="12.0171340">
    <ele>2375.1</ele>
    <time>2026-10-02T12:48:04Z</time>
   </trkpt>
   <trkpt lat="46.5278970" lon="12.0171340">
    <ele>2375.1</ele>
    <time>2026-10-02T12:48:05Z</time>
   </trkpt>
   <trkpt lat="46.5278970" lon="12.0171330">
    <ele>2375.1</ele>
    <time>2026-10-02T12:48:06Z</time>
   </trkpt>
   <trkpt lat="46.5278970" lon="12.0171320">
    <ele>2375.1</ele>
    <time>2026-10-02T12:48:07Z</time>
   </trkpt>
   <trkpt lat="46.5278970" lon="12.0171320">
    <ele>2375.1</ele>
    <time>2026-10-02T12:48:08Z</time>
   </trkpt>
   <trkpt lat="46.5278970" lon="12.0171310">
    <ele>2375.1</ele>
    <time>2026-10-02T12:48:09Z</time>
   </trkpt>
   <trkpt lat="46.5278960" lon="12.0171300">
    <ele>2375.2</ele>
    <time>2026-10-02T12:48:10Z</time>
   </trkpt>
   <trkpt lat="46.5278960" lon="12.0171300">
    <ele>2375.2</ele>
    <time>2026-10-02T12:48:11Z</time>
   </trkpt>
   <trkpt lat="46.5278960" lon="12.0171290">
    <ele>2375.2</ele>
    <time>2026-10-02T12:48:12Z</time>
   </trkpt>
   <trkpt lat="46.5278960" lon="12.0171280">
    <ele>2375.2</ele>
    <time>2026-10-02T12:48:13Z</time>
   </trkpt>
   <trkpt lat="46.5278960" lon="12.0171280">
    <ele>2375.2</ele>
    <time>2026-10-02T12:48:14Z</time>
   </trkpt>
   <trkpt lat="46.5278950" lon="12.0171270">
    <ele>2375.2</ele>
    <time>2026-10-02T12:48:15Z</time>
   </trkpt>
   <trkpt lat="46.5278950" lon="12.0171260">
    <ele>2375.2</ele>
    <time>2026-10-02T12:48:16Z</time>
   </trkpt>
   <trkpt lat="46.5278950" lon="12.0171260">
    <ele>2375.2</ele>
    <time>2026-10-02T12:48:17Z</time>
   </trkpt>
   <trkpt lat="46.5278950" lon="12.0171250">
    <ele>2375.2</ele>
    <time>2026-10-02T12:48:18Z</time>
   </trkpt>
   <trkpt lat="46.5278950" lon="12.0171240">
    <ele>2375.2</ele>
    <time>2026-10-02T12:48:19Z</time>
   </trkpt>
   <trkpt lat="46.5278940" lon="12.0171240">
    <ele>2375.2</ele>
    <time>2026-10-02T12:48:20Z</time>
   </trkpt>
   <trkpt lat="46.5278940" lon="12.0171230">
    <ele>2375.2</ele>
    <time>2026-10-02T12:48:21Z</time>
   </trkpt>
   <trkpt lat="46.5278940" lon="12.0171220">
    <ele>2375.2</ele>
    <time>2026-10-02T12:48:22Z</time>
   </trkpt>
   <trkpt lat="46.5278940" lon="12.0171220">
    <ele>2375.2</ele>
    <time>2026-10-02T12:48:23Z</time>
   </trkpt>
   <trkpt lat="46.5278940" lon="12.0171210">
    <ele>2375.2</ele>
    <time>2026-10-02T12:48:24Z</time>
   </trkpt>
   <trkpt lat="46.5278930" lon="12.0171200">
    <ele>2375.2</ele>
    <time>2026-10-02T12:48:25Z</time>
   </trkpt>
   <trkpt lat="46.5278930" lon="12.0171200">
    <ele>2375.2</ele>
    <time>2026-10-02T12:48:26Z</time>
   </trkpt>
   <trkpt lat="46.5278930" lon="12.0171190">
    <ele>2375.2</ele>
    <time>2026-10-02T12:48:27Z</time>
   </trkpt>
   <trkpt lat="46.5278930" lon="12.0171180">
    <ele>2375.2</ele>
    <time>2026-10-02T12:48:28Z</time>
   </trkpt>
   <trkpt lat="46.5278930" lon="12.0171180">
    <ele>2375.2</ele>
    <time>2026-10-02T12:48:29Z</time>
   </trkpt>
   <trkpt lat="46.5278930" lon="12.0171170">
    <ele>2375.2</ele>
    <time>2026-10-02T12:48:30Z</time>
   </trkpt>
   <trkpt lat="46.5278920" lon="12.0171170">
    <ele>2375.2</ele>
    <time>2026-10-02T12:48:31Z</time>
   </trkpt>
   <trkpt lat="46.5278920" lon="12.0171160">
    <ele>2375.2</ele>
    <time>2026-10-02T12:48:32Z</time>
   </trkpt>
   <trkpt lat="46.5278920" lon="12.0171150">
    <ele>2375.2</ele>
    <time>2026-10-02T12:48:33Z</time>
   </trkpt>
   <trkpt lat="46.5278920" lon="12.0171150">
    <ele>2375.2</ele>
    <time>2026-10-02T12:48:34Z</time>
   </trkpt>
   <trkpt lat="46.5278920" lon="12.0171140">
    <ele>2375.2</ele>
    <time>2026-10-02T12:48:35Z</time>
   </trkpt>
   <trkpt lat="46.5278910" lon="12.0171130">
    <ele>2375.2</ele>
    <time>2026-10-02T12:48:36Z</time>
   </trkpt>
   <trkpt lat="46.5278910" lon="12.0171130">
    <ele>2375.2</ele>
    <time>2026-10-02T12:48:37Z</time>
   </trkpt>
   <trkpt lat="46.5278910" lon="12.0171120">
    <ele>2375.2</ele>
    <time>2026-10-02T12:48:38Z</time>
   </trkpt>
   <trkpt lat="46.5278910" lon="12.0171110">
    <ele>2375.2</ele>
    <time>2026-10-02T12:48:39Z</time>
   </trkpt>
   <trkpt lat="46.5278910" lon="12.0171110">
    <ele>2375.2</ele>
    <time>2026-10-02T12:48:40Z</time>
   </trkpt>
   <trkpt lat="46.5278900" lon="12.0171100">
    <ele>2375.2</ele>
    <time>2026-10-02T12:48:41Z</time>
   </trkpt>
   <trkpt lat="46.5278900" lon="12.0171090">
    <ele>2375.2</ele>
    <time>2026-10-02T12:48:42Z</time>
   </trkpt>
   <trkpt lat="46.5278900" lon="12.0171090">
    <ele>2375.2</ele>
    <time>2026-10-02T12:48:43Z</time>
   </trkpt>
   <trkpt lat="46.5278900" lon="12.0171080">
    <ele>2375.2</ele>
    <time>2026-10-02T12:48:44Z</time>
   </trkpt>
   <trkpt lat="46.5278900" lon="12.0171070">
    <ele>2375.2</ele>
    <time>2026-10-02T12:48:45Z</time>
   </trkpt>
   <trkpt lat="46.5278900" lon="12.0171070">
    <ele>2375.2</ele>
    <time>2026-10-02T12:48:46Z</time>
   </trkpt>
   <trkpt lat="46.5278890" lon="12.0171060">
    <ele>2375.2</ele>
    <time>2026-10-02T12:48:47Z</time>
   </trkpt>
   <trkpt lat="46.5278890" lon="12.0171050">
    <ele>2375.2</ele>
    <time>2026-10-02T12:48:48Z</time>
   </trkpt>
   <trkpt lat="46.5278890" lon="12.0171050">
    <ele>2375.2</ele>
    <time>2026-10-02T12:48:49Z</time>
   </trkpt>
   <trkpt lat="46.5278890" lon="12.0171040">
    <ele>2375.2</ele>
    <time>2026-10-02T12:48:50Z</time>
   </trkpt>
   <trkpt lat="46.5278890" lon="12.0171030">
    <ele>2375.2</ele>
    <time>2026-10-02T12:48:51Z</time>
   </trkpt>
   <trkpt lat="46.5278880" lon="12.0171030">
    <ele>2375.2</ele>
    <time>2026-10-02T12:48:52Z</time>
   </trkpt>
   <trkpt lat="46.5278880" lon="12.0171020">
    <ele>2375.2</ele>
    <time>2026-10-02T12:48:53Z</time>
   </trkpt>
   <trkpt lat="46.5278880" lon="12.0171010">
    <ele>2375.2</ele>
    <time>2026-10-02T12:48:54Z</time>
   </trkpt>
   <trkpt lat="46.5278880" lon="12.0171010">
    <ele>2375.2</ele>
    <time>2026-10-02T12:48:55Z</time>
   </trkpt>
   <trkpt lat="46.5278880" lon="12.0171000">
    <ele>2375.3</ele>
    <time>2026-10-02T12:48:56Z</time>
   </trkpt>
   <trkpt lat="46.5278870" lon="12.0170990">
    <ele>2375.3</ele>
    <time>2026-10-02T12:48:57Z</time>
   </trkpt>
   <trkpt lat="46.5278870" lon="12.0170990">
    <ele>2375.3</ele>
    <time>2026-10-02T12:48:58Z</time>
   </trkpt>
   <trkpt lat="46.5278870" lon="12.0170980">
    <ele>2375.3</ele>
    <time>2026-10-02T12:48:59Z</time>
   </trkpt>
   <trkpt lat="46.5278870" lon="12.0170970">
    <ele>2375.3</ele>
    <time>2026-10-02T12:49:00Z</time>
   </trkpt>
   <trkpt lat="46.5278870" lon="12.0170970">
    <ele>2375.3</ele>
    <time>2026-10-02T12:49:01Z</time>
   </trkpt>
   <trkpt lat="46.5278860" lon="12.0170960">
    <ele>2375.3</ele>
    <time>2026-10-02T12:49:02Z</time>
   </trkpt>
   <trkpt lat="46.5278860" lon="12.0170950">
    <ele>2375.3</ele>
    <time>2026-10-02T12:49:03Z</time>
   </trkpt>
   <trkpt lat="46.5278860" lon="12.0170950">
    <ele>2375.3</ele>
    <time>2026-10-02T12:49:04Z</time>
   </trkpt>
   <trkpt lat="46.5278860" lon="12.0170940">
    <ele>2375.3</ele>
    <time>2026-10-02T12:49:05Z</time>
   </trkpt>
   <trkpt lat="46.5278860" lon="12.0170930">
    <ele>2375.3</ele>
    <time>2026-10-02T12:49:06Z</time>
   </trkpt>
   <trkpt lat="46.5278860" lon="12.0170930">
    <ele>2375.3</ele>
    <time>2026-10-02T12:49:07Z</time>
   </trkpt>
   <trkpt lat="46.5278850" lon="12.0170920">
    <ele>2375.3</ele>
    <time>2026-10-02T12:49:08Z</time>
   </trkpt>
   <trkpt lat="46.5278850" lon="12.0170910">
    <ele>2375.3</ele>
    <time>2026-10-02T12:49:09Z</time>
   </trkpt>
   <trkpt lat="46.5278850" lon="12.0170910">
    <ele>2375.3</ele>
    <time>2026-10-02T12:49:10Z</time>
   </trkpt>
   <trkpt lat="46.5278850" lon="12.0170900">
    <ele>2375.3</ele>
    <time>2026-10-02T12:49:11Z</time>
   </trkpt>
   <trkpt lat="46.5278850" lon="12.0170900">
    <ele>2375.3</ele>
    <time>2026-10-02T12:49:12Z</time>
   </trkpt>
   <trkpt lat="46.5278840" lon="12.0170890">
    <ele>2375.3</ele>
    <time>2026-10-02T12:49:13Z</time>
   </trkpt>
   <trkpt lat="46.5278840" lon="12.0170880">
    <ele>2375.3</ele>
    <time>2026-10-02T12:49:14Z</time>
   </trkpt>
   <trkpt lat="46.5278840" lon="12.0170880">
    <ele>2375.3</ele>
    <time>2026-10-02T12:49:15Z</time>
   </trkpt>
   <trkpt lat="46.5278840" lon="12.0170870">
    <ele>2375.3</ele>
    <time>2026-10-02T12:49:16Z</time>
   </trkpt>
   <trkpt lat="46.5278840" lon="12.0170860">
    <ele>2375.3</ele>
    <time>2026-10-02T12:49:17Z</time>
   </trkpt>
   <trkpt lat="46.5278830" lon="12.0170860">
    <ele>2375.3</ele>
    <time>2026-10-02T12:49:18Z</time>
   </trkpt>
   <trkpt lat="46.5278830" lon="12.0170850">
    <ele>2375.3</ele>
    <time>2026-10-02T12:49:19Z</time>
   </trkpt>
   <trkpt lat="46.5278830" lon="12.0170840">
    <ele>2375.3</ele>
    <time>2026-10-02T12:49:20Z</time>
   </trkpt>
   <trkpt lat="46.5278830" lon="12.0170840">
    <ele>2375.3</ele>
    <time>2026-10-02T12:49:21Z</time>
   </trkpt>
   <trkpt lat="46.5278830" lon="12.0170830">
    <ele>2375.3</ele>
    <time>2026-10-02T12:49:22Z</time>
   </trkpt>
   <trkpt lat="46.5278830" lon="12.0170820">
    <ele>2375.3</ele>
    <time>2026-10-02T12:49:23Z</time>
   </trkpt>
   <trkpt lat="46.5278820" lon="12.0170820">
    <ele>2375.3</ele>
    <time>2026-10-02T12:49:24Z</time>
   </trkpt>
   <trkpt lat="46.5278820" lon="12.0170810">
    <ele>2375.3</ele>
    <time>2026-10-02T12:49:25Z</time>
   </trkpt>
   <trkpt lat="46.5278820" lon="12.0170800">
    <ele>2375.3</ele>
    <time>2026-10-02T12:49:26Z</time>
   </trkpt>
   <trkpt lat="46.5278820" lon="12.0170800">
    <ele>2375.3</ele>
    <time>2026-10-02T12:49:27Z</time>
   </trkpt>
   <trkpt lat="46.5278820" lon="12.0170790">
    <ele>2375.3</ele>
    <time>2026-10-02T12:49:28Z</time>
   </trkpt>
   <trkpt lat="46.5278810" lon="12.0170780">
    <ele>2375.3</ele>
    <time>2026-10-02T12:49:29Z</time>
   </trkpt>
   <trkpt lat="46.5278810" lon="12.0170780">
    <ele>2375.3</ele>
    <time>2026-10-02T12:49:30Z</time>
   </trkpt>
   <trkpt lat="46.5278810" lon="12.0170770">
    <ele>2375.3</ele>
    <time>2026-10-02T12:49:31Z</time>
   </trkpt>
   <trkpt lat="46.5278900" lon="12.0171100">
    <ele>2375.4</ele>
    <time>2026-10-02T12:49:32Z</time>
   </trkpt>
   <trkpt lat="46.5278940" lon="12.0171300">
    <ele>2375.5</ele>
    <time>2026-10-02T12:49:33Z</time>
   </trkpt>
   <trkpt lat="46.5278920" lon="12.0171310">
    <ele>2375.5</ele>
    <time>2026-10-02T12:49:34Z</time>
   </trkpt>
   <trkpt lat="46.5278920" lon="12.0171310">
    <ele>2375.5</ele>
    <time>2026-10-02T12:49:35Z</time>
   </trkpt>
   <trkpt lat="46.5278920" lon="12.0171310">
    <ele>2375.5</ele>
    <time>2026-10-02T12:49:36Z</time>
   </trkpt>
   <trkpt lat="46.5278920" lon="12.0171310">
    <ele>2375.5</ele>
    <time>2026-10-02T12:49:37Z</time>
   </trkpt>
   <trkpt lat="46.5278920" lon="12.0171310">
    <ele>2375.5</ele>
    <time>2026-10-02T12:49:38Z</time>
   </trkpt>
   <trkpt lat="46.5278940" lon="12.0171550">
    <ele>2375.5</ele>
    <time>2026-10-02T12:49:39Z</time>
   </trkpt>
   <trkpt lat="46.5278940" lon="12.0171550">
    <ele>2375.5</ele>
    <time>2026-10-02T12:49:40Z</time>
   </trkpt>
   <trkpt lat="46.5278960" lon="12.0171630">
    <ele>2375.6</ele>
    <time>2026-10-02T12:49:41Z</time>
   </trkpt>
   <trkpt lat="46.5278980" lon="12.0171670">
    <ele>2375.6</ele>
    <time>2026-10-02T12:49:42Z</time>
   </trkpt>
   <trkpt lat="46.5278980" lon="12.0171670">
    <ele>2375.6</ele>
    <time>2026-10-02T12:49:43Z</time>
   </trkpt>
   <trkpt lat="46.5278980" lon="12.0171670">
    <ele>2375.6</ele>
    <time>2026-10-02T12:49:44Z</time>
   </trkpt>
   <trkpt lat="46.5278980" lon="12.0171670">
    <ele>2375.6</ele>
    <time>2026-10-02T12:49:45Z</time>
   </trkpt>
   <trkpt lat="46.5278980" lon="12.0171670">
    <ele>2375.6</ele>
    <time>2026-10-02T12:49:46Z</time>
   </trkpt>
   <trkpt lat="46.5278980" lon="12.0171670">
    <ele>2375.6</ele>
    <time>2026-10-02T12:49:47Z</time>
   </trkpt>
   <trkpt lat="46.5278980" lon="12.0171670">
    <ele>2375.6</ele>
    <time>2026-10-02T12:49:48Z</time>
   </trkpt>
   <trkpt lat="46.5278980" lon="12.0171670">
    <ele>2375.6</ele>
    <time>2026-10-02T12:49:49Z</time>
   </trkpt>
   <trkpt lat="46.5278980" lon="12.0171670">
    <ele>2375.6</ele>
    <time>2026-10-02T12:49:50Z</time>
   </trkpt>
   <trkpt lat="46.5278980" lon="12.0171670">
    <ele>2375.6</ele>
    <time>2026-10-02T12:49:51Z</time>
   </trkpt>
   <trkpt lat="46.5278980" lon="12.0171670">
    <ele>2375.6</ele>
    <time>2026-10-02T12:49:52Z</time>
   </trkpt>
   <trkpt lat="46.5278980" lon="12.0171670">
    <ele>2375.6</ele>
    <time>2026-10-02T12:49:53Z</time>
   </trkpt>
   <trkpt lat="46.5278980" lon="12.0171670">
    <ele>2375.6</ele>
    <time>2026-10-02T12:49:54Z</time>
   </trkpt>
   <trkpt lat="46.5278980" lon="12.0171670">
    <ele>2375.6</ele>
    <time>2026-10-02T12:49:55Z</time>
   </trkpt>
   <trkpt lat="46.5278980" lon="12.0171670">
    <ele>2375.6</ele>
    <time>2026-10-02T12:49:56Z</time>
   </trkpt>
   <trkpt lat="46.5278980" lon="12.0171670">
    <ele>2375.6</ele>
    <time>2026-10-02T12:49:57Z</time>
   </trkpt>
   <trkpt lat="46.5278980" lon="12.0171670">
    <ele>2375.6</ele>
    <time>2026-10-02T12:49:58Z</time>
   </trkpt>
   <trkpt lat="46.5278980" lon="12.0171670">
    <ele>2375.6</ele>
    <time>2026-10-02T12:49:59Z</time>
   </trkpt>
   <trkpt lat="46.5278980" lon="12.0171670">
    <ele>2375.6</ele>
    <time>2026-10-02T12:50:00Z</time>
   </trkpt>
   <trkpt lat="46.5278980" lon="12.0171670">
    <ele>2375.6</ele>
    <time>2026-10-02T12:50:01Z</time>
   </trkpt>
   <trkpt lat="46.5278980" lon="12.0171670">
    <ele>2375.6</ele>
    <time>2026-10-02T12:50:02Z</time>
   </trkpt>
   <trkpt lat="46.5278980" lon="12.0171670">
    <ele>2375.6</ele>
    <time>2026-10-02T12:50:04Z</time>
   </trkpt>
   <trkpt lat="46.5278980" lon="12.0171670">
    <ele>2375.6</ele>
    <time>2026-10-02T12:50:05Z</time>
   </trkpt>
   <trkpt lat="46.5278980" lon="12.0171670">
    <ele>2375.6</ele>
    <time>2026-10-02T12:50:06Z</time>
   </trkpt>
   <trkpt lat="46.5278980" lon="12.0171670">
    <ele>2375.6</ele>
    <time>2026-10-02T12:50:07Z</time>
   </trkpt>
   <trkpt lat="46.5278980" lon="12.0171670">
    <ele>2375.6</ele>
    <time>2026-10-02T12:50:08Z</time>
   </trkpt>
   <trkpt lat="46.5278980" lon="12.0171670">
    <ele>2375.6</ele>
    <time>2026-10-02T12:50:09Z</time>
   </trkpt>
   <trkpt lat="46.5278950" lon="12.0171810">
    <ele>2375.6</ele>
    <time>2026-10-02T12:50:10Z</time>
   </trkpt>
   <trkpt lat="46.5278950" lon="12.0171800">
    <ele>2375.6</ele>
    <time>2026-10-02T12:50:11Z</time>
   </trkpt>
   <trkpt lat="46.5278950" lon="12.0171800">
    <ele>2375.6</ele>
    <time>2026-10-02T12:50:12Z</time>
   </trkpt>
   <trkpt lat="46.5278950" lon="12.0171800">
    <ele>2375.6</ele>
    <time>2026-10-02T12:50:13Z</time>
   </trkpt>
   <trkpt lat="46.5278950" lon="12.0171800">
    <ele>2375.6</ele>
    <time>2026-10-02T12:50:14Z</time>
   </trkpt>
   <trkpt lat="46.5278950" lon="12.0171800">
    <ele>2375.6</ele>
    <time>2026-10-02T12:50:15Z</time>
   </trkpt>
   <trkpt lat="46.5278950" lon="12.0171800">
    <ele>2375.6</ele>
    <time>2026-10-02T12:50:16Z</time>
   </trkpt>
   <trkpt lat="46.5278950" lon="12.0171800">
    <ele>2375.6</ele>
    <time>2026-10-02T12:50:17Z</time>
   </trkpt>
   <trkpt lat="46.5278950" lon="12.0171800">
    <ele>2375.6</ele>
    <time>2026-10-02T12:50:18Z</time>
   </trkpt>
   <trkpt lat="46.5278950" lon="12.0171800">
    <ele>2375.6</ele>
    <time>2026-10-02T12:50:19Z</time>
   </trkpt>
   <trkpt lat="46.5278950" lon="12.0171800">
    <ele>2375.6</ele>
    <time>2026-10-02T12:50:20Z</time>
   </trkpt>
   <trkpt lat="46.5278950" lon="12.0171800">
    <ele>2375.6</ele>
    <time>2026-10-02T12:50:21Z</time>
   </trkpt>
   <trkpt lat="46.5278950" lon="12.0171800">
    <ele>2375.6</ele>
    <time>2026-10-02T12:50:22Z</time>
   </trkpt>
   <trkpt lat="46.5278950" lon="12.0171800">
    <ele>2375.6</ele>
    <time>2026-10-02T12:50:23Z</time>
   </trkpt>
   <trkpt lat="46.5278950" lon="12.0171800">
    <ele>2375.6</ele>
    <time>2026-10-02T12:50:24Z</time>
   </trkpt>
   <trkpt lat="46.5278950" lon="12.0171800">
    <ele>2375.6</ele>
    <time>2026-10-02T12:50:25Z</time>
   </trkpt>
   <trkpt lat="46.5278950" lon="12.0171800">
    <ele>2375.6</ele>
    <time>2026-10-02T12:50:26Z</time>
   </trkpt>
   <trkpt lat="46.5278950" lon="12.0171800">
    <ele>2375.6</ele>
    <time>2026-10-02T12:50:27Z</time>
   </trkpt>
   <trkpt lat="46.5278950" lon="12.0171800">
    <ele>2375.6</ele>
    <time>2026-10-02T12:50:28Z</time>
   </trkpt>
   <trkpt lat="46.5278950" lon="12.0171800">
    <ele>2375.6</ele>
    <time>2026-10-02T12:50:29Z</time>
   </trkpt>
   <trkpt lat="46.5278950" lon="12.0171800">
    <ele>2375.6</ele>
    <time>2026-10-02T12:50:30Z</time>
   </trkpt>
   <trkpt lat="46.5278950" lon="12.0171800">
    <ele>2375.6</ele>
    <time>2026-10-02T12:50:31Z</time>
   </trkpt>
   <trkpt lat="46.5278880" lon="12.0171900">
    <ele>2375.7</ele>
    <time>2026-10-02T12:50:32Z</time>
   </trkpt>
   <trkpt lat="46.5278880" lon="12.0171860">
    <ele>2375.7</ele>
    <time>2026-10-02T12:50:33Z</time>
   </trkpt>
   <trkpt lat="46.5278880" lon="12.0171860">
    <ele>2375.7</ele>
    <time>2026-10-02T12:50:34Z</time>
   </trkpt>
   <trkpt lat="46.5278880" lon="12.0171860">
    <ele>2375.7</ele>
    <time>2026-10-02T12:50:35Z</time>
   </trkpt>
   <trkpt lat="46.5278880" lon="12.0171860">
    <ele>2375.7</ele>
    <time>2026-10-02T12:50:36Z</time>
   </trkpt>
   <trkpt lat="46.5278880" lon="12.0171860">
    <ele>2375.7</ele>
    <time>2026-10-02T12:50:37Z</time>
   </trkpt>
   <trkpt lat="46.5278880" lon="12.0171860">
    <ele>2375.7</ele>
    <time>2026-10-02T12:50:38Z</time>
   </trkpt>
   <trkpt lat="46.5278880" lon="12.0171860">
    <ele>2375.7</ele>
    <time>2026-10-02T12:50:39Z</time>
   </trkpt>
   <trkpt lat="46.5278880" lon="12.0171860">
    <ele>2375.7</ele>
    <time>2026-10-02T12:50:40Z</time>
   </trkpt>
   <trkpt lat="46.5278880" lon="12.0171860">
    <ele>2375.7</ele>
    <time>2026-10-02T12:50:41Z</time>
   </trkpt>
   <trkpt lat="46.5278880" lon="12.0171860">
    <ele>2375.7</ele>
    <time>2026-10-02T12:50:42Z</time>
   </trkpt>
   <trkpt lat="46.5278880" lon="12.0171860">
    <ele>2375.7</ele>
    <time>2026-10-02T12:50:43Z</time>
   </trkpt>
   <trkpt lat="46.5278880" lon="12.0171860">
    <ele>2375.7</ele>
    <time>2026-10-02T12:50:44Z</time>
   </trkpt>
   <trkpt lat="46.5278880" lon="12.0171860">
    <ele>2375.7</ele>
    <time>2026-10-02T12:50:45Z</time>
   </trkpt>
   <trkpt lat="46.5278880" lon="12.0171860">
    <ele>2375.7</ele>
    <time>2026-10-02T12:50:46Z</time>
   </trkpt>
   <trkpt lat="46.5278880" lon="12.0171860">
    <ele>2375.7</ele>
    <time>2026-10-02T12:50:47Z</time>
   </trkpt>
   <trkpt lat="46.5278880" lon="12.0171860">
    <ele>2375.7</ele>
    <time>2026-10-02T12:50:48Z</time>
   </trkpt>
   <trkpt lat="46.5278880" lon="12.0171860">
    <ele>2375.7</ele>
    <time>2026-10-02T12:50:49Z</time>
   </trkpt>
   <trkpt lat="46.5278880" lon="12.0171860">
    <ele>2375.7</ele>
    <time>2026-10-02T12:50:50Z</time>
   </trkpt>
   <trkpt lat="46.5278880" lon="12.0171860">
    <ele>2375.7</ele>
    <time>2026-10-02T12:50:51Z</time>
   </trkpt>
   <trkpt lat="46.5278880" lon="12.0171860">
    <ele>2375.7</ele>
    <time>2026-10-02T12:50:52Z</time>
   </trkpt>
   <trkpt lat="46.5278880" lon="12.0171860">
    <ele>2375.7</ele>
    <time>2026-10-02T12:50:53Z</time>
   </trkpt>
   <trkpt lat="46.5278880" lon="12.0171860">
    <ele>2375.7</ele>
    <time>2026-10-02T12:50:54Z</time>
   </trkpt>
   <trkpt lat="46.5278880" lon="12.0171860">
    <ele>2375.7</ele>
    <time>2026-10-02T12:50:55Z</time>
   </trkpt>
   <trkpt lat="46.5278880" lon="12.0171860">
    <ele>2375.7</ele>
    <time>2026-10-02T12:50:56Z</time>
   </trkpt>
   <trkpt lat="46.5278880" lon="12.0171860">
    <ele>2375.7</ele>
    <time>2026-10-02T12:50:57Z</time>
   </trkpt>
   <trkpt lat="46.5278880" lon="12.0171860">
    <ele>2375.7</ele>
    <time>2026-10-02T12:50:58Z</time>
   </trkpt>
   <trkpt lat="46.5278880" lon="12.0171860">
    <ele>2375.7</ele>
    <time>2026-10-02T12:50:59Z</time>
   </trkpt>
   <trkpt lat="46.5278880" lon="12.0171860">
    <ele>2375.7</ele>
    <time>2026-10-02T12:51:00Z</time>
   </trkpt>
   <trkpt lat="46.5278880" lon="12.0171860">
    <ele>2375.7</ele>
    <time>2026-10-02T12:51:01Z</time>
   </trkpt>
   <trkpt lat="46.5278880" lon="12.0171860">
    <ele>2375.7</ele>
    <time>2026-10-02T12:51:02Z</time>
   </trkpt>
   <trkpt lat="46.5278880" lon="12.0171860">
    <ele>2375.7</ele>
    <time>2026-10-02T12:51:03Z</time>
   </trkpt>
   <trkpt lat="46.5278880" lon="12.0171860">
    <ele>2375.7</ele>
    <time>2026-10-02T12:51:04Z</time>
   </trkpt>
   <trkpt lat="46.5278880" lon="12.0171860">
    <ele>2375.7</ele>
    <time>2026-10-02T12:51:05Z</time>
   </trkpt>
   <trkpt lat="46.5278880" lon="12.0171860">
    <ele>2375.7</ele>
    <time>2026-10-02T12:51:06Z</time>
   </trkpt>
   <trkpt lat="46.5278880" lon="12.0171860">
    <ele>2375.7</ele>
    <time>2026-10-02T12:51:07Z</time>
   </trkpt>
   <trkpt lat="46.5278880" lon="12.0171860">
    <ele>2375.7</ele>
    <time>2026-10-02T12:51:08Z</time>
   </trkpt>
   <trkpt lat="46.5278880" lon="12.0171860">
    <ele>2375.7</ele>
    <time>2026-10-02T12:51:09Z</time>
   </trkpt>
   <trkpt lat="46.5278880" lon="12.0171860">
    <ele>2375.7</ele>
    <time>2026-10-02T12:51:10Z</time>
   </trkpt>
   <trkpt lat="46.5278880" lon="12.0171860">
    <ele>2375.7</ele>
    <time>2026-10-02T12:51:11Z</time>
   </trkpt>
   <trkpt lat="46.5278880" lon="12.0171860">
    <ele>2375.7</ele>
    <time>2026-10-02T12:51:12Z</time>
   </trkpt>
   <trkpt lat="46.5278880" lon="12.0171860">
    <ele>2375.7</ele>
    <time>2026-10-02T12:51:13Z</time>
   </trkpt>
   <trkpt lat="46.5278880" lon="12.0171860">
    <ele>2375.7</ele>
    <time>2026-10-02T12:51:14Z</time>
   </trkpt>
   <trkpt lat="46.5278880" lon="12.0171860">
    <ele>2375.7</ele>
    <time>2026-10-02T12:51:15Z</time>
   </trkpt>
   <trkpt lat="46.5278880" lon="12.0171860">
    <ele>2375.7</ele>
    <time>2026-10-02T12:51:16Z</time>
   </trkpt>
   <trkpt lat="46.5278880" lon="12.0171860">
    <ele>2375.7</ele>
    <time>2026-10-02T12:51:17Z</time>
   </trkpt>
   <trkpt lat="46.5279070" lon="12.0171950">
    <ele>2375.7</ele>
    <time>2026-10-02T12:51:18Z</time>
   </trkpt>
   <trkpt lat="46.5279100" lon="12.0171970">
    <ele>2375.8</ele>
    <time>2026-10-02T12:51:19Z</time>
   </trkpt>
   <trkpt lat="46.5279100" lon="12.0171940">
    <ele>2375.8</ele>
    <time>2026-10-02T12:51:20Z</time>
   </trkpt>
   <trkpt lat="46.5279060" lon="12.0171950">
    <ele>2375.8</ele>
    <time>2026-10-02T12:51:21Z</time>
   </trkpt>
   <trkpt lat="46.5279060" lon="12.0171950">
    <ele>2375.8</ele>
    <time>2026-10-02T12:51:22Z</time>
   </trkpt>
   <trkpt lat="46.5279060" lon="12.0171950">
    <ele>2375.8</ele>
    <time>2026-10-02T12:51:23Z</time>
   </trkpt>
   <trkpt lat="46.5279060" lon="12.0171950">
    <ele>2375.8</ele>
    <time>2026-10-02T12:51:24Z</time>
   </trkpt>
   <trkpt lat="46.5279060" lon="12.0171950">
    <ele>2375.8</ele>
    <time>2026-10-02T12:51:25Z</time>
   </trkpt>
   <trkpt lat="46.5279060" lon="12.0171950">
    <ele>2375.8</ele>
    <time>2026-10-02T12:51:26Z</time>
   </trkpt>
   <trkpt lat="46.5279060" lon="12.0171950">
    <ele>2375.8</ele>
    <time>2026-10-02T12:51:27Z</time>
   </trkpt>
   <trkpt lat="46.5279060" lon="12.0171950">
    <ele>2375.8</ele>
    <time>2026-10-02T12:51:28Z</time>
   </trkpt>
   <trkpt lat="46.5279060" lon="12.0171950">
    <ele>2375.8</ele>
    <time>2026-10-02T12:51:29Z</time>
   </trkpt>
   <trkpt lat="46.5278940" lon="12.0171880">
    <ele>2375.8</ele>
    <time>2026-10-02T12:51:30Z</time>
   </trkpt>
   <trkpt lat="46.5278940" lon="12.0171880">
    <ele>2375.8</ele>
    <time>2026-10-02T12:51:31Z</time>
   </trkpt>
   <trkpt lat="46.5278940" lon="12.0171880">
    <ele>2375.8</ele>
    <time>2026-10-02T12:51:32Z</time>
   </trkpt>
   <trkpt lat="46.5278940" lon="12.0171880">
    <ele>2375.8</ele>
    <time>2026-10-02T12:51:33Z</time>
   </trkpt>
   <trkpt lat="46.5278940" lon="12.0171880">
    <ele>2375.8</ele>
    <time>2026-10-02T12:51:34Z</time>
   </trkpt>
   <trkpt lat="46.5278940" lon="12.0171880">
    <ele>2375.8</ele>
    <time>2026-10-02T12:51:35Z</time>
   </trkpt>
   <trkpt lat="46.5278940" lon="12.0171880">
    <ele>2375.8</ele>
    <time>2026-10-02T12:51:36Z</time>
   </trkpt>
   <trkpt lat="46.5278940" lon="12.0171880">
    <ele>2375.8</ele>
    <time>2026-10-02T12:51:37Z</time>
   </trkpt>
   <trkpt lat="46.5278940" lon="12.0171880">
    <ele>2375.8</ele>
    <time>2026-10-02T12:51:39Z</time>
   </trkpt>
   <trkpt lat="46.5278940" lon="12.0171880">
    <ele>2375.8</ele>
    <time>2026-10-02T12:51:40Z</time>
   </trkpt>
   <trkpt lat="46.5278940" lon="12.0171880">
    <ele>2375.8</ele>
    <time>2026-10-02T12:51:41Z</time>
   </trkpt>
   <trkpt lat="46.5278940" lon="12.0171880">
    <ele>2375.8</ele>
    <time>2026-10-02T12:51:42Z</time>
   </trkpt>
   <trkpt lat="46.5278940" lon="12.0171880">
    <ele>2375.8</ele>
    <time>2026-10-02T12:51:43Z</time>
   </trkpt>
   <trkpt lat="46.5278940" lon="12.0171880">
    <ele>2375.8</ele>
    <time>2026-10-02T12:51:44Z</time>
   </trkpt>
   <trkpt lat="46.5278940" lon="12.0171880">
    <ele>2375.8</ele>
    <time>2026-10-02T12:51:45Z</time>
   </trkpt>
   <trkpt lat="46.5278940" lon="12.0171880">
    <ele>2375.8</ele>
    <time>2026-10-02T12:51:46Z</time>
   </trkpt>
   <trkpt lat="46.5278940" lon="12.0171880">
    <ele>2375.8</ele>
    <time>2026-10-02T12:51:47Z</time>
   </trkpt>
   <trkpt lat="46.5278940" lon="12.0171880">
    <ele>2375.8</ele>
    <time>2026-10-02T12:51:48Z</time>
   </trkpt>
   <trkpt lat="46.5279010" lon="12.0171830">
    <ele>2375.8</ele>
    <time>2026-10-02T12:51:49Z</time>
   </trkpt>
   <trkpt lat="46.5279010" lon="12.0171830">
    <ele>2375.8</ele>
    <time>2026-10-02T12:51:50Z</time>
   </trkpt>
   <trkpt lat="46.5279010" lon="12.0171830">
    <ele>2375.8</ele>
    <time>2026-10-02T12:51:51Z</time>
   </trkpt>
   <trkpt lat="46.5279010" lon="12.0171830">
    <ele>2375.8</ele>
    <time>2026-10-02T12:51:52Z</time>
   </trkpt>
   <trkpt lat="46.5279010" lon="12.0171830">
    <ele>2375.8</ele>
    <time>2026-10-02T12:51:53Z</time>
   </trkpt>
   <trkpt lat="46.5279010" lon="12.0171830">
    <ele>2375.8</ele>
    <time>2026-10-02T12:51:54Z</time>
   </trkpt>
   <trkpt lat="46.5279010" lon="12.0171830">
    <ele>2375.8</ele>
    <time>2026-10-02T12:51:55Z</time>
   </trkpt>
   <trkpt lat="46.5279010" lon="12.0171830">
    <ele>2375.8</ele>
    <time>2026-10-02T12:51:56Z</time>
   </trkpt>
   <trkpt lat="46.5279010" lon="12.0171830">
    <ele>2375.8</ele>
    <time>2026-10-02T12:51:57Z</time>
   </trkpt>
   <trkpt lat="46.5279010" lon="12.0171830">
    <ele>2375.8</ele>
    <time>2026-10-02T12:51:58Z</time>
   </trkpt>
   <trkpt lat="46.5279010" lon="12.0171830">
    <ele>2375.8</ele>
    <time>2026-10-02T12:51:59Z</time>
   </trkpt>
   <trkpt lat="46.5279010" lon="12.0171830">
    <ele>2375.8</ele>
    <time>2026-10-02T12:52:00Z</time>
   </trkpt>
   <trkpt lat="46.5279010" lon="12.0171830">
    <ele>2375.8</ele>
    <time>2026-10-02T12:52:01Z</time>
   </trkpt>
   <trkpt lat="46.5279010" lon="12.0171830">
    <ele>2375.8</ele>
    <time>2026-10-02T12:52:02Z</time>
   </trkpt>
   <trkpt lat="46.5279010" lon="12.0171830">
    <ele>2375.8</ele>
    <time>2026-10-02T12:52:03Z</time>
   </trkpt>
   <trkpt lat="46.5279010" lon="12.0171830">
    <ele>2375.8</ele>
    <time>2026-10-02T12:52:04Z</time>
   </trkpt>
   <trkpt lat="46.5279010" lon="12.0171830">
    <ele>2375.8</ele>
    <time>2026-10-02T12:52:05Z</time>
   </trkpt>
   <trkpt lat="46.5279010" lon="12.0171830">
    <ele>2375.8</ele>
    <time>2026-10-02T12:52:06Z</time>
   </trkpt>
   <trkpt lat="46.5279010" lon="12.0171830">
    <ele>2375.8</ele>
    <time>2026-10-02T12:52:07Z</time>
   </trkpt>
   <trkpt lat="46.5279010" lon="12.0171830">
    <ele>2375.8</ele>
    <time>2026-10-02T12:52:08Z</time>
   </trkpt>
   <trkpt lat="46.5279010" lon="12.0171830">
    <ele>2375.8</ele>
    <time>2026-10-02T12:52:09Z</time>
   </trkpt>
   <trkpt lat="46.5279010" lon="12.0171830">
    <ele>2375.8</ele>
    <time>2026-10-02T12:52:10Z</time>
   </trkpt>
   <trkpt lat="46.5279010" lon="12.0171830">
    <ele>2375.8</ele>
    <time>2026-10-02T12:52:11Z</time>
   </trkpt>
   <trkpt lat="46.5279010" lon="12.0171830">
    <ele>2375.8</ele>
    <time>2026-10-02T12:52:12Z</time>
   </trkpt>
   <trkpt lat="46.5279010" lon="12.0171830">
    <ele>2375.8</ele>
    <time>2026-10-02T12:52:13Z</time>
   </trkpt>
   <trkpt lat="46.5279010" lon="12.0171830">
    <ele>2375.8</ele>
    <time>2026-10-02T12:52:14Z</time>
   </trkpt>
   <trkpt lat="46.5279010" lon="12.0171830">
    <ele>2375.8</ele>
    <time>2026-10-02T12:52:15Z</time>
   </trkpt>
   <trkpt lat="46.5279010" lon="12.0171830">
    <ele>2375.8</ele>
    <time>2026-10-02T12:52:16Z</time>
   </trkpt>
   <trkpt lat="46.5279010" lon="12.0171830">
    <ele>2375.8</ele>
    <time>2026-10-02T12:52:17Z</time>
   </trkpt>
   <trkpt lat="46.5279010" lon="12.0171830">
    <ele>2375.8</ele>
    <time>2026-10-02T12:52:18Z</time>
   </trkpt>
   <trkpt lat="46.5279010" lon="12.0171830">
    <ele>2375.8</ele>
    <time>2026-10-02T12:52:19Z</time>
   </trkpt>
   <trkpt lat="46.5279010" lon="12.0171830">
    <ele>2375.8</ele>
    <time>2026-10-02T12:52:20Z</time>
   </trkpt>
   <trkpt lat="46.5279010" lon="12.0171830">
    <ele>2375.8</ele>
    <time>2026-10-02T12:52:21Z</time>
   </trkpt>
   <trkpt lat="46.5279010" lon="12.0171830">
    <ele>2375.8</ele>
    <time>2026-10-02T12:52:22Z</time>
   </trkpt>
   <trkpt lat="46.5279210" lon="12.0171720">
    <ele>2375.9</ele>
    <time>2026-10-02T12:52:23Z</time>
   </trkpt>
   <trkpt lat="46.5279180" lon="12.0171670">
    <ele>2375.9</ele>
    <time>2026-10-02T12:52:24Z</time>
   </trkpt>
   <trkpt lat="46.5279160" lon="12.0171600">
    <ele>2375.9</ele>
    <time>2026-10-02T12:52:25Z</time>
   </trkpt>
   <trkpt lat="46.5279110" lon="12.0171640">
    <ele>2376.0</ele>
    <time>2026-10-02T12:52:26Z</time>
   </trkpt>
   <trkpt lat="46.5279130" lon="12.0171570">
    <ele>2376.0</ele>
    <time>2026-10-02T12:52:27Z</time>
   </trkpt>
   <trkpt lat="46.5279160" lon="12.0171530">
    <ele>2376.0</ele>
    <time>2026-10-02T12:52:28Z</time>
   </trkpt>
   <trkpt lat="46.5279310" lon="12.0171320">
    <ele>2376.1</ele>
    <time>2026-10-02T12:52:29Z</time>
   </trkpt>
   <trkpt lat="46.5279200" lon="12.0171480">
    <ele>2376.1</ele>
    <time>2026-10-02T12:52:30Z</time>
   </trkpt>
   <trkpt lat="46.5279250" lon="12.0171450">
    <ele>2376.1</ele>
    <time>2026-10-02T12:52:31Z</time>
   </trkpt>
   <trkpt lat="46.5279250" lon="12.0171450">
    <ele>2376.1</ele>
    <time>2026-10-02T12:52:32Z</time>
   </trkpt>
   <trkpt lat="46.5279250" lon="12.0171450">
    <ele>2376.1</ele>
    <time>2026-10-02T12:52:33Z</time>
   </trkpt>
   <trkpt lat="46.5279250" lon="12.0171450">
    <ele>2376.1</ele>
    <time>2026-10-02T12:52:34Z</time>
   </trkpt>
   <trkpt lat="46.5279250" lon="12.0171450">
    <ele>2376.1</ele>
    <time>2026-10-02T12:52:35Z</time>
   </trkpt>
   <trkpt lat="46.5279250" lon="12.0171450">
    <ele>2376.1</ele>
    <time>2026-10-02T12:52:36Z</time>
   </trkpt>
   <trkpt lat="46.5279250" lon="12.0171450">
    <ele>2376.1</ele>
    <time>2026-10-02T12:52:37Z</time>
   </trkpt>
   <trkpt lat="46.5279250" lon="12.0171450">
    <ele>2376.1</ele>
    <time>2026-10-02T12:52:38Z</time>
   </trkpt>
   <trkpt lat="46.5279250" lon="12.0171450">
    <ele>2376.1</ele>
    <time>2026-10-02T12:52:39Z</time>
   </trkpt>
   <trkpt lat="46.5279250" lon="12.0171450">
    <ele>2376.1</ele>
    <time>2026-10-02T12:52:40Z</time>
   </trkpt>
   <trkpt lat="46.5279250" lon="12.0171450">
    <ele>2376.1</ele>
    <time>2026-10-02T12:52:41Z</time>
   </trkpt>
   <trkpt lat="46.5279250" lon="12.0171450">
    <ele>2376.1</ele>
    <time>2026-10-02T12:52:42Z</time>
   </trkpt>
   <trkpt lat="46.5279250" lon="12.0171450">
    <ele>2376.1</ele>
    <time>2026-10-02T12:52:43Z</time>
   </trkpt>
   <trkpt lat="46.5279250" lon="12.0171450">
    <ele>2376.1</ele>
    <time>2026-10-02T12:52:45Z</time>
   </trkpt>
   <trkpt lat="46.5279250" lon="12.0171450">
    <ele>2376.1</ele>
    <time>2026-10-02T12:52:46Z</time>
   </trkpt>
   <trkpt lat="46.5279170" lon="12.0171650">
    <ele>2376.2</ele>
    <time>2026-10-02T12:52:47Z</time>
   </trkpt>
   <trkpt lat="46.5279170" lon="12.0171650">
    <ele>2376.2</ele>
    <time>2026-10-02T12:52:48Z</time>
   </trkpt>
   <trkpt lat="46.5279170" lon="12.0171650">
    <ele>2376.2</ele>
    <time>2026-10-02T12:52:49Z</time>
   </trkpt>
   <trkpt lat="46.5279170" lon="12.0171650">
    <ele>2376.2</ele>
    <time>2026-10-02T12:52:50Z</time>
   </trkpt>
   <trkpt lat="46.5279170" lon="12.0171650">
    <ele>2376.2</ele>
    <time>2026-10-02T12:52:51Z</time>
   </trkpt>
   <trkpt lat="46.5279170" lon="12.0171650">
    <ele>2376.2</ele>
    <time>2026-10-02T12:52:52Z</time>
   </trkpt>
   <trkpt lat="46.5279170" lon="12.0171650">
    <ele>2376.2</ele>
    <time>2026-10-02T12:52:53Z</time>
   </trkpt>
   <trkpt lat="46.5279170" lon="12.0171650">
    <ele>2376.2</ele>
    <time>2026-10-02T12:52:54Z</time>
   </trkpt>
   <trkpt lat="46.5279170" lon="12.0171650">
    <ele>2376.2</ele>
    <time>2026-10-02T12:52:55Z</time>
   </trkpt>
   <trkpt lat="46.5279170" lon="12.0171650">
    <ele>2376.2</ele>
    <time>2026-10-02T12:52:56Z</time>
   </trkpt>
   <trkpt lat="46.5279170" lon="12.0171650">
    <ele>2376.2</ele>
    <time>2026-10-02T12:52:57Z</time>
   </trkpt>
   <trkpt lat="46.5279170" lon="12.0171650">
    <ele>2376.2</ele>
    <time>2026-10-02T12:52:58Z</time>
   </trkpt>
   <trkpt lat="46.5279170" lon="12.0171650">
    <ele>2376.2</ele>
    <time>2026-10-02T12:52:59Z</time>
   </trkpt>
   <trkpt lat="46.5279020" lon="12.0171350">
    <ele>2376.3</ele>
    <time>2026-10-02T12:53:00Z</time>
   </trkpt>
   <trkpt lat="46.5279020" lon="12.0171350">
    <ele>2376.3</ele>
    <time>2026-10-02T12:53:01Z</time>
   </trkpt>
   <trkpt lat="46.5279020" lon="12.0171350">
    <ele>2376.3</ele>
    <time>2026-10-02T12:53:02Z</time>
   </trkpt>
   <trkpt lat="46.5279020" lon="12.0171350">
    <ele>2376.3</ele>
    <time>2026-10-02T12:53:03Z</time>
   </trkpt>
   <trkpt lat="46.5279020" lon="12.0171350">
    <ele>2376.3</ele>
    <time>2026-10-02T12:53:04Z</time>
   </trkpt>
   <trkpt lat="46.5279020" lon="12.0171350">
    <ele>2376.3</ele>
    <time>2026-10-02T12:53:05Z</time>
   </trkpt>
   <trkpt lat="46.5279070" lon="12.0171390">
    <ele>2376.3</ele>
    <time>2026-10-02T12:53:06Z</time>
   </trkpt>
   <trkpt lat="46.5279070" lon="12.0171390">
    <ele>2376.3</ele>
    <time>2026-10-02T12:53:07Z</time>
   </trkpt>
   <trkpt lat="46.5279070" lon="12.0171390">
    <ele>2376.3</ele>
    <time>2026-10-02T12:53:08Z</time>
   </trkpt>
   <trkpt lat="46.5279070" lon="12.0171390">
    <ele>2376.3</ele>
    <time>2026-10-02T12:53:09Z</time>
   </trkpt>
   <trkpt lat="46.5279070" lon="12.0171390">
    <ele>2376.3</ele>
    <time>2026-10-02T12:53:10Z</time>
   </trkpt>
   <trkpt lat="46.5279070" lon="12.0171390">
    <ele>2376.3</ele>
    <time>2026-10-02T12:53:11Z</time>
   </trkpt>
   <trkpt lat="46.5279070" lon="12.0171390">
    <ele>2376.3</ele>
    <time>2026-10-02T12:53:12Z</time>
   </trkpt>
   <trkpt lat="46.5279070" lon="12.0171390">
    <ele>2376.3</ele>
    <time>2026-10-02T12:53:13Z</time>
   </trkpt>
   <trkpt lat="46.5279070" lon="12.0171390">
    <ele>2376.3</ele>
    <time>2026-10-02T12:53:14Z</time>
   </trkpt>
   <trkpt lat="46.5279070" lon="12.0171390">
    <ele>2376.3</ele>
    <time>2026-10-02T12:53:15Z</time>
   </trkpt>
   <trkpt lat="46.5279070" lon="12.0171390">
    <ele>2376.3</ele>
    <time>2026-10-02T12:53:16Z</time>
   </trkpt>
   <trkpt lat="46.5279070" lon="12.0171390">
    <ele>2376.3</ele>
    <time>2026-10-02T12:53:17Z</time>
   </trkpt>
   <trkpt lat="46.5279070" lon="12.0171390">
    <ele>2376.3</ele>
    <time>2026-10-02T12:53:18Z</time>
   </trkpt>
   <trkpt lat="46.5279070" lon="12.0171390">
    <ele>2376.3</ele>
    <time>2026-10-02T12:53:19Z</time>
   </trkpt>
   <trkpt lat="46.5279070" lon="12.0171390">
    <ele>2376.3</ele>
    <time>2026-10-02T12:53:20Z</time>
   </trkpt>
   <trkpt lat="46.5279070" lon="12.0171390">
    <ele>2376.3</ele>
    <time>2026-10-02T12:53:21Z</time>
   </trkpt>
   <trkpt lat="46.5279070" lon="12.0171390">
    <ele>2376.3</ele>
    <time>2026-10-02T12:53:22Z</time>
   </trkpt>
   <trkpt lat="46.5279070" lon="12.0171390">
    <ele>2376.3</ele>
    <time>2026-10-02T12:53:23Z</time>
   </trkpt>
   <trkpt lat="46.5278910" lon="12.0171570">
    <ele>2376.4</ele>
    <time>2026-10-02T12:53:24Z</time>
   </trkpt>
   <trkpt lat="46.5278900" lon="12.0171570">
    <ele>2376.4</ele>
    <time>2026-10-02T12:53:25Z</time>
   </trkpt>
   <trkpt lat="46.5278900" lon="12.0171560">
    <ele>2376.4</ele>
    <time>2026-10-02T12:53:26Z</time>
   </trkpt>
   <trkpt lat="46.5278870" lon="12.0171550">
    <ele>2376.4</ele>
    <time>2026-10-02T12:53:27Z</time>
   </trkpt>
   <trkpt lat="46.5278870" lon="12.0171550">
    <ele>2376.4</ele>
    <time>2026-10-02T12:53:28Z</time>
   </trkpt>
   <trkpt lat="46.5278870" lon="12.0171550">
    <ele>2376.4</ele>
    <time>2026-10-02T12:53:29Z</time>
   </trkpt>
   <trkpt lat="46.5278870" lon="12.0171550">
    <ele>2376.4</ele>
    <time>2026-10-02T12:53:30Z</time>
   </trkpt>
   <trkpt lat="46.5278870" lon="12.0171550">
    <ele>2376.4</ele>
    <time>2026-10-02T12:53:31Z</time>
   </trkpt>
   <trkpt lat="46.5278870" lon="12.0171550">
    <ele>2376.4</ele>
    <time>2026-10-02T12:53:32Z</time>
   </trkpt>
   <trkpt lat="46.5278870" lon="12.0171550">
    <ele>2376.4</ele>
    <time>2026-10-02T12:53:33Z</time>
   </trkpt>
   <trkpt lat="46.5278980" lon="12.0171410">
    <ele>2376.4</ele>
    <time>2026-10-02T12:53:34Z</time>
   </trkpt>
   <trkpt lat="46.5278970" lon="12.0171490">
    <ele>2376.4</ele>
    <time>2026-10-02T12:53:35Z</time>
   </trkpt>
   <trkpt lat="46.5278990" lon="12.0171590">
    <ele>2376.5</ele>
    <time>2026-10-02T12:53:36Z</time>
   </trkpt>
   <trkpt lat="46.5278960" lon="12.0171570">
    <ele>2376.5</ele>
    <time>2026-10-02T12:53:37Z</time>
   </trkpt>
   <trkpt lat="46.5278960" lon="12.0171560">
    <ele>2376.5</ele>
    <time>2026-10-02T12:53:38Z</time>
   </trkpt>
   <trkpt lat="46.5278960" lon="12.0171560">
    <ele>2376.5</ele>
    <time>2026-10-02T12:53:39Z</time>
   </trkpt>
   <trkpt lat="46.5279070" lon="12.0171490">
    <ele>2376.5</ele>
    <time>2026-10-02T12:53:40Z</time>
   </trkpt>
   <trkpt lat="46.5279070" lon="12.0171490">
    <ele>2376.5</ele>
    <time>2026-10-02T12:53:41Z</time>
   </trkpt>
   <trkpt lat="46.5279070" lon="12.0171490">
    <ele>2376.5</ele>
    <time>2026-10-02T12:53:42Z</time>
   </trkpt>
   <trkpt lat="46.5279070" lon="12.0171490">
    <ele>2376.5</ele>
    <time>2026-10-02T12:53:43Z</time>
   </trkpt>
   <trkpt lat="46.5279070" lon="12.0171490">
    <ele>2376.5</ele>
    <time>2026-10-02T12:53:44Z</time>
   </trkpt>
   <trkpt lat="46.5279070" lon="12.0171490">
    <ele>2376.5</ele>
    <time>2026-10-02T12:53:45Z</time>
   </trkpt>
   <trkpt lat="46.5278800" lon="12.0171610">
    <ele>2376.6</ele>
    <time>2026-10-02T12:53:46Z</time>
   </trkpt>
   <trkpt lat="46.5278840" lon="12.0171630">
    <ele>2376.6</ele>
    <time>2026-10-02T12:53:47Z</time>
   </trkpt>
   <trkpt lat="46.5278840" lon="12.0171630">
    <ele>2376.6</ele>
    <time>2026-10-02T12:53:48Z</time>
   </trkpt>
   <trkpt lat="46.5278900" lon="12.0171700">
    <ele>2376.7</ele>
    <time>2026-10-02T12:53:49Z</time>
   </trkpt>
   <trkpt lat="46.5278900" lon="12.0171700">
    <ele>2376.7</ele>
    <time>2026-10-02T12:53:50Z</time>
   </trkpt>
   <trkpt lat="46.5278900" lon="12.0171700">
    <ele>2376.7</ele>
    <time>2026-10-02T12:53:51Z</time>
   </trkpt>
   <trkpt lat="46.5278900" lon="12.0171700">
    <ele>2376.7</ele>
    <time>2026-10-02T12:53:52Z</time>
   </trkpt>
   <trkpt lat="46.5278900" lon="12.0171700">
    <ele>2376.7</ele>
    <time>2026-10-02T12:53:53Z</time>
   </trkpt>
   <trkpt lat="46.5278900" lon="12.0171700">
    <ele>2376.7</ele>
    <time>2026-10-02T12:53:54Z</time>
   </trkpt>
   <trkpt lat="46.5278870" lon="12.0171730">
    <ele>2376.7</ele>
    <time>2026-10-02T12:53:55Z</time>
   </trkpt>
   <trkpt lat="46.5278860" lon="12.0171760">
    <ele>2376.7</ele>
    <time>2026-10-02T12:53:56Z</time>
   </trkpt>
   <trkpt lat="46.5278900" lon="12.0171770">
    <ele>2376.7</ele>
    <time>2026-10-02T12:53:57Z</time>
   </trkpt>
   <trkpt lat="46.5278900" lon="12.0171770">
    <ele>2376.7</ele>
    <time>2026-10-02T12:53:58Z</time>
   </trkpt>
   <trkpt lat="46.5278840" lon="12.0171820">
    <ele>2376.7</ele>
    <time>2026-10-02T12:53:59Z</time>
   </trkpt>
   <trkpt lat="46.5278810" lon="12.0171800">
    <ele>2376.7</ele>
    <time>2026-10-02T12:54:00Z</time>
   </trkpt>
   <trkpt lat="46.5278860" lon="12.0171740">
    <ele>2376.7</ele>
    <time>2026-10-02T12:54:01Z</time>
   </trkpt>
   <trkpt lat="46.5278900" lon="12.0171630">
    <ele>2376.8</ele>
    <time>2026-10-02T12:54:02Z</time>
   </trkpt>
   <trkpt lat="46.5278880" lon="12.0171620">
    <ele>2376.8</ele>
    <time>2026-10-02T12:54:03Z</time>
   </trkpt>
   <trkpt lat="46.5278870" lon="12.0171590">
    <ele>2376.8</ele>
    <time>2026-10-02T12:54:04Z</time>
   </trkpt>
   <trkpt lat="46.5278870" lon="12.0171590">
    <ele>2376.8</ele>
    <time>2026-10-02T12:54:05Z</time>
   </trkpt>
   <trkpt lat="46.5278870" lon="12.0171590">
    <ele>2376.8</ele>
    <time>2026-10-02T12:54:06Z</time>
   </trkpt>
   <trkpt lat="46.5278870" lon="12.0171590">
    <ele>2376.8</ele>
    <time>2026-10-02T12:54:07Z</time>
   </trkpt>
   <trkpt lat="46.5278870" lon="12.0171590">
    <ele>2376.8</ele>
    <time>2026-10-02T12:54:08Z</time>
   </trkpt>
   <trkpt lat="46.5278870" lon="12.0171590">
    <ele>2376.8</ele>
    <time>2026-10-02T12:54:09Z</time>
   </trkpt>
   <trkpt lat="46.5278870" lon="12.0171590">
    <ele>2376.8</ele>
    <time>2026-10-02T12:54:10Z</time>
   </trkpt>
   <trkpt lat="46.5278870" lon="12.0171590">
    <ele>2376.8</ele>
    <time>2026-10-02T12:54:11Z</time>
   </trkpt>
   <trkpt lat="46.5278870" lon="12.0171590">
    <ele>2376.8</ele>
    <time>2026-10-02T12:54:12Z</time>
   </trkpt>
   <trkpt lat="46.5278870" lon="12.0171590">
    <ele>2376.8</ele>
    <time>2026-10-02T12:54:13Z</time>
   </trkpt>
   <trkpt lat="46.5278870" lon="12.0171590">
    <ele>2376.8</ele>
    <time>2026-10-02T12:54:14Z</time>
   </trkpt>
   <trkpt lat="46.5278870" lon="12.0171590">
    <ele>2376.8</ele>
    <time>2026-10-02T12:54:15Z</time>
   </trkpt>
   <trkpt lat="46.5278870" lon="12.0171590">
    <ele>2376.8</ele>
    <time>2026-10-02T12:54:16Z</time>
   </trkpt>
   <trkpt lat="46.5278870" lon="12.0171590">
    <ele>2376.8</ele>
    <time>2026-10-02T12:54:17Z</time>
   </trkpt>
   <trkpt lat="46.5279010" lon="12.0171550">
    <ele>2376.8</ele>
    <time>2026-10-02T12:54:18Z</time>
   </trkpt>
   <trkpt lat="46.5278990" lon="12.0171580">
    <ele>2376.8</ele>
    <time>2026-10-02T12:54:19Z</time>
   </trkpt>
   <trkpt lat="46.5278980" lon="12.0171480">
    <ele>2376.9</ele>
    <time>2026-10-02T12:54:20Z</time>
   </trkpt>
   <trkpt lat="46.5278960" lon="12.0171540">
    <ele>2376.9</ele>
    <time>2026-10-02T12:54:21Z</time>
   </trkpt>
   <trkpt lat="46.5278960" lon="12.0171540">
    <ele>2376.9</ele>
    <time>2026-10-02T12:54:22Z</time>
   </trkpt>
   <trkpt lat="46.5278960" lon="12.0171540">
    <ele>2376.9</ele>
    <time>2026-10-02T12:54:23Z</time>
   </trkpt>
   <trkpt lat="46.5278960" lon="12.0171540">
    <ele>2376.9</ele>
    <time>2026-10-02T12:54:24Z</time>
   </trkpt>
   <trkpt lat="46.5278960" lon="12.0171540">
    <ele>2376.9</ele>
    <time>2026-10-02T12:54:25Z</time>
   </trkpt>
   <trkpt lat="46.5278950" lon="12.0171560">
    <ele>2376.9</ele>
    <time>2026-10-02T12:54:26Z</time>
   </trkpt>
   <trkpt lat="46.5279000" lon="12.0171490">
    <ele>2376.9</ele>
    <time>2026-10-02T12:54:27Z</time>
   </trkpt>
   <trkpt lat="46.5278980" lon="12.0171550">
    <ele>2376.9</ele>
    <time>2026-10-02T12:54:28Z</time>
   </trkpt>
   <trkpt lat="46.5278990" lon="12.0171560">
    <ele>2376.9</ele>
    <time>2026-10-02T12:54:29Z</time>
   </trkpt>
   <trkpt lat="46.5278910" lon="12.0171600">
    <ele>2377.0</ele>
    <time>2026-10-02T12:54:30Z</time>
   </trkpt>
   <trkpt lat="46.5278960" lon="12.0171590">
    <ele>2377.0</ele>
    <time>2026-10-02T12:54:31Z</time>
   </trkpt>
   <trkpt lat="46.5278960" lon="12.0171590">
    <ele>2377.0</ele>
    <time>2026-10-02T12:54:32Z</time>
   </trkpt>
   <trkpt lat="46.5278960" lon="12.0171590">
    <ele>2377.0</ele>
    <time>2026-10-02T12:54:33Z</time>
   </trkpt>
   <trkpt lat="46.5278960" lon="12.0171590">
    <ele>2377.0</ele>
    <time>2026-10-02T12:54:34Z</time>
   </trkpt>
   <trkpt lat="46.5278960" lon="12.0171590">
    <ele>2377.0</ele>
    <time>2026-10-02T12:54:35Z</time>
   </trkpt>
   <trkpt lat="46.5278960" lon="12.0171590">
    <ele>2377.0</ele>
    <time>2026-10-02T12:54:36Z</time>
   </trkpt>
   <trkpt lat="46.5278960" lon="12.0171590">
    <ele>2377.0</ele>
    <time>2026-10-02T12:54:37Z</time>
   </trkpt>
   <trkpt lat="46.5278960" lon="12.0171590">
    <ele>2377.0</ele>
    <time>2026-10-02T12:54:38Z</time>
   </trkpt>
   <trkpt lat="46.5278960" lon="12.0171590">
    <ele>2377.0</ele>
    <time>2026-10-02T12:54:39Z</time>
   </trkpt>
   <trkpt lat="46.5278960" lon="12.0171590">
    <ele>2377.0</ele>
    <time>2026-10-02T12:54:40Z</time>
   </trkpt>
   <trkpt lat="46.5278960" lon="12.0171590">
    <ele>2377.0</ele>
    <time>2026-10-02T12:54:41Z</time>
   </trkpt>
   <trkpt lat="46.5278960" lon="12.0171590">
    <ele>2377.0</ele>
    <time>2026-10-02T12:54:42Z</time>
   </trkpt>
   <trkpt lat="46.5278960" lon="12.0171590">
    <ele>2377.0</ele>
    <time>2026-10-02T12:54:43Z</time>
   </trkpt>
   <trkpt lat="46.5278960" lon="12.0171590">
    <ele>2377.0</ele>
    <time>2026-10-02T12:54:44Z</time>
   </trkpt>
   <trkpt lat="46.5278990" lon="12.0171700">
    <ele>2377.0</ele>
    <time>2026-10-02T12:54:45Z</time>
   </trkpt>
   <trkpt lat="46.5279010" lon="12.0171850">
    <ele>2377.0</ele>
    <time>2026-10-02T12:54:46Z</time>
   </trkpt>
   <trkpt lat="46.5279070" lon="12.0171900">
    <ele>2377.1</ele>
    <time>2026-10-02T12:54:47Z</time>
   </trkpt>
   <trkpt lat="46.5279110" lon="12.0171900">
    <ele>2377.1</ele>
    <time>2026-10-02T12:54:48Z</time>
   </trkpt>
   <trkpt lat="46.5279130" lon="12.0171930">
    <ele>2377.1</ele>
    <time>2026-10-02T12:54:49Z</time>
   </trkpt>
   <trkpt lat="46.5279190" lon="12.0171960">
    <ele>2377.1</ele>
    <time>2026-10-02T12:54:50Z</time>
   </trkpt>
   <trkpt lat="46.5279180" lon="12.0172010">
    <ele>2377.1</ele>
    <time>2026-10-02T12:54:51Z</time>
   </trkpt>
   <trkpt lat="46.5279220" lon="12.0172020">
    <ele>2377.1</ele>
    <time>2026-10-02T12:54:52Z</time>
   </trkpt>
   <trkpt lat="46.5279220" lon="12.0172020">
    <ele>2377.1</ele>
    <time>2026-10-02T12:54:53Z</time>
   </trkpt>
   <trkpt lat="46.5279220" lon="12.0172020">
    <ele>2377.1</ele>
    <time>2026-10-02T12:54:54Z</time>
   </trkpt>
   <trkpt lat="46.5279180" lon="12.0172030">
    <ele>2377.1</ele>
    <time>2026-10-02T12:54:55Z</time>
   </trkpt>
   <trkpt lat="46.5279180" lon="12.0172030">
    <ele>2377.1</ele>
    <time>2026-10-02T12:54:56Z</time>
   </trkpt>
   <trkpt lat="46.5279180" lon="12.0172030">
    <ele>2377.1</ele>
    <time>2026-10-02T12:54:57Z</time>
   </trkpt>
   <trkpt lat="46.5279180" lon="12.0172030">
    <ele>2377.1</ele>
    <time>2026-10-02T12:54:58Z</time>
   </trkpt>
   <trkpt lat="46.5279180" lon="12.0172030">
    <ele>2377.1</ele>
    <time>2026-10-02T12:54:59Z</time>
   </trkpt>
   <trkpt lat="46.5279180" lon="12.0172030">
    <ele>2377.1</ele>
    <time>2026-10-02T12:55:00Z</time>
   </trkpt>
   <trkpt lat="46.5279180" lon="12.0172030">
    <ele>2377.1</ele>
    <time>2026-10-02T12:55:01Z</time>
   </trkpt>
   <trkpt lat="46.5279180" lon="12.0172030">
    <ele>2377.1</ele>
    <time>2026-10-02T12:55:02Z</time>
   </trkpt>
   <trkpt lat="46.5279180" lon="12.0172030">
    <ele>2377.1</ele>
    <time>2026-10-02T12:55:03Z</time>
   </trkpt>
   <trkpt lat="46.5279180" lon="12.0172030">
    <ele>2377.1</ele>
    <time>2026-10-02T12:55:04Z</time>
   </trkpt>
   <trkpt lat="46.5279180" lon="12.0172030">
    <ele>2377.1</ele>
    <time>2026-10-02T12:55:05Z</time>
   </trkpt>
   <trkpt lat="46.5279180" lon="12.0172030">
    <ele>2377.1</ele>
    <time>2026-10-02T12:55:06Z</time>
   </trkpt>
   <trkpt lat="46.5279180" lon="12.0172030">
    <ele>2377.1</ele>
    <time>2026-10-02T12:55:07Z</time>
   </trkpt>
   <trkpt lat="46.5279180" lon="12.0172030">
    <ele>2377.1</ele>
    <time>2026-10-02T12:55:08Z</time>
   </trkpt>
   <trkpt lat="46.5279210" lon="12.0172000">
    <ele>2377.1</ele>
    <time>2026-10-02T12:55:09Z</time>
   </trkpt>
   <trkpt lat="46.5279250" lon="12.0172020">
    <ele>2377.2</ele>
    <time>2026-10-02T12:55:10Z</time>
   </trkpt>
   <trkpt lat="46.5279390" lon="12.0172000">
    <ele>2377.2</ele>
    <time>2026-10-02T12:55:11Z</time>
   </trkpt>
   <trkpt lat="46.5279380" lon="12.0172010">
    <ele>2377.2</ele>
    <time>2026-10-02T12:55:12Z</time>
   </trkpt>
   <trkpt lat="46.5279320" lon="12.0171920">
    <ele>2377.2</ele>
    <time>2026-10-02T12:55:13Z</time>
   </trkpt>
   <trkpt lat="46.5279330" lon="12.0171900">
    <ele>2377.2</ele>
    <time>2026-10-02T12:55:14Z</time>
   </trkpt>
   <trkpt lat="46.5279330" lon="12.0171940">
    <ele>2377.3</ele>
    <time>2026-10-02T12:55:15Z</time>
   </trkpt>
   <trkpt lat="46.5279380" lon="12.0172040">
    <ele>2377.3</ele>
    <time>2026-10-02T12:55:16Z</time>
   </trkpt>
   <trkpt lat="46.5279420" lon="12.0172010">
    <ele>2377.2</ele>
    <time>2026-10-02T12:55:17Z</time>
   </trkpt>
   <trkpt lat="46.5279570" lon="12.0171960">
    <ele>2379.4</ele>
    <time>2026-10-02T12:55:18Z</time>
   </trkpt>
   <trkpt lat="46.5279580" lon="12.0171830">
    <ele>2379.3</ele>
    <time>2026-10-02T12:55:19Z</time>
   </trkpt>
   <trkpt lat="46.5279550" lon="12.0171800">
    <ele>2377.8</ele>
    <time>2026-10-02T12:55:20Z</time>
   </trkpt>
   <trkpt lat="46.5279560" lon="12.0171780">
    <ele>2379.2</ele>
    <time>2026-10-02T12:55:21Z</time>
   </trkpt>
   <trkpt lat="46.5279560" lon="12.0171790">
    <ele>2379.2</ele>
    <time>2026-10-02T12:55:22Z</time>
   </trkpt>
   <trkpt lat="46.5279620" lon="12.0171820">
    <ele>2379.1</ele>
    <time>2026-10-02T12:55:23Z</time>
   </trkpt>
   <trkpt lat="46.5279640" lon="12.0171760">
    <ele>2379.1</ele>
    <time>2026-10-02T12:55:24Z</time>
   </trkpt>
   <trkpt lat="46.5279820" lon="12.0171800">
    <ele>2379.0</ele>
    <time>2026-10-02T12:55:25Z</time>
   </trkpt>
   <trkpt lat="46.5279850" lon="12.0171800">
    <ele>2378.9</ele>
    <time>2026-10-02T12:55:26Z</time>
   </trkpt>
   <trkpt lat="46.5279870" lon="12.0171640">
    <ele>2380.4</ele>
    <time>2026-10-02T12:55:27Z</time>
   </trkpt>
   <trkpt lat="46.5279930" lon="12.0171520">
    <ele>2381.3</ele>
    <time>2026-10-02T12:55:28Z</time>
   </trkpt>
   <trkpt lat="46.5280060" lon="12.0171400">
    <ele>2381.2</ele>
    <time>2026-10-02T12:55:29Z</time>
   </trkpt>
   <trkpt lat="46.5280170" lon="12.0171280">
    <ele>2382.8</ele>
    <time>2026-10-02T12:55:30Z</time>
   </trkpt>
   <trkpt lat="46.5280500" lon="12.0170920">
    <ele>2385.4</ele>
    <time>2026-10-02T12:55:31Z</time>
   </trkpt>
   <trkpt lat="46.5280550" lon="12.0170920">
    <ele>2385.4</ele>
    <time>2026-10-02T12:55:32Z</time>
   </trkpt>
   <trkpt lat="46.5280710" lon="12.0170850">
    <ele>2385.3</ele>
    <time>2026-10-02T12:55:33Z</time>
   </trkpt>
   <trkpt lat="46.5280660" lon="12.0170760">
    <ele>2385.3</ele>
    <time>2026-10-02T12:55:34Z</time>
   </trkpt>
   <trkpt lat="46.5280730" lon="12.0170610">
    <ele>2386.3</ele>
    <time>2026-10-02T12:55:35Z</time>
   </trkpt>
   <trkpt lat="46.5280800" lon="12.0170500">
    <ele>2387.9</ele>
    <time>2026-10-02T12:55:36Z</time>
   </trkpt>
   <trkpt lat="46.5280920" lon="12.0170370">
    <ele>2387.8</ele>
    <time>2026-10-02T12:55:37Z</time>
   </trkpt>
   <trkpt lat="46.5280970" lon="12.0170230">
    <ele>2388.9</ele>
    <time>2026-10-02T12:55:38Z</time>
   </trkpt>
   <trkpt lat="46.5281000" lon="12.0170120">
    <ele>2388.9</ele>
    <time>2026-10-02T12:55:39Z</time>
   </trkpt>
   <trkpt lat="46.5281060" lon="12.0170050">
    <ele>2390.4</ele>
    <time>2026-10-02T12:55:40Z</time>
   </trkpt>
   <trkpt lat="46.5281160" lon="12.0169950">
    <ele>2390.3</ele>
    <time>2026-10-02T12:55:41Z</time>
   </trkpt>
   <trkpt lat="46.5281250" lon="12.0169850">
    <ele>2390.3</ele>
    <time>2026-10-02T12:55:42Z</time>
   </trkpt>
   <trkpt lat="46.5281350" lon="12.0169760">
    <ele>2392.9</ele>
    <time>2026-10-02T12:55:43Z</time>
   </trkpt>
   <trkpt lat="46.5281440" lon="12.0169650">
    <ele>2392.9</ele>
    <time>2026-10-02T12:55:44Z</time>
   </trkpt>
   <trkpt lat="46.5281490" lon="12.0169460">
    <ele>2392.8</ele>
    <time>2026-10-02T12:55:45Z</time>
   </trkpt>
   <trkpt lat="46.5281580" lon="12.0169300">
    <ele>2394.1</ele>
    <time>2026-10-02T12:55:46Z</time>
   </trkpt>
   <trkpt lat="46.5281600" lon="12.0169190">
    <ele>2394.0</ele>
    <time>2026-10-02T12:55:47Z</time>
   </trkpt>
   <trkpt lat="46.5281640" lon="12.0169170">
    <ele>2395.3</ele>
    <time>2026-10-02T12:55:48Z</time>
   </trkpt>
   <trkpt lat="46.5281750" lon="12.0169190">
    <ele>2395.3</ele>
    <time>2026-10-02T12:55:49Z</time>
   </trkpt>
   <trkpt lat="46.5281840" lon="12.0169040">
    <ele>2395.2</ele>
    <time>2026-10-02T12:55:50Z</time>
   </trkpt>
   <trkpt lat="46.5281860" lon="12.0168890">
    <ele>2396.6</ele>
    <time>2026-10-02T12:55:51Z</time>
   </trkpt>
   <trkpt lat="46.5281850" lon="12.0168820">
    <ele>2396.5</ele>
    <time>2026-10-02T12:55:52Z</time>
   </trkpt>
   <trkpt lat="46.5281840" lon="12.0168760">
    <ele>2396.5</ele>
    <time>2026-10-02T12:55:53Z</time>
   </trkpt>
   <trkpt lat="46.5281850" lon="12.0168720">
    <ele>2396.4</ele>
    <time>2026-10-02T12:55:54Z</time>
   </trkpt>
   <trkpt lat="46.5281800" lon="12.0168760">
    <ele>2396.4</ele>
    <time>2026-10-02T12:55:55Z</time>
   </trkpt>
   <trkpt lat="46.5281900" lon="12.0168640">
    <ele>2396.3</ele>
    <time>2026-10-02T12:55:56Z</time>
   </trkpt>
   <trkpt lat="46.5281950" lon="12.0168520">
    <ele>2399.1</ele>
    <time>2026-10-02T12:55:57Z</time>
   </trkpt>
   <trkpt lat="46.5282020" lon="12.0168480">
    <ele>2399.0</ele>
    <time>2026-10-02T12:55:58Z</time>
   </trkpt>
   <trkpt lat="46.5282100" lon="12.0168410">
    <ele>2399.0</ele>
    <time>2026-10-02T12:55:59Z</time>
   </trkpt>
   <trkpt lat="46.5282110" lon="12.0168440">
    <ele>2398.9</ele>
    <time>2026-10-02T12:56:00Z</time>
   </trkpt>
   <trkpt lat="46.5282200" lon="12.0168320">
    <ele>2398.8</ele>
    <time>2026-10-02T12:56:01Z</time>
   </trkpt>
   <trkpt lat="46.5282300" lon="12.0168290">
    <ele>2400.1</ele>
    <time>2026-10-02T12:56:02Z</time>
   </trkpt>
   <trkpt lat="46.5282340" lon="12.0168260">
    <ele>2400.1</ele>
    <time>2026-10-02T12:56:03Z</time>
   </trkpt>
   <trkpt lat="46.5282420" lon="12.0168170">
    <ele>2400.0</ele>
    <time>2026-10-02T12:56:04Z</time>
   </trkpt>
   <trkpt lat="46.5282440" lon="12.0168070">
    <ele>2401.6</ele>
    <time>2026-10-02T12:56:05Z</time>
   </trkpt>
   <trkpt lat="46.5282460" lon="12.0167930">
    <ele>2401.5</ele>
    <time>2026-10-02T12:56:06Z</time>
   </trkpt>
   <trkpt lat="46.5282290" lon="12.0168030">
    <ele>2401.5</ele>
    <time>2026-10-02T12:56:07Z</time>
   </trkpt>
   <trkpt lat="46.5282290" lon="12.0167970">
    <ele>2401.4</ele>
    <time>2026-10-02T12:56:08Z</time>
   </trkpt>
   <trkpt lat="46.5282370" lon="12.0167860">
    <ele>2401.4</ele>
    <time>2026-10-02T12:56:09Z</time>
   </trkpt>
   <trkpt lat="46.5282400" lon="12.0167840">
    <ele>2401.3</ele>
    <time>2026-10-02T12:56:10Z</time>
   </trkpt>
   <trkpt lat="46.5282440" lon="12.0167790">
    <ele>2401.3</ele>
    <time>2026-10-02T12:56:11Z</time>
   </trkpt>
   <trkpt lat="46.5282410" lon="12.0167800">
    <ele>2401.2</ele>
    <time>2026-10-02T12:56:12Z</time>
   </trkpt>
   <trkpt lat="46.5282400" lon="12.0167750">
    <ele>2401.1</ele>
    <time>2026-10-02T12:56:13Z</time>
   </trkpt>
   <trkpt lat="46.5282500" lon="12.0167620">
    <ele>2402.9</ele>
    <time>2026-10-02T12:56:14Z</time>
   </trkpt>
   <trkpt lat="46.5282570" lon="12.0167420">
    <ele>2404.2</ele>
    <time>2026-10-02T12:56:15Z</time>
   </trkpt>
   <trkpt lat="46.5282510" lon="12.0167500">
    <ele>2404.1</ele>
    <time>2026-10-02T12:56:16Z</time>
   </trkpt>
   <trkpt lat="46.5282450" lon="12.0167560">
    <ele>2402.7</ele>
    <time>2026-10-02T12:56:17Z</time>
   </trkpt>
   <trkpt lat="46.5282470" lon="12.0167650">
    <ele>2402.7</ele>
    <time>2026-10-02T12:56:18Z</time>
   </trkpt>
   <trkpt lat="46.5282480" lon="12.0167760">
    <ele>2400.8</ele>
    <time>2026-10-02T12:56:19Z</time>
   </trkpt>
   <trkpt lat="46.5282480" lon="12.0167830">
    <ele>2400.7</ele>
    <time>2026-10-02T12:56:20Z</time>
   </trkpt>
   <trkpt lat="46.5282450" lon="12.0167820">
    <ele>2400.7</ele>
    <time>2026-10-02T12:56:21Z</time>
   </trkpt>
   <trkpt lat="46.5282440" lon="12.0167830">
    <ele>2400.6</ele>
    <time>2026-10-02T12:56:22Z</time>
   </trkpt>
   <trkpt lat="46.5282370" lon="12.0167930">
    <ele>2400.6</ele>
    <time>2026-10-02T12:56:23Z</time>
   </trkpt>
   <trkpt lat="46.5282310" lon="12.0167990">
    <ele>2400.5</ele>
    <time>2026-10-02T12:56:24Z</time>
   </trkpt>
   <trkpt lat="46.5282310" lon="12.0167990">
    <ele>2400.4</ele>
    <time>2026-10-02T12:56:25Z</time>
   </trkpt>
   <trkpt lat="46.5282300" lon="12.0168000">
    <ele>2400.4</ele>
    <time>2026-10-02T12:56:26Z</time>
   </trkpt>
   <trkpt lat="46.5282270" lon="12.0168020">
    <ele>2400.3</ele>
    <time>2026-10-02T12:56:27Z</time>
   </trkpt>
   <trkpt lat="46.5282270" lon="12.0168020">
    <ele>2400.3</ele>
    <time>2026-10-02T12:56:28Z</time>
   </trkpt>
   <trkpt lat="46.5282270" lon="12.0168020">
    <ele>2400.2</ele>
    <time>2026-10-02T12:56:29Z</time>
   </trkpt>
   <trkpt lat="46.5282270" lon="12.0168020">
    <ele>2400.2</ele>
    <time>2026-10-02T12:56:30Z</time>
   </trkpt>
   <trkpt lat="46.5282270" lon="12.0168020">
    <ele>2400.1</ele>
    <time>2026-10-02T12:56:31Z</time>
   </trkpt>
   <trkpt lat="46.5282270" lon="12.0168020">
    <ele>2400.0</ele>
    <time>2026-10-02T12:56:32Z</time>
   </trkpt>
   <trkpt lat="46.5282260" lon="12.0168050">
    <ele>2400.0</ele>
    <time>2026-10-02T12:56:33Z</time>
   </trkpt>
   <trkpt lat="46.5282260" lon="12.0168050">
    <ele>2400.0</ele>
    <time>2026-10-02T12:56:34Z</time>
   </trkpt>
   <trkpt lat="46.5282260" lon="12.0168050">
    <ele>2400.0</ele>
    <time>2026-10-02T12:56:35Z</time>
   </trkpt>
   <trkpt lat="46.5282260" lon="12.0168050">
    <ele>2400.0</ele>
    <time>2026-10-02T12:56:36Z</time>
   </trkpt>
   <trkpt lat="46.5282310" lon="12.0168010">
    <ele>2399.9</ele>
    <time>2026-10-02T12:56:37Z</time>
   </trkpt>
   <trkpt lat="46.5282240" lon="12.0167910">
    <ele>2399.8</ele>
    <time>2026-10-02T12:56:38Z</time>
   </trkpt>
   <trkpt lat="46.5282200" lon="12.0167820">
    <ele>2399.7</ele>
    <time>2026-10-02T12:56:39Z</time>
   </trkpt>
   <trkpt lat="46.5282150" lon="12.0167650">
    <ele>2399.6</ele>
    <time>2026-10-02T12:56:40Z</time>
   </trkpt>
   <trkpt lat="46.5282080" lon="12.0167480">
    <ele>2399.4</ele>
    <time>2026-10-02T12:56:41Z</time>
   </trkpt>
   <trkpt lat="46.5281950" lon="12.0167390">
    <ele>2399.2</ele>
    <time>2026-10-02T12:56:42Z</time>
   </trkpt>
   <trkpt lat="46.5281840" lon="12.0167210">
    <ele>2399.0</ele>
    <time>2026-10-02T12:56:43Z</time>
   </trkpt>
   <trkpt lat="46.5281800" lon="12.0167070">
    <ele>2398.9</ele>
    <time>2026-10-02T12:56:44Z</time>
   </trkpt>
   <trkpt lat="46.5281770" lon="12.0166980">
    <ele>2398.8</ele>
    <time>2026-10-02T12:56:45Z</time>
   </trkpt>
   <trkpt lat="46.5281680" lon="12.0166870">
    <ele>2398.7</ele>
    <time>2026-10-02T12:56:46Z</time>
   </trkpt>
   <trkpt lat="46.5281600" lon="12.0166770">
    <ele>2398.5</ele>
    <time>2026-10-02T12:56:47Z</time>
   </trkpt>
   <trkpt lat="46.5281530" lon="12.0166620">
    <ele>2398.4</ele>
    <time>2026-10-02T12:56:48Z</time>
   </trkpt>
   <trkpt lat="46.5281390" lon="12.0166480">
    <ele>2398.2</ele>
    <time>2026-10-02T12:56:49Z</time>
   </trkpt>
   <trkpt lat="46.5281300" lon="12.0166360">
    <ele>2398.1</ele>
    <time>2026-10-02T12:56:50Z</time>
   </trkpt>
   <trkpt lat="46.5281230" lon="12.0166220">
    <ele>2397.9</ele>
    <time>2026-10-02T12:56:51Z</time>
   </trkpt>
   <trkpt lat="46.5281180" lon="12.0166090">
    <ele>2397.8</ele>
    <time>2026-10-02T12:56:52Z</time>
   </trkpt>
   <trkpt lat="46.5281020" lon="12.0165930">
    <ele>2397.6</ele>
    <time>2026-10-02T12:56:53Z</time>
   </trkpt>
   <trkpt lat="46.5280850" lon="12.0165890">
    <ele>2397.5</ele>
    <time>2026-10-02T12:56:54Z</time>
   </trkpt>
   <trkpt lat="46.5280770" lon="12.0165780">
    <ele>2397.4</ele>
    <time>2026-10-02T12:56:55Z</time>
   </trkpt>
   <trkpt lat="46.5280740" lon="12.0165680">
    <ele>2397.4</ele>
    <time>2026-10-02T12:56:56Z</time>
   </trkpt>
   <trkpt lat="46.5280670" lon="12.0165590">
    <ele>2397.3</ele>
    <time>2026-10-02T12:56:57Z</time>
   </trkpt>
   <trkpt lat="46.5280550" lon="12.0165530">
    <ele>2397.2</ele>
    <time>2026-10-02T12:56:58Z</time>
   </trkpt>
   <trkpt lat="46.5280460" lon="12.0165360">
    <ele>2397.2</ele>
    <time>2026-10-02T12:56:59Z</time>
   </trkpt>
   <trkpt lat="46.5280430" lon="12.0165350">
    <ele>2397.1</ele>
    <time>2026-10-02T12:57:00Z</time>
   </trkpt>
   <trkpt lat="46.5280440" lon="12.0165250">
    <ele>2397.1</ele>
    <time>2026-10-02T12:57:01Z</time>
   </trkpt>
   <trkpt lat="46.5280420" lon="12.0165160">
    <ele>2397.1</ele>
    <time>2026-10-02T12:57:02Z</time>
   </trkpt>
   <trkpt lat="46.5280430" lon="12.0164970">
    <ele>2397.1</ele>
    <time>2026-10-02T12:57:03Z</time>
   </trkpt>
   <trkpt lat="46.5280460" lon="12.0164860">
    <ele>2397.1</ele>
    <time>2026-10-02T12:57:04Z</time>
   </trkpt>
   <trkpt lat="46.5280510" lon="12.0164820">
    <ele>2397.1</ele>
    <time>2026-10-02T12:57:05Z</time>
   </trkpt>
   <trkpt lat="46.5280530" lon="12.0164800">
    <ele>2397.1</ele>
    <time>2026-10-02T12:57:06Z</time>
   </trkpt>
   <trkpt lat="46.5280540" lon="12.0164760">
    <ele>2397.1</ele>
    <time>2026-10-02T12:57:07Z</time>
   </trkpt>
   <trkpt lat="46.5280490" lon="12.0164650">
    <ele>2397.1</ele>
    <time>2026-10-02T12:57:08Z</time>
   </trkpt>
   <trkpt lat="46.5280380" lon="12.0164570">
    <ele>2397.1</ele>
    <time>2026-10-02T12:57:09Z</time>
   </trkpt>
   <trkpt lat="46.5280390" lon="12.0164460">
    <ele>2397.1</ele>
    <time>2026-10-02T12:57:10Z</time>
   </trkpt>
   <trkpt lat="46.5280300" lon="12.0164360">
    <ele>2397.2</ele>
    <time>2026-10-02T12:57:11Z</time>
   </trkpt>
   <trkpt lat="46.5280180" lon="12.0164340">
    <ele>2397.2</ele>
    <time>2026-10-02T12:57:12Z</time>
   </trkpt>
   <trkpt lat="46.5280100" lon="12.0164300">
    <ele>2397.3</ele>
    <time>2026-10-02T12:57:13Z</time>
   </trkpt>
   <trkpt lat="46.5280020" lon="12.0164190">
    <ele>2397.3</ele>
    <time>2026-10-02T12:57:14Z</time>
   </trkpt>
   <trkpt lat="46.5279980" lon="12.0164080">
    <ele>2397.4</ele>
    <time>2026-10-02T12:57:15Z</time>
   </trkpt>
   <trkpt lat="46.5279850" lon="12.0163950">
    <ele>2397.6</ele>
    <time>2026-10-02T12:57:16Z</time>
   </trkpt>
   <trkpt lat="46.5279800" lon="12.0163910">
    <ele>2397.6</ele>
    <time>2026-10-02T12:57:17Z</time>
   </trkpt>
   <trkpt lat="46.5279740" lon="12.0163810">
    <ele>2397.7</ele>
    <time>2026-10-02T12:57:18Z</time>
   </trkpt>
   <trkpt lat="46.5279720" lon="12.0163630">
    <ele>2397.8</ele>
    <time>2026-10-02T12:57:19Z</time>
   </trkpt>
   <trkpt lat="46.5279670" lon="12.0163520">
    <ele>2397.9</ele>
    <time>2026-10-02T12:57:20Z</time>
   </trkpt>
   <trkpt lat="46.5279560" lon="12.0163460">
    <ele>2398.1</ele>
    <time>2026-10-02T12:57:21Z</time>
   </trkpt>
   <trkpt lat="46.5279540" lon="12.0163480">
    <ele>2398.1</ele>
    <time>2026-10-02T12:57:22Z</time>
   </trkpt>
   <trkpt lat="46.5279500" lon="12.0163510">
    <ele>2398.2</ele>
    <time>2026-10-02T12:57:23Z</time>
   </trkpt>
   <trkpt lat="46.5279430" lon="12.0163580">
    <ele>2398.3</ele>
    <time>2026-10-02T12:57:24Z</time>
   </trkpt>
   <trkpt lat="46.5279370" lon="12.0163540">
    <ele>2398.4</ele>
    <time>2026-10-02T12:57:25Z</time>
   </trkpt>
   <trkpt lat="46.5279320" lon="12.0163630">
    <ele>2398.5</ele>
    <time>2026-10-02T12:57:26Z</time>
   </trkpt>
   <trkpt lat="46.5279400" lon="12.0163540">
    <ele>2398.6</ele>
    <time>2026-10-02T12:57:27Z</time>
   </trkpt>
   <trkpt lat="46.5279390" lon="12.0163550">
    <ele>2398.6</ele>
    <time>2026-10-02T12:57:28Z</time>
   </trkpt>
   <trkpt lat="46.5279390" lon="12.0163720">
    <ele>2398.8</ele>
    <time>2026-10-02T12:57:29Z</time>
   </trkpt>
   <trkpt lat="46.5279370" lon="12.0163690">
    <ele>2398.8</ele>
    <time>2026-10-02T12:57:30Z</time>
   </trkpt>
   <trkpt lat="46.5279330" lon="12.0163660">
    <ele>2398.9</ele>
    <time>2026-10-02T12:57:31Z</time>
   </trkpt>
   <trkpt lat="46.5279340" lon="12.0163620">
    <ele>2398.9</ele>
    <time>2026-10-02T12:57:32Z</time>
   </trkpt>
   <trkpt lat="46.5279300" lon="12.0163670">
    <ele>2399.0</ele>
    <time>2026-10-02T12:57:33Z</time>
   </trkpt>
   <trkpt lat="46.5279360" lon="12.0163670">
    <ele>2399.1</ele>
    <time>2026-10-02T12:57:34Z</time>
   </trkpt>
   <trkpt lat="46.5279360" lon="12.0163730">
    <ele>2399.1</ele>
    <time>2026-10-02T12:57:35Z</time>
   </trkpt>
   <trkpt lat="46.5279370" lon="12.0163730">
    <ele>2399.1</ele>
    <time>2026-10-02T12:57:36Z</time>
   </trkpt>
   <trkpt lat="46.5279330" lon="12.0163540">
    <ele>2399.3</ele>
    <time>2026-10-02T12:57:37Z</time>
   </trkpt>
   <trkpt lat="46.5279170" lon="12.0163550">
    <ele>2399.5</ele>
    <time>2026-10-02T12:57:38Z</time>
   </trkpt>
   <trkpt lat="46.5279100" lon="12.0163590">
    <ele>2399.6</ele>
    <time>2026-10-02T12:57:39Z</time>
   </trkpt>
   <trkpt lat="46.5278990" lon="12.0163510">
    <ele>2399.8</ele>
    <time>2026-10-02T12:57:40Z</time>
   </trkpt>
   <trkpt lat="46.5278900" lon="12.0163490">
    <ele>2399.9</ele>
    <time>2026-10-02T12:57:41Z</time>
   </trkpt>
   <trkpt lat="46.5278800" lon="12.0163450">
    <ele>2400.0</ele>
    <time>2026-10-02T12:57:42Z</time>
   </trkpt>
   <trkpt lat="46.5278700" lon="12.0163360">
    <ele>2400.1</ele>
    <time>2026-10-02T12:57:43Z</time>
   </trkpt>
   <trkpt lat="46.5278590" lon="12.0163470">
    <ele>2400.2</ele>
    <time>2026-10-02T12:57:44Z</time>
   </trkpt>
   <trkpt lat="46.5278480" lon="12.0163540">
    <ele>2400.3</ele>
    <time>2026-10-02T12:57:45Z</time>
   </trkpt>
   <trkpt lat="46.5278450" lon="12.0163500">
    <ele>2400.4</ele>
    <time>2026-10-02T12:57:46Z</time>
   </trkpt>
   <trkpt lat="46.5278390" lon="12.0163470">
    <ele>2400.4</ele>
    <time>2026-10-02T12:57:47Z</time>
   </trkpt>
   <trkpt lat="46.5278330" lon="12.0163420">
    <ele>2400.5</ele>
    <time>2026-10-02T12:57:48Z</time>
   </trkpt>
   <trkpt lat="46.5278240" lon="12.0163360">
    <ele>2400.5</ele>
    <time>2026-10-02T12:57:49Z</time>
   </trkpt>
   <trkpt lat="46.5278180" lon="12.0163350">
    <ele>2400.6</ele>
    <time>2026-10-02T12:57:50Z</time>
   </trkpt>
   <trkpt lat="46.5278040" lon="12.0163390">
    <ele>2400.7</ele>
    <time>2026-10-02T12:57:51Z</time>
   </trkpt>
   <trkpt lat="46.5277940" lon="12.0163360">
    <ele>2400.7</ele>
    <time>2026-10-02T12:57:52Z</time>
   </trkpt>
   <trkpt lat="46.5277810" lon="12.0163360">
    <ele>2400.8</ele>
    <time>2026-10-02T12:57:53Z</time>
   </trkpt>
   <trkpt lat="46.5277690" lon="12.0163330">
    <ele>2400.8</ele>
    <time>2026-10-02T12:57:54Z</time>
   </trkpt>
   <trkpt lat="46.5277560" lon="12.0163280">
    <ele>2400.9</ele>
    <time>2026-10-02T12:57:55Z</time>
   </trkpt>
   <trkpt lat="46.5277490" lon="12.0163240">
    <ele>2400.9</ele>
    <time>2026-10-02T12:57:56Z</time>
   </trkpt>
   <trkpt lat="46.5277390" lon="12.0163180">
    <ele>2400.9</ele>
    <time>2026-10-02T12:57:57Z</time>
   </trkpt>
   <trkpt lat="46.5277440" lon="12.0163200">
    <ele>2400.9</ele>
    <time>2026-10-02T12:57:58Z</time>
   </trkpt>
   <trkpt lat="46.5277480" lon="12.0163200">
    <ele>2400.9</ele>
    <time>2026-10-02T12:57:59Z</time>
   </trkpt>
   <trkpt lat="46.5277440" lon="12.0163080">
    <ele>2400.9</ele>
    <time>2026-10-02T12:58:00Z</time>
   </trkpt>
   <trkpt lat="46.5277650" lon="12.0163040">
    <ele>2400.8</ele>
    <time>2026-10-02T12:58:01Z</time>
   </trkpt>
   <trkpt lat="46.5277730" lon="12.0163230">
    <ele>2400.8</ele>
    <time>2026-10-02T12:58:02Z</time>
   </trkpt>
   <trkpt lat="46.5277750" lon="12.0163230">
    <ele>2400.8</ele>
    <time>2026-10-02T12:58:03Z</time>
   </trkpt>
   <trkpt lat="46.5277810" lon="12.0163450">
    <ele>2400.7</ele>
    <time>2026-10-02T12:58:04Z</time>
   </trkpt>
   <trkpt lat="46.5277900" lon="12.0163250">
    <ele>2400.7</ele>
    <time>2026-10-02T12:58:05Z</time>
   </trkpt>
   <trkpt lat="46.5278040" lon="12.0163340">
    <ele>2400.6</ele>
    <time>2026-10-02T12:58:06Z</time>
   </trkpt>
   <trkpt lat="46.5278170" lon="12.0163310">
    <ele>2400.5</ele>
    <time>2026-10-02T12:58:07Z</time>
   </trkpt>
   <trkpt lat="46.5278300" lon="12.0163410">
    <ele>2400.5</ele>
    <time>2026-10-02T12:58:08Z</time>
   </trkpt>
   <trkpt lat="46.5278480" lon="12.0163540">
    <ele>2400.4</ele>
    <time>2026-10-02T12:58:09Z</time>
   </trkpt>
   <trkpt lat="46.5278500" lon="12.0163620">
    <ele>2400.3</ele>
    <time>2026-10-02T12:58:10Z</time>
   </trkpt>
   <trkpt lat="46.5278610" lon="12.0163740">
    <ele>2400.2</ele>
    <time>2026-10-02T12:58:11Z</time>
   </trkpt>
   <trkpt lat="46.5278710" lon="12.0163730">
    <ele>2400.2</ele>
    <time>2026-10-02T12:58:12Z</time>
   </trkpt>
   <trkpt lat="46.5278810" lon="12.0163790">
    <ele>2400.1</ele>
    <time>2026-10-02T12:58:13Z</time>
   </trkpt>
   <trkpt lat="46.5278880" lon="12.0163740">
    <ele>2400.0</ele>
    <time>2026-10-02T12:58:14Z</time>
   </trkpt>
   <trkpt lat="46.5278970" lon="12.0163770">
    <ele>2400.0</ele>
    <time>2026-10-02T12:58:15Z</time>
   </trkpt>
   <trkpt lat="46.5279040" lon="12.0163770">
    <ele>2399.9</ele>
    <time>2026-10-02T12:58:16Z</time>
   </trkpt>
   <trkpt lat="46.5279170" lon="12.0163750">
    <ele>2399.8</ele>
    <time>2026-10-02T12:58:17Z</time>
   </trkpt>
   <trkpt lat="46.5279250" lon="12.0163790">
    <ele>2399.8</ele>
    <time>2026-10-02T12:58:18Z</time>
   </trkpt>
   <trkpt lat="46.5279240" lon="12.0163820">
    <ele>2399.7</ele>
    <time>2026-10-02T12:58:19Z</time>
   </trkpt>
   <trkpt lat="46.5279370" lon="12.0163770">
    <ele>2399.6</ele>
    <time>2026-10-02T12:58:20Z</time>
   </trkpt>
   <trkpt lat="46.5279460" lon="12.0163790">
    <ele>2399.5</ele>
    <time>2026-10-02T12:58:21Z</time>
   </trkpt>
   <trkpt lat="46.5279590" lon="12.0163820">
    <ele>2399.4</ele>
    <time>2026-10-02T12:58:22Z</time>
   </trkpt>
   <trkpt lat="46.5279640" lon="12.0163830">
    <ele>2399.4</ele>
    <time>2026-10-02T12:58:23Z</time>
   </trkpt>
   <trkpt lat="46.5279780" lon="12.0163860">
    <ele>2399.3</ele>
    <time>2026-10-02T12:58:24Z</time>
   </trkpt>
   <trkpt lat="46.5279890" lon="12.0163990">
    <ele>2399.1</ele>
    <time>2026-10-02T12:58:25Z</time>
   </trkpt>
   <trkpt lat="46.5279990" lon="12.0164060">
    <ele>2399.0</ele>
    <time>2026-10-02T12:58:26Z</time>
   </trkpt>
   <trkpt lat="46.5280050" lon="12.0164170">
    <ele>2398.9</ele>
    <time>2026-10-02T12:58:27Z</time>
   </trkpt>
   <trkpt lat="46.5280180" lon="12.0164260">
    <ele>2398.8</ele>
    <time>2026-10-02T12:58:28Z</time>
   </trkpt>
   <trkpt lat="46.5280190" lon="12.0164310">
    <ele>2398.7</ele>
    <time>2026-10-02T12:58:29Z</time>
   </trkpt>
   <trkpt lat="46.5280220" lon="12.0164510">
    <ele>2398.6</ele>
    <time>2026-10-02T12:58:30Z</time>
   </trkpt>
   <trkpt lat="46.5280240" lon="12.0164470">
    <ele>2398.6</ele>
    <time>2026-10-02T12:58:31Z</time>
   </trkpt>
   <trkpt lat="46.5280240" lon="12.0164410">
    <ele>2398.5</ele>
    <time>2026-10-02T12:58:32Z</time>
   </trkpt>
   <trkpt lat="46.5280240" lon="12.0164410">
    <ele>2398.5</ele>
    <time>2026-10-02T12:58:33Z</time>
   </trkpt>
   <trkpt lat="46.5280240" lon="12.0164410">
    <ele>2398.5</ele>
    <time>2026-10-02T12:58:34Z</time>
   </trkpt>
   <trkpt lat="46.5280300" lon="12.0164330">
    <ele>2398.5</ele>
    <time>2026-10-02T12:58:35Z</time>
   </trkpt>
   <trkpt lat="46.5280380" lon="12.0164430">
    <ele>2398.4</ele>
    <time>2026-10-02T12:58:36Z</time>
   </trkpt>
   <trkpt lat="46.5280320" lon="12.0164600">
    <ele>2398.2</ele>
    <time>2026-10-02T12:58:37Z</time>
   </trkpt>
   <trkpt lat="46.5280360" lon="12.0164660">
    <ele>2398.2</ele>
    <time>2026-10-02T12:58:38Z</time>
   </trkpt>
   <trkpt lat="46.5280400" lon="12.0164840">
    <ele>2398.1</ele>
    <time>2026-10-02T12:58:39Z</time>
   </trkpt>
   <trkpt lat="46.5280410" lon="12.0164790">
    <ele>2398.0</ele>
    <time>2026-10-02T12:58:40Z</time>
   </trkpt>
   <trkpt lat="46.5280590" lon="12.0164950">
    <ele>2397.9</ele>
    <time>2026-10-02T12:58:41Z</time>
   </trkpt>
   <trkpt lat="46.5280700" lon="12.0165100">
    <ele>2397.8</ele>
    <time>2026-10-02T12:58:42Z</time>
   </trkpt>
   <trkpt lat="46.5280860" lon="12.0165170">
    <ele>2397.6</ele>
    <time>2026-10-02T12:58:43Z</time>
   </trkpt>
   <trkpt lat="46.5280880" lon="12.0165220">
    <ele>2397.6</ele>
    <time>2026-10-02T12:58:44Z</time>
   </trkpt>
   <trkpt lat="46.5281010" lon="12.0165400">
    <ele>2397.5</ele>
    <time>2026-10-02T12:58:45Z</time>
   </trkpt>
   <trkpt lat="46.5281080" lon="12.0165450">
    <ele>2397.4</ele>
    <time>2026-10-02T12:58:46Z</time>
   </trkpt>
   <trkpt lat="46.5281130" lon="12.0165580">
    <ele>2397.4</ele>
    <time>2026-10-02T12:58:47Z</time>
   </trkpt>
   <trkpt lat="46.5281130" lon="12.0165700">
    <ele>2397.3</ele>
    <time>2026-10-02T12:58:48Z</time>
   </trkpt>
   <trkpt lat="46.5281130" lon="12.0165670">
    <ele>2397.3</ele>
    <time>2026-10-02T12:58:49Z</time>
   </trkpt>
   <trkpt lat="46.5281080" lon="12.0165760">
    <ele>2397.3</ele>
    <time>2026-10-02T12:58:50Z</time>
   </trkpt>
   <trkpt lat="46.5281080" lon="12.0165760">
    <ele>2397.3</ele>
    <time>2026-10-02T12:58:51Z</time>
   </trkpt>
   <trkpt lat="46.5281080" lon="12.0165760">
    <ele>2397.3</ele>
    <time>2026-10-02T12:58:52Z</time>
   </trkpt>
   <trkpt lat="46.5281080" lon="12.0165760">
    <ele>2397.3</ele>
    <time>2026-10-02T12:58:53Z</time>
   </trkpt>
   <trkpt lat="46.5281130" lon="12.0165820">
    <ele>2397.3</ele>
    <time>2026-10-02T12:58:54Z</time>
   </trkpt>
   <trkpt lat="46.5281180" lon="12.0165870">
    <ele>2397.2</ele>
    <time>2026-10-02T12:58:55Z</time>
   </trkpt>
   <trkpt lat="46.5281220" lon="12.0165920">
    <ele>2397.2</ele>
    <time>2026-10-02T12:58:56Z</time>
   </trkpt>
   <trkpt lat="46.5281280" lon="12.0165950">
    <ele>2397.2</ele>
    <time>2026-10-02T12:58:57Z</time>
   </trkpt>
   <trkpt lat="46.5281360" lon="12.0165920">
    <ele>2397.2</ele>
    <time>2026-10-02T12:58:58Z</time>
   </trkpt>
   <trkpt lat="46.5281440" lon="12.0165920">
    <ele>2397.1</ele>
    <time>2026-10-02T12:58:59Z</time>
   </trkpt>
   <trkpt lat="46.5281520" lon="12.0165990">
    <ele>2397.1</ele>
    <time>2026-10-02T12:59:00Z</time>
   </trkpt>
   <trkpt lat="46.5281560" lon="12.0165960">
    <ele>2397.1</ele>
    <time>2026-10-02T12:59:01Z</time>
   </trkpt>
   <trkpt lat="46.5281680" lon="12.0165960">
    <ele>2397.1</ele>
    <time>2026-10-02T12:59:02Z</time>
   </trkpt>
   <trkpt lat="46.5281680" lon="12.0165940">
    <ele>2397.1</ele>
    <time>2026-10-02T12:59:03Z</time>
   </trkpt>
   <trkpt lat="46.5281660" lon="12.0165930">
    <ele>2397.1</ele>
    <time>2026-10-02T12:59:04Z</time>
   </trkpt>
   <trkpt lat="46.5281660" lon="12.0165940">
    <ele>2397.1</ele>
    <time>2026-10-02T12:59:05Z</time>
   </trkpt>
   <trkpt lat="46.5281660" lon="12.0165940">
    <ele>2397.1</ele>
    <time>2026-10-02T12:59:06Z</time>
   </trkpt>
   <trkpt lat="46.5281660" lon="12.0165940">
    <ele>2397.1</ele>
    <time>2026-10-02T12:59:07Z</time>
   </trkpt>
   <trkpt lat="46.5281660" lon="12.0165940">
    <ele>2397.1</ele>
    <time>2026-10-02T12:59:08Z</time>
   </trkpt>
   <trkpt lat="46.5281660" lon="12.0165940">
    <ele>2397.1</ele>
    <time>2026-10-02T12:59:09Z</time>
   </trkpt>
   <trkpt lat="46.5281660" lon="12.0165940">
    <ele>2397.1</ele>
    <time>2026-10-02T12:59:10Z</time>
   </trkpt>
   <trkpt lat="46.5281660" lon="12.0165940">
    <ele>2397.1</ele>
    <time>2026-10-02T12:59:11Z</time>
   </trkpt>
   <trkpt lat="46.5281660" lon="12.0165940">
    <ele>2397.1</ele>
    <time>2026-10-02T12:59:12Z</time>
   </trkpt>
   <trkpt lat="46.5281660" lon="12.0165940">
    <ele>2397.1</ele>
    <time>2026-10-02T12:59:13Z</time>
   </trkpt>
   <trkpt lat="46.5281650" lon="12.0166170">
    <ele>2397.1</ele>
    <time>2026-10-02T12:59:14Z</time>
   </trkpt>
   <trkpt lat="46.5281630" lon="12.0166160">
    <ele>2397.1</ele>
    <time>2026-10-02T12:59:15Z</time>
   </trkpt>
   <trkpt lat="46.5281620" lon="12.0166110">
    <ele>2397.1</ele>
    <time>2026-10-02T12:59:16Z</time>
   </trkpt>
   <trkpt lat="46.5281620" lon="12.0166110">
    <ele>2397.1</ele>
    <time>2026-10-02T12:59:17Z</time>
   </trkpt>
   <trkpt lat="46.5281620" lon="12.0166110">
    <ele>2397.1</ele>
    <time>2026-10-02T12:59:18Z</time>
   </trkpt>
   <trkpt lat="46.5281620" lon="12.0166110">
    <ele>2397.1</ele>
    <time>2026-10-02T12:59:19Z</time>
   </trkpt>
   <trkpt lat="46.5281670" lon="12.0166020">
    <ele>2397.1</ele>
    <time>2026-10-02T12:59:20Z</time>
   </trkpt>
   <trkpt lat="46.5281750" lon="12.0166050">
    <ele>2397.1</ele>
    <time>2026-10-02T12:59:21Z</time>
   </trkpt>
   <trkpt lat="46.5281840" lon="12.0166120">
    <ele>2397.1</ele>
    <time>2026-10-02T12:59:22Z</time>
   </trkpt>
   <trkpt lat="46.5281870" lon="12.0166170">
    <ele>2397.1</ele>
    <time>2026-10-02T12:59:23Z</time>
   </trkpt>
   <trkpt lat="46.5281970" lon="12.0166180">
    <ele>2397.1</ele>
    <time>2026-10-02T12:59:24Z</time>
   </trkpt>
   <trkpt lat="46.5282050" lon="12.0166170">
    <ele>2397.1</ele>
    <time>2026-10-02T12:59:25Z</time>
   </trkpt>
   <trkpt lat="46.5282120" lon="12.0166110">
    <ele>2397.1</ele>
    <time>2026-10-02T12:59:26Z</time>
   </trkpt>
   <trkpt lat="46.5282290" lon="12.0166240">
    <ele>2397.2</ele>
    <time>2026-10-02T12:59:27Z</time>
   </trkpt>
   <trkpt lat="46.5282260" lon="12.0166300">
    <ele>2397.2</ele>
    <time>2026-10-02T12:59:28Z</time>
   </trkpt>
   <trkpt lat="46.5282310" lon="12.0166250">
    <ele>2397.3</ele>
    <time>2026-10-02T12:59:29Z</time>
   </trkpt>
   <trkpt lat="46.5282210" lon="12.0166250">
    <ele>2397.3</ele>
    <time>2026-10-02T12:59:30Z</time>
   </trkpt>
   <trkpt lat="46.5282210" lon="12.0166250">
    <ele>2397.3</ele>
    <time>2026-10-02T12:59:31Z</time>
   </trkpt>
   <trkpt lat="46.5282210" lon="12.0166250">
    <ele>2397.3</ele>
    <time>2026-10-02T12:59:32Z</time>
   </trkpt>
   <trkpt lat="46.5282210" lon="12.0166250">
    <ele>2397.3</ele>
    <time>2026-10-02T12:59:33Z</time>
   </trkpt>
   <trkpt lat="46.5282210" lon="12.0166250">
    <ele>2397.3</ele>
    <time>2026-10-02T12:59:34Z</time>
   </trkpt>
   <trkpt lat="46.5282210" lon="12.0166250">
    <ele>2397.3</ele>
    <time>2026-10-02T12:59:35Z</time>
   </trkpt>
   <trkpt lat="46.5282210" lon="12.0166250">
    <ele>2397.3</ele>
    <time>2026-10-02T12:59:36Z</time>
   </trkpt>
   <trkpt lat="46.5282080" lon="12.0166420">
    <ele>2397.4</ele>
    <time>2026-10-02T12:59:37Z</time>
   </trkpt>
   <trkpt lat="46.5282100" lon="12.0166390">
    <ele>2397.4</ele>
    <time>2026-10-02T12:59:38Z</time>
   </trkpt>
   <trkpt lat="46.5282130" lon="12.0166400">
    <ele>2397.4</ele>
    <time>2026-10-02T12:59:39Z</time>
   </trkpt>
   <trkpt lat="46.5282090" lon="12.0166400">
    <ele>2397.4</ele>
    <time>2026-10-02T12:59:40Z</time>
   </trkpt>
   <trkpt lat="46.5282080" lon="12.0166440">
    <ele>2397.4</ele>
    <time>2026-10-02T12:59:41Z</time>
   </trkpt>
   <trkpt lat="46.5282080" lon="12.0166440">
    <ele>2397.4</ele>
    <time>2026-10-02T12:59:42Z</time>
   </trkpt>
   <trkpt lat="46.5282150" lon="12.0166370">
    <ele>2397.5</ele>
    <time>2026-10-02T12:59:43Z</time>
   </trkpt>
   <trkpt lat="46.5282200" lon="12.0166350">
    <ele>2397.5</ele>
    <time>2026-10-02T12:59:44Z</time>
   </trkpt>
   <trkpt lat="46.5282190" lon="12.0166290">
    <ele>2397.5</ele>
    <time>2026-10-02T12:59:45Z</time>
   </trkpt>
   <trkpt lat="46.5282180" lon="12.0166300">
    <ele>2397.6</ele>
    <time>2026-10-02T12:59:47Z</time>
   </trkpt>
   <trkpt lat="46.5282220" lon="12.0166300">
    <ele>2397.6</ele>
    <time>2026-10-02T12:59:48Z</time>
   </trkpt>
   <trkpt lat="46.5282250" lon="12.0166230">
    <ele>2397.6</ele>
    <time>2026-10-02T12:59:49Z</time>
   </trkpt>
   <trkpt lat="46.5282080" lon="12.0166220">
    <ele>2397.7</ele>
    <time>2026-10-02T12:59:50Z</time>
   </trkpt>
   <trkpt lat="46.5282070" lon="12.0166270">
    <ele>2397.8</ele>
    <time>2026-10-02T12:59:51Z</time>
   </trkpt>
   <trkpt lat="46.5282090" lon="12.0166240">
    <ele>2397.8</ele>
    <time>2026-10-02T12:59:52Z</time>
   </trkpt>
   <trkpt lat="46.5282090" lon="12.0166240">
    <ele>2397.8</ele>
    <time>2026-10-02T12:59:53Z</time>
   </trkpt>
   <trkpt lat="46.5282090" lon="12.0166240">
    <ele>2397.8</ele>
    <time>2026-10-02T12:59:54Z</time>
   </trkpt>
   <trkpt lat="46.5282060" lon="12.0166210">
    <ele>2397.8</ele>
    <time>2026-10-02T12:59:55Z</time>
   </trkpt>
   <trkpt lat="46.5282030" lon="12.0166150">
    <ele>2397.8</ele>
    <time>2026-10-02T12:59:56Z</time>
   </trkpt>
   <trkpt lat="46.5282020" lon="12.0166100">
    <ele>2397.9</ele>
    <time>2026-10-02T12:59:57Z</time>
   </trkpt>
   <trkpt lat="46.5282020" lon="12.0166090">
    <ele>2397.9</ele>
    <time>2026-10-02T12:59:58Z</time>
   </trkpt>
   <trkpt lat="46.5282020" lon="12.0166090">
    <ele>2397.9</ele>
    <time>2026-10-02T12:59:59Z</time>
   </trkpt>
   <trkpt lat="46.5282020" lon="12.0166090">
    <ele>2397.9</ele>
    <time>2026-10-02T13:00:00Z</time>
   </trkpt>
   <trkpt lat="46.5282020" lon="12.0166090">
    <ele>2397.9</ele>
    <time>2026-10-02T13:00:01Z</time>
   </trkpt>
   <trkpt lat="46.5282020" lon="12.0166090">
    <ele>2397.9</ele>
    <time>2026-10-02T13:00:02Z</time>
   </trkpt>
   <trkpt lat="46.5282020" lon="12.0166090">
    <ele>2397.9</ele>
    <time>2026-10-02T13:00:03Z</time>
   </trkpt>
   <trkpt lat="46.5282020" lon="12.0166090">
    <ele>2397.9</ele>
    <time>2026-10-02T13:00:04Z</time>
   </trkpt>
   <trkpt lat="46.5282120" lon="12.0166070">
    <ele>2397.9</ele>
    <time>2026-10-02T13:00:05Z</time>
   </trkpt>
   <trkpt lat="46.5282060" lon="12.0166130">
    <ele>2398.0</ele>
    <time>2026-10-02T13:00:06Z</time>
   </trkpt>
   <trkpt lat="46.5282080" lon="12.0166140">
    <ele>2398.0</ele>
    <time>2026-10-02T13:00:07Z</time>
   </trkpt>
   <trkpt lat="46.5282090" lon="12.0166180">
    <ele>2398.0</ele>
    <time>2026-10-02T13:00:08Z</time>
   </trkpt>
   <trkpt lat="46.5282070" lon="12.0166220">
    <ele>2398.1</ele>
    <time>2026-10-02T13:00:09Z</time>
   </trkpt>
   <trkpt lat="46.5282090" lon="12.0166220">
    <ele>2398.1</ele>
    <time>2026-10-02T13:00:10Z</time>
   </trkpt>
   <trkpt lat="46.5282090" lon="12.0166220">
    <ele>2398.1</ele>
    <time>2026-10-02T13:00:11Z</time>
   </trkpt>
   <trkpt lat="46.5282100" lon="12.0166230">
    <ele>2398.1</ele>
    <time>2026-10-02T13:00:12Z</time>
   </trkpt>
   <trkpt lat="46.5282120" lon="12.0166250">
    <ele>2398.1</ele>
    <time>2026-10-02T13:00:13Z</time>
   </trkpt>
   <trkpt lat="46.5282120" lon="12.0166250">
    <ele>2398.1</ele>
    <time>2026-10-02T13:00:14Z</time>
   </trkpt>
   <trkpt lat="46.5282140" lon="12.0166540">
    <ele>2398.3</ele>
    <time>2026-10-02T13:00:15Z</time>
   </trkpt>
   <trkpt lat="46.5282280" lon="12.0166420">
    <ele>2398.4</ele>
    <time>2026-10-02T13:00:16Z</time>
   </trkpt>
   <trkpt lat="46.5282350" lon="12.0166380">
    <ele>2398.5</ele>
    <time>2026-10-02T13:00:17Z</time>
   </trkpt>
   <trkpt lat="46.5282490" lon="12.0166430">
    <ele>2398.6</ele>
    <time>2026-10-02T13:00:18Z</time>
   </trkpt>
   <trkpt lat="46.5282460" lon="12.0166510">
    <ele>2398.6</ele>
    <time>2026-10-02T13:00:19Z</time>
   </trkpt>
   <trkpt lat="46.5282540" lon="12.0166570">
    <ele>2398.7</ele>
    <time>2026-10-02T13:00:20Z</time>
   </trkpt>
   <trkpt lat="46.5282600" lon="12.0166620">
    <ele>2398.8</ele>
    <time>2026-10-02T13:00:21Z</time>
   </trkpt>
   <trkpt lat="46.5282690" lon="12.0166700">
    <ele>2398.9</ele>
    <time>2026-10-02T13:00:22Z</time>
   </trkpt>
   <trkpt lat="46.5282720" lon="12.0166670">
    <ele>2398.9</ele>
    <time>2026-10-02T13:00:23Z</time>
   </trkpt>
   <trkpt lat="46.5282670" lon="12.0166630">
    <ele>2399.0</ele>
    <time>2026-10-02T13:00:24Z</time>
   </trkpt>
   <trkpt lat="46.5282610" lon="12.0166650">
    <ele>2399.0</ele>
    <time>2026-10-02T13:00:25Z</time>
   </trkpt>
   <trkpt lat="46.5282600" lon="12.0166580">
    <ele>2399.0</ele>
    <time>2026-10-02T13:00:26Z</time>
   </trkpt>
   <trkpt lat="46.5282580" lon="12.0166560">
    <ele>2399.1</ele>
    <time>2026-10-02T13:00:27Z</time>
   </trkpt>
   <trkpt lat="46.5282570" lon="12.0166540">
    <ele>2399.1</ele>
    <time>2026-10-02T13:00:28Z</time>
   </trkpt>
   <trkpt lat="46.5282530" lon="12.0166510">
    <ele>2399.1</ele>
    <time>2026-10-02T13:00:29Z</time>
   </trkpt>
   <trkpt lat="46.5282540" lon="12.0166460">
    <ele>2399.2</ele>
    <time>2026-10-02T13:00:30Z</time>
   </trkpt>
   <trkpt lat="46.5282560" lon="12.0166420">
    <ele>2399.2</ele>
    <time>2026-10-02T13:00:31Z</time>
   </trkpt>
   <trkpt lat="46.5282560" lon="12.0166420">
    <ele>2399.2</ele>
    <time>2026-10-02T13:00:32Z</time>
   </trkpt>
   <trkpt lat="46.5282560" lon="12.0166420">
    <ele>2399.2</ele>
    <time>2026-10-02T13:00:33Z</time>
   </trkpt>
   <trkpt lat="46.5282540" lon="12.0166390">
    <ele>2399.2</ele>
    <time>2026-10-02T13:00:34Z</time>
   </trkpt>
   <trkpt lat="46.5282570" lon="12.0166380">
    <ele>2399.2</ele>
    <time>2026-10-02T13:00:35Z</time>
   </trkpt>
   <trkpt lat="46.5282620" lon="12.0166360">
    <ele>2399.3</ele>
    <time>2026-10-02T13:00:36Z</time>
   </trkpt>
   <trkpt lat="46.5282650" lon="12.0166340">
    <ele>2399.3</ele>
    <time>2026-10-02T13:00:37Z</time>
   </trkpt>
   <trkpt lat="46.5282650" lon="12.0166370">
    <ele>2399.3</ele>
    <time>2026-10-02T13:00:38Z</time>
   </trkpt>
   <trkpt lat="46.5282640" lon="12.0166340">
    <ele>2399.4</ele>
    <time>2026-10-02T13:00:39Z</time>
   </trkpt>
   <trkpt lat="46.5282640" lon="12.0166320">
    <ele>2399.4</ele>
    <time>2026-10-02T13:00:40Z</time>
   </trkpt>
   <trkpt lat="46.5282640" lon="12.0166320">
    <ele>2399.4</ele>
    <time>2026-10-02T13:00:41Z</time>
   </trkpt>
   <trkpt lat="46.5282610" lon="12.0166380">
    <ele>2399.4</ele>
    <time>2026-10-02T13:00:42Z</time>
   </trkpt>
   <trkpt lat="46.5282630" lon="12.0166470">
    <ele>2399.5</ele>
    <time>2026-10-02T13:00:43Z</time>
   </trkpt>
   <trkpt lat="46.5282610" lon="12.0166540">
    <ele>2399.5</ele>
    <time>2026-10-02T13:00:44Z</time>
   </trkpt>
   <trkpt lat="46.5282640" lon="12.0166520">
    <ele>2399.5</ele>
    <time>2026-10-02T13:00:45Z</time>
   </trkpt>
   <trkpt lat="46.5282640" lon="12.0166520">
    <ele>2399.5</ele>
    <time>2026-10-02T13:00:46Z</time>
   </trkpt>
   <trkpt lat="46.5282640" lon="12.0166520">
    <ele>2399.5</ele>
    <time>2026-10-02T13:00:47Z</time>
   </trkpt>
   <trkpt lat="46.5282660" lon="12.0166600">
    <ele>2399.6</ele>
    <time>2026-10-02T13:00:48Z</time>
   </trkpt>
   <trkpt lat="46.5282660" lon="12.0166600">
    <ele>2399.6</ele>
    <time>2026-10-02T13:00:49Z</time>
   </trkpt>
   <trkpt lat="46.5282660" lon="12.0166600">
    <ele>2399.6</ele>
    <time>2026-10-02T13:00:50Z</time>
   </trkpt>
   <trkpt lat="46.5282660" lon="12.0166600">
    <ele>2399.6</ele>
    <time>2026-10-02T13:00:51Z</time>
   </trkpt>
   <trkpt lat="46.5282720" lon="12.0166590">
    <ele>2399.6</ele>
    <time>2026-10-02T13:00:52Z</time>
   </trkpt>
   <trkpt lat="46.5282690" lon="12.0166630">
    <ele>2399.7</ele>
    <time>2026-10-02T13:00:53Z</time>
   </trkpt>
   <trkpt lat="46.5282790" lon="12.0166580">
    <ele>2399.8</ele>
    <time>2026-10-02T13:00:54Z</time>
   </trkpt>
   <trkpt lat="46.5282890" lon="12.0166710">
    <ele>2399.9</ele>
    <time>2026-10-02T13:00:55Z</time>
   </trkpt>
   <trkpt lat="46.5282930" lon="12.0166690">
    <ele>2399.9</ele>
    <time>2026-10-02T13:00:56Z</time>
   </trkpt>
   <trkpt lat="46.5282950" lon="12.0166720">
    <ele>2399.9</ele>
    <time>2026-10-02T13:00:57Z</time>
   </trkpt>
   <trkpt lat="46.5282940" lon="12.0166690">
    <ele>2400.0</ele>
    <time>2026-10-02T13:00:58Z</time>
   </trkpt>
   <trkpt lat="46.5282930" lon="12.0166690">
    <ele>2400.0</ele>
    <time>2026-10-02T13:00:59Z</time>
   </trkpt>
   <trkpt lat="46.5282930" lon="12.0166690">
    <ele>2400.0</ele>
    <time>2026-10-02T13:01:00Z</time>
   </trkpt>
   <trkpt lat="46.5282950" lon="12.0166690">
    <ele>2400.0</ele>
    <time>2026-10-02T13:01:01Z</time>
   </trkpt>
   <trkpt lat="46.5282920" lon="12.0166680">
    <ele>2400.0</ele>
    <time>2026-10-02T13:01:02Z</time>
   </trkpt>
   <trkpt lat="46.5282920" lon="12.0166650">
    <ele>2400.0</ele>
    <time>2026-10-02T13:01:03Z</time>
   </trkpt>
   <trkpt lat="46.5282910" lon="12.0166650">
    <ele>2400.0</ele>
    <time>2026-10-02T13:01:04Z</time>
   </trkpt>
   <trkpt lat="46.5282890" lon="12.0166640">
    <ele>2400.1</ele>
    <time>2026-10-02T13:01:05Z</time>
   </trkpt>
   <trkpt lat="46.5282870" lon="12.0166660">
    <ele>2400.1</ele>
    <time>2026-10-02T13:01:06Z</time>
   </trkpt>
   <trkpt lat="46.5282850" lon="12.0166640">
    <ele>2400.1</ele>
    <time>2026-10-02T13:01:07Z</time>
   </trkpt>
   <trkpt lat="46.5282830" lon="12.0166710">
    <ele>2400.1</ele>
    <time>2026-10-02T13:01:08Z</time>
   </trkpt>
   <trkpt lat="46.5282860" lon="12.0166770">
    <ele>2400.2</ele>
    <time>2026-10-02T13:01:09Z</time>
   </trkpt>
   <trkpt lat="46.5282840" lon="12.0166750">
    <ele>2400.2</ele>
    <time>2026-10-02T13:01:10Z</time>
   </trkpt>
   <trkpt lat="46.5282830" lon="12.0166750">
    <ele>2400.2</ele>
    <time>2026-10-02T13:01:11Z</time>
   </trkpt>
   <trkpt lat="46.5282830" lon="12.0166750">
    <ele>2400.2</ele>
    <time>2026-10-02T13:01:12Z</time>
   </trkpt>
   <trkpt lat="46.5282830" lon="12.0166690">
    <ele>2400.3</ele>
    <time>2026-10-02T13:01:13Z</time>
   </trkpt>
   <trkpt lat="46.5282750" lon="12.0166730">
    <ele>2400.3</ele>
    <time>2026-10-02T13:01:14Z</time>
   </trkpt>
   <trkpt lat="46.5282800" lon="12.0166660">
    <ele>2400.4</ele>
    <time>2026-10-02T13:01:15Z</time>
   </trkpt>
   <trkpt lat="46.5282780" lon="12.0166660">
    <ele>2400.4</ele>
    <time>2026-10-02T13:01:16Z</time>
   </trkpt>
   <trkpt lat="46.5282780" lon="12.0166660">
    <ele>2400.4</ele>
    <time>2026-10-02T13:01:17Z</time>
   </trkpt>
   <trkpt lat="46.5282810" lon="12.0166690">
    <ele>2400.4</ele>
    <time>2026-10-02T13:01:18Z</time>
   </trkpt>
   <trkpt lat="46.5282870" lon="12.0166730">
    <ele>2400.5</ele>
    <time>2026-10-02T13:01:19Z</time>
   </trkpt>
   <trkpt lat="46.5282930" lon="12.0166760">
    <ele>2400.5</ele>
    <time>2026-10-02T13:01:20Z</time>
   </trkpt>
   <trkpt lat="46.5283000" lon="12.0166820">
    <ele>2400.6</ele>
    <time>2026-10-02T13:01:21Z</time>
   </trkpt>
   <trkpt lat="46.5283070" lon="12.0166870">
    <ele>2400.7</ele>
    <time>2026-10-02T13:01:22Z</time>
   </trkpt>
   <trkpt lat="46.5283170" lon="12.0166950">
    <ele>2400.8</ele>
    <time>2026-10-02T13:01:23Z</time>
   </trkpt>
   <trkpt lat="46.5283340" lon="12.0167040">
    <ele>2400.9</ele>
    <time>2026-10-02T13:01:24Z</time>
   </trkpt>
   <trkpt lat="46.5283530" lon="12.0167280">
    <ele>2401.1</ele>
    <time>2026-10-02T13:01:25Z</time>
   </trkpt>
   <trkpt lat="46.5283610" lon="12.0167520">
    <ele>2401.2</ele>
    <time>2026-10-02T13:01:26Z</time>
   </trkpt>
   <trkpt lat="46.5283690" lon="12.0167630">
    <ele>2401.3</ele>
    <time>2026-10-02T13:01:27Z</time>
   </trkpt>
   <trkpt lat="46.5283780" lon="12.0167690">
    <ele>2401.4</ele>
    <time>2026-10-02T13:01:28Z</time>
   </trkpt>
   <trkpt lat="46.5283880" lon="12.0167790">
    <ele>2401.5</ele>
    <time>2026-10-02T13:01:29Z</time>
   </trkpt>
   <trkpt lat="46.5284000" lon="12.0167950">
    <ele>2401.6</ele>
    <time>2026-10-02T13:01:30Z</time>
   </trkpt>
   <trkpt lat="46.5284100" lon="12.0168020">
    <ele>2401.7</ele>
    <time>2026-10-02T13:01:31Z</time>
   </trkpt>
   <trkpt lat="46.5284180" lon="12.0168080">
    <ele>2401.8</ele>
    <time>2026-10-02T13:01:32Z</time>
   </trkpt>
   <trkpt lat="46.5284210" lon="12.0168130">
    <ele>2401.8</ele>
    <time>2026-10-02T13:01:33Z</time>
   </trkpt>
   <trkpt lat="46.5284310" lon="12.0168230">
    <ele>2401.9</ele>
    <time>2026-10-02T13:01:34Z</time>
   </trkpt>
   <trkpt lat="46.5284420" lon="12.0168410">
    <ele>2402.1</ele>
    <time>2026-10-02T13:01:35Z</time>
   </trkpt>
   <trkpt lat="46.5284530" lon="12.0168480">
    <ele>2402.2</ele>
    <time>2026-10-02T13:01:36Z</time>
   </trkpt>
   <trkpt lat="46.5284550" lon="12.0168680">
    <ele>2402.3</ele>
    <time>2026-10-02T13:01:37Z</time>
   </trkpt>
   <trkpt lat="46.5284650" lon="12.0168700">
    <ele>2402.3</ele>
    <time>2026-10-02T13:01:38Z</time>
   </trkpt>
   <trkpt lat="46.5284710" lon="12.0168800">
    <ele>2402.4</ele>
    <time>2026-10-02T13:01:39Z</time>
   </trkpt>
   <trkpt lat="46.5284820" lon="12.0168930">
    <ele>2402.5</ele>
    <time>2026-10-02T13:01:40Z</time>
   </trkpt>
   <trkpt lat="46.5284820" lon="12.0169040">
    <ele>2402.6</ele>
    <time>2026-10-02T13:01:41Z</time>
   </trkpt>
   <trkpt lat="46.5284910" lon="12.0169160">
    <ele>2402.7</ele>
    <time>2026-10-02T13:01:42Z</time>
   </trkpt>
   <trkpt lat="46.5284980" lon="12.0169310">
    <ele>2402.8</ele>
    <time>2026-10-02T13:01:43Z</time>
   </trkpt>
   <trkpt lat="46.5285070" lon="12.0169410">
    <ele>2402.9</ele>
    <time>2026-10-02T13:01:44Z</time>
   </trkpt>
   <trkpt lat="46.5285120" lon="12.0169540">
    <ele>2403.0</ele>
    <time>2026-10-02T13:01:45Z</time>
   </trkpt>
   <trkpt lat="46.5285330" lon="12.0169660">
    <ele>2403.2</ele>
    <time>2026-10-02T13:01:46Z</time>
   </trkpt>
   <trkpt lat="46.5285440" lon="12.0169730">
    <ele>2403.3</ele>
    <time>2026-10-02T13:01:47Z</time>
   </trkpt>
   <trkpt lat="46.5285530" lon="12.0169800">
    <ele>2403.4</ele>
    <time>2026-10-02T13:01:48Z</time>
   </trkpt>
   <trkpt lat="46.5285590" lon="12.0169920">
    <ele>2403.5</ele>
    <time>2026-10-02T13:01:49Z</time>
   </trkpt>
   <trkpt lat="46.5285690" lon="12.0170020">
    <ele>2403.6</ele>
    <time>2026-10-02T13:01:50Z</time>
   </trkpt>
   <trkpt lat="46.5285810" lon="12.0170020">
    <ele>2403.8</ele>
    <time>2026-10-02T13:01:51Z</time>
   </trkpt>
   <trkpt lat="46.5285890" lon="12.0170070">
    <ele>2403.8</ele>
    <time>2026-10-02T13:01:53Z</time>
   </trkpt>
   <trkpt lat="46.5285940" lon="12.0170190">
    <ele>2403.9</ele>
    <time>2026-10-02T13:01:54Z</time>
   </trkpt>
   <trkpt lat="46.5285990" lon="12.0170310">
    <ele>2404.0</ele>
    <time>2026-10-02T13:01:55Z</time>
   </trkpt>
   <trkpt lat="46.5286060" lon="12.0170490">
    <ele>2404.2</ele>
    <time>2026-10-02T13:01:56Z</time>
   </trkpt>
   <trkpt lat="46.5286110" lon="12.0170580">
    <ele>2404.2</ele>
    <time>2026-10-02T13:01:57Z</time>
   </trkpt>
   <trkpt lat="46.5286090" lon="12.0170690">
    <ele>2404.3</ele>
    <time>2026-10-02T13:01:58Z</time>
   </trkpt>
   <trkpt lat="46.5286100" lon="12.0170650">
    <ele>2404.3</ele>
    <time>2026-10-02T13:01:59Z</time>
   </trkpt>
   <trkpt lat="46.5286060" lon="12.0170890">
    <ele>2404.5</ele>
    <time>2026-10-02T13:02:00Z</time>
   </trkpt>
   <trkpt lat="46.5286120" lon="12.0170800">
    <ele>2404.6</ele>
    <time>2026-10-02T13:02:01Z</time>
   </trkpt>
   <trkpt lat="46.5286200" lon="12.0170860">
    <ele>2404.7</ele>
    <time>2026-10-02T13:02:02Z</time>
   </trkpt>
   <trkpt lat="46.5286220" lon="12.0170910">
    <ele>2404.7</ele>
    <time>2026-10-02T13:02:03Z</time>
   </trkpt>
   <trkpt lat="46.5286270" lon="12.0170910">
    <ele>2404.7</ele>
    <time>2026-10-02T13:02:04Z</time>
   </trkpt>
   <trkpt lat="46.5286320" lon="12.0170960">
    <ele>2404.8</ele>
    <time>2026-10-02T13:02:05Z</time>
   </trkpt>
   <trkpt lat="46.5286340" lon="12.0170980">
    <ele>2404.8</ele>
    <time>2026-10-02T13:02:06Z</time>
   </trkpt>
   <trkpt lat="46.5286350" lon="12.0170920">
    <ele>2404.9</ele>
    <time>2026-10-02T13:02:07Z</time>
   </trkpt>
   <trkpt lat="46.5286400" lon="12.0170860">
    <ele>2404.9</ele>
    <time>2026-10-02T13:02:08Z</time>
   </trkpt>
   <trkpt lat="46.5286380" lon="12.0170860">
    <ele>2404.9</ele>
    <time>2026-10-02T13:02:09Z</time>
   </trkpt>
   <trkpt lat="46.5286380" lon="12.0170860">
    <ele>2404.9</ele>
    <time>2026-10-02T13:02:10Z</time>
   </trkpt>
   <trkpt lat="46.5286380" lon="12.0170860">
    <ele>2404.9</ele>
    <time>2026-10-02T13:02:11Z</time>
   </trkpt>
   <trkpt lat="46.5286380" lon="12.0170860">
    <ele>2404.9</ele>
    <time>2026-10-02T13:02:12Z</time>
   </trkpt>
   <trkpt lat="46.5286380" lon="12.0170860">
    <ele>2404.9</ele>
    <time>2026-10-02T13:02:13Z</time>
   </trkpt>
   <trkpt lat="46.5286380" lon="12.0170860">
    <ele>2404.9</ele>
    <time>2026-10-02T13:02:14Z</time>
   </trkpt>
   <trkpt lat="46.5286380" lon="12.0170860">
    <ele>2404.9</ele>
    <time>2026-10-02T13:02:15Z</time>
   </trkpt>
   <trkpt lat="46.5286260" lon="12.0170810">
    <ele>2405.1</ele>
    <time>2026-10-02T13:02:16Z</time>
   </trkpt>
   <trkpt lat="46.5286230" lon="12.0170770">
    <ele>2405.1</ele>
    <time>2026-10-02T13:02:17Z</time>
   </trkpt>
   <trkpt lat="46.5286190" lon="12.0170710">
    <ele>2405.2</ele>
    <time>2026-10-02T13:02:18Z</time>
   </trkpt>
   <trkpt lat="46.5286080" lon="12.0170620">
    <ele>2405.3</ele>
    <time>2026-10-02T13:02:19Z</time>
   </trkpt>
   <trkpt lat="46.5286030" lon="12.0170520">
    <ele>2405.4</ele>
    <time>2026-10-02T13:02:20Z</time>
   </trkpt>
   <trkpt lat="46.5285960" lon="12.0170410">
    <ele>2405.4</ele>
    <time>2026-10-02T13:02:21Z</time>
   </trkpt>
   <trkpt lat="46.5285860" lon="12.0170370">
    <ele>2405.5</ele>
    <time>2026-10-02T13:02:22Z</time>
   </trkpt>
   <trkpt lat="46.5285880" lon="12.0170370">
    <ele>2405.6</ele>
    <time>2026-10-02T13:02:23Z</time>
   </trkpt>
   <trkpt lat="46.5285880" lon="12.0170370">
    <ele>2405.6</ele>
    <time>2026-10-02T13:02:24Z</time>
   </trkpt>
   <trkpt lat="46.5285880" lon="12.0170370">
    <ele>2405.6</ele>
    <time>2026-10-02T13:02:25Z</time>
   </trkpt>
   <trkpt lat="46.5285880" lon="12.0170370">
    <ele>2405.6</ele>
    <time>2026-10-02T13:02:26Z</time>
   </trkpt>
   <trkpt lat="46.5285880" lon="12.0170370">
    <ele>2405.6</ele>
    <time>2026-10-02T13:02:27Z</time>
   </trkpt>
   <trkpt lat="46.5285880" lon="12.0170370">
    <ele>2405.6</ele>
    <time>2026-10-02T13:02:28Z</time>
   </trkpt>
   <trkpt lat="46.5285880" lon="12.0170370">
    <ele>2405.6</ele>
    <time>2026-10-02T13:02:29Z</time>
   </trkpt>
   <trkpt lat="46.5285880" lon="12.0170370">
    <ele>2405.6</ele>
    <time>2026-10-02T13:02:30Z</time>
   </trkpt>
   <trkpt lat="46.5285880" lon="12.0170370">
    <ele>2405.6</ele>
    <time>2026-10-02T13:02:31Z</time>
   </trkpt>
   <trkpt lat="46.5285880" lon="12.0170370">
    <ele>2405.6</ele>
    <time>2026-10-02T13:02:32Z</time>
   </trkpt>
   <trkpt lat="46.5285880" lon="12.0170370">
    <ele>2405.6</ele>
    <time>2026-10-02T13:02:33Z</time>
   </trkpt>
   <trkpt lat="46.5285990" lon="12.0170470">
    <ele>2405.7</ele>
    <time>2026-10-02T13:02:34Z</time>
   </trkpt>
   <trkpt lat="46.5285990" lon="12.0170470">
    <ele>2405.7</ele>
    <time>2026-10-02T13:02:35Z</time>
   </trkpt>
   <trkpt lat="46.5285970" lon="12.0170400">
    <ele>2405.7</ele>
    <time>2026-10-02T13:02:36Z</time>
   </trkpt>
   <trkpt lat="46.5286070" lon="12.0170490">
    <ele>2405.8</ele>
    <time>2026-10-02T13:02:37Z</time>
   </trkpt>
   <trkpt lat="46.5286150" lon="12.0170560">
    <ele>2405.9</ele>
    <time>2026-10-02T13:02:38Z</time>
   </trkpt>
   <trkpt lat="46.5286210" lon="12.0170570">
    <ele>2406.0</ele>
    <time>2026-10-02T13:02:39Z</time>
   </trkpt>
   <trkpt lat="46.5286260" lon="12.0170620">
    <ele>2406.0</ele>
    <time>2026-10-02T13:02:40Z</time>
   </trkpt>
   <trkpt lat="46.5286230" lon="12.0170620">
    <ele>2406.1</ele>
    <time>2026-10-02T13:02:41Z</time>
   </trkpt>
   <trkpt lat="46.5286270" lon="12.0170620">
    <ele>2406.1</ele>
    <time>2026-10-02T13:02:42Z</time>
   </trkpt>
   <trkpt lat="46.5286420" lon="12.0170590">
    <ele>2406.2</ele>
    <time>2026-10-02T13:02:43Z</time>
   </trkpt>
   <trkpt lat="46.5286410" lon="12.0170720">
    <ele>2406.3</ele>
    <time>2026-10-02T13:02:44Z</time>
   </trkpt>
   <trkpt lat="46.5286430" lon="12.0170840">
    <ele>2406.4</ele>
    <time>2026-10-02T13:02:45Z</time>
   </trkpt>
   <trkpt lat="46.5286470" lon="12.0170950">
    <ele>2406.5</ele>
    <time>2026-10-02T13:02:46Z</time>
   </trkpt>
   <trkpt lat="46.5286430" lon="12.0171020">
    <ele>2406.5</ele>
    <time>2026-10-02T13:02:47Z</time>
   </trkpt>
   <trkpt lat="46.5286550" lon="12.0171150">
    <ele>2406.7</ele>
    <time>2026-10-02T13:02:48Z</time>
   </trkpt>
   <trkpt lat="46.5286620" lon="12.0171040">
    <ele>2406.8</ele>
    <time>2026-10-02T13:02:49Z</time>
   </trkpt>
   <trkpt lat="46.5286670" lon="12.0170890">
    <ele>2406.9</ele>
    <time>2026-10-02T13:02:50Z</time>
   </trkpt>
   <trkpt lat="46.5286750" lon="12.0170800">
    <ele>2407.0</ele>
    <time>2026-10-02T13:02:51Z</time>
   </trkpt>
   <trkpt lat="46.5286750" lon="12.0170720">
    <ele>2407.0</ele>
    <time>2026-10-02T13:02:52Z</time>
   </trkpt>
   <trkpt lat="46.5286750" lon="12.0170600">
    <ele>2407.1</ele>
    <time>2026-10-02T13:02:53Z</time>
   </trkpt>
   <trkpt lat="46.5286820" lon="12.0170510">
    <ele>2407.2</ele>
    <time>2026-10-02T13:02:54Z</time>
   </trkpt>
   <trkpt lat="46.5286850" lon="12.0170510">
    <ele>2407.2</ele>
    <time>2026-10-02T13:02:55Z</time>
   </trkpt>
   <trkpt lat="46.5286840" lon="12.0170500">
    <ele>2407.2</ele>
    <time>2026-10-02T13:02:56Z</time>
   </trkpt>
   <trkpt lat="46.5286840" lon="12.0170500">
    <ele>2407.2</ele>
    <time>2026-10-02T13:02:57Z</time>
   </trkpt>
   <trkpt lat="46.5286840" lon="12.0170500">
    <ele>2407.2</ele>
    <time>2026-10-02T13:02:58Z</time>
   </trkpt>
   <trkpt lat="46.5286840" lon="12.0170500">
    <ele>2407.2</ele>
    <time>2026-10-02T13:02:59Z</time>
   </trkpt>
   <trkpt lat="46.5286840" lon="12.0170500">
    <ele>2407.2</ele>
    <time>2026-10-02T13:03:00Z</time>
   </trkpt>
   <trkpt lat="46.5286840" lon="12.0170500">
    <ele>2407.2</ele>
    <time>2026-10-02T13:03:01Z</time>
   </trkpt>
   <trkpt lat="46.5286840" lon="12.0170500">
    <ele>2407.2</ele>
    <time>2026-10-02T13:03:02Z</time>
   </trkpt>
   <trkpt lat="46.5286840" lon="12.0170500">
    <ele>2407.2</ele>
    <time>2026-10-02T13:03:03Z</time>
   </trkpt>
   <trkpt lat="46.5286840" lon="12.0170500">
    <ele>2407.2</ele>
    <time>2026-10-02T13:03:04Z</time>
   </trkpt>
   <trkpt lat="46.5286840" lon="12.0170500">
    <ele>2407.2</ele>
    <time>2026-10-02T13:03:05Z</time>
   </trkpt>
   <trkpt lat="46.5286840" lon="12.0170500">
    <ele>2407.2</ele>
    <time>2026-10-02T13:03:06Z</time>
   </trkpt>
   <trkpt lat="46.5286840" lon="12.0170500">
    <ele>2407.2</ele>
    <time>2026-10-02T13:03:07Z</time>
   </trkpt>
   <trkpt lat="46.5286840" lon="12.0170500">
    <ele>2407.2</ele>
    <time>2026-10-02T13:03:08Z</time>
   </trkpt>
   <trkpt lat="46.5286840" lon="12.0170500">
    <ele>2407.2</ele>
    <time>2026-10-02T13:03:09Z</time>
   </trkpt>
   <trkpt lat="46.5286840" lon="12.0170500">
    <ele>2407.2</ele>
    <time>2026-10-02T13:03:10Z</time>
   </trkpt>
   <trkpt lat="46.5286840" lon="12.0170500">
    <ele>2407.2</ele>
    <time>2026-10-02T13:03:11Z</time>
   </trkpt>
   <trkpt lat="46.5286780" lon="12.0170530">
    <ele>2407.3</ele>
    <time>2026-10-02T13:03:12Z</time>
   </trkpt>
   <trkpt lat="46.5286730" lon="12.0170650">
    <ele>2407.4</ele>
    <time>2026-10-02T13:03:13Z</time>
   </trkpt>
   <trkpt lat="46.5286780" lon="12.0170640">
    <ele>2407.4</ele>
    <time>2026-10-02T13:03:14Z</time>
   </trkpt>
   <trkpt lat="46.5286800" lon="12.0170720">
    <ele>2407.5</ele>
    <time>2026-10-02T13:03:15Z</time>
   </trkpt>
   <trkpt lat="46.5286780" lon="12.0170710">
    <ele>2407.5</ele>
    <time>2026-10-02T13:03:16Z</time>
   </trkpt>
   <trkpt lat="46.5286720" lon="12.0170770">
    <ele>2407.6</ele>
    <time>2026-10-02T13:03:17Z</time>
   </trkpt>
   <trkpt lat="46.5286720" lon="12.0170820">
    <ele>2407.6</ele>
    <time>2026-10-02T13:03:18Z</time>
   </trkpt>
   <trkpt lat="46.5286670" lon="12.0170910">
    <ele>2407.7</ele>
    <time>2026-10-02T13:03:19Z</time>
   </trkpt>
   <trkpt lat="46.5286560" lon="12.0170980">
    <ele>2407.8</ele>
    <time>2026-10-02T13:03:20Z</time>
   </trkpt>
   <trkpt lat="46.5286530" lon="12.0171070">
    <ele>2407.9</ele>
    <time>2026-10-02T13:03:21Z</time>
   </trkpt>
   <trkpt lat="46.5286540" lon="12.0171010">
    <ele>2407.9</ele>
    <time>2026-10-02T13:03:22Z</time>
   </trkpt>
   <trkpt lat="46.5286530" lon="12.0171030">
    <ele>2407.9</ele>
    <time>2026-10-02T13:03:23Z</time>
   </trkpt>
   <trkpt lat="46.5286500" lon="12.0171010">
    <ele>2408.0</ele>
    <time>2026-10-02T13:03:24Z</time>
   </trkpt>
   <trkpt lat="46.5286470" lon="12.0171010">
    <ele>2408.0</ele>
    <time>2026-10-02T13:03:25Z</time>
   </trkpt>
   <trkpt lat="46.5286430" lon="12.0171020">
    <ele>2408.0</ele>
    <time>2026-10-02T13:03:26Z</time>
   </trkpt>
   <trkpt lat="46.5286380" lon="12.0171100">
    <ele>2408.1</ele>
    <time>2026-10-02T13:03:27Z</time>
   </trkpt>
   <trkpt lat="46.5286370" lon="12.0171120">
    <ele>2408.1</ele>
    <time>2026-10-02T13:03:28Z</time>
   </trkpt>
   <trkpt lat="46.5286380" lon="12.0171200">
    <ele>2408.2</ele>
    <time>2026-10-02T13:03:29Z</time>
   </trkpt>
   <trkpt lat="46.5286410" lon="12.0171260">
    <ele>2408.3</ele>
    <time>2026-10-02T13:03:30Z</time>
   </trkpt>
   <trkpt lat="46.5286470" lon="12.0171350">
    <ele>2408.3</ele>
    <time>2026-10-02T13:03:31Z</time>
   </trkpt>
   <trkpt lat="46.5286550" lon="12.0171380">
    <ele>2408.4</ele>
    <time>2026-10-02T13:03:33Z</time>
   </trkpt>
   <trkpt lat="46.5286600" lon="12.0171510">
    <ele>2408.6</ele>
    <time>2026-10-02T13:03:34Z</time>
   </trkpt>
   <trkpt lat="46.5286610" lon="12.0171600">
    <ele>2408.6</ele>
    <time>2026-10-02T13:03:35Z</time>
   </trkpt>
   <trkpt lat="46.5286660" lon="12.0171620">
    <ele>2408.7</ele>
    <time>2026-10-02T13:03:36Z</time>
   </trkpt>
   <trkpt lat="46.5286790" lon="12.0171840">
    <ele>2408.9</ele>
    <time>2026-10-02T13:03:37Z</time>
   </trkpt>
   <trkpt lat="46.5286800" lon="12.0171910">
    <ele>2409.0</ele>
    <time>2026-10-02T13:03:38Z</time>
   </trkpt>
   <trkpt lat="46.5286840" lon="12.0172060">
    <ele>2409.1</ele>
    <time>2026-10-02T13:03:39Z</time>
   </trkpt>
   <trkpt lat="46.5286880" lon="12.0172170">
    <ele>2409.2</ele>
    <time>2026-10-02T13:03:40Z</time>
   </trkpt>
   <trkpt lat="46.5286910" lon="12.0172310">
    <ele>2409.3</ele>
    <time>2026-10-02T13:03:41Z</time>
   </trkpt>
   <trkpt lat="46.5286960" lon="12.0172460">
    <ele>2409.4</ele>
    <time>2026-10-02T13:03:42Z</time>
   </trkpt>
   <trkpt lat="46.5287000" lon="12.0172590">
    <ele>2409.6</ele>
    <time>2026-10-02T13:03:43Z</time>
   </trkpt>
   <trkpt lat="46.5287050" lon="12.0172660">
    <ele>2409.6</ele>
    <time>2026-10-02T13:03:44Z</time>
   </trkpt>
   <trkpt lat="46.5287100" lon="12.0172840">
    <ele>2409.8</ele>
    <time>2026-10-02T13:03:45Z</time>
   </trkpt>
   <trkpt lat="46.5287210" lon="12.0172950">
    <ele>2409.9</ele>
    <time>2026-10-02T13:03:46Z</time>
   </trkpt>
   <trkpt lat="46.5287230" lon="12.0173060">
    <ele>2410.0</ele>
    <time>2026-10-02T13:03:47Z</time>
   </trkpt>
   <trkpt lat="46.5287200" lon="12.0173180">
    <ele>2410.1</ele>
    <time>2026-10-02T13:03:48Z</time>
   </trkpt>
   <trkpt lat="46.5287200" lon="12.0173320">
    <ele>2410.3</ele>
    <time>2026-10-02T13:03:49Z</time>
   </trkpt>
   <trkpt lat="46.5287240" lon="12.0173420">
    <ele>2410.3</ele>
    <time>2026-10-02T13:03:50Z</time>
   </trkpt>
   <trkpt lat="46.5287280" lon="12.0173410">
    <ele>2410.4</ele>
    <time>2026-10-02T13:03:51Z</time>
   </trkpt>
   <trkpt lat="46.5287370" lon="12.0173560">
    <ele>2410.6</ele>
    <time>2026-10-02T13:03:52Z</time>
   </trkpt>
   <trkpt lat="46.5287420" lon="12.0173730">
    <ele>2410.7</ele>
    <time>2026-10-02T13:03:53Z</time>
   </trkpt>
   <trkpt lat="46.5287380" lon="12.0173680">
    <ele>2410.8</ele>
    <time>2026-10-02T13:03:54Z</time>
   </trkpt>
   <trkpt lat="46.5287420" lon="12.0173760">
    <ele>2410.8</ele>
    <time>2026-10-02T13:03:55Z</time>
   </trkpt>
   <trkpt lat="46.5287360" lon="12.0173740">
    <ele>2410.9</ele>
    <time>2026-10-02T13:03:56Z</time>
   </trkpt>
   <trkpt lat="46.5287410" lon="12.0173670">
    <ele>2411.0</ele>
    <time>2026-10-02T13:03:57Z</time>
   </trkpt>
   <trkpt lat="46.5287440" lon="12.0173720">
    <ele>2411.1</ele>
    <time>2026-10-02T13:03:58Z</time>
   </trkpt>
   <trkpt lat="46.5287470" lon="12.0173790">
    <ele>2411.1</ele>
    <time>2026-10-02T13:03:59Z</time>
   </trkpt>
   <trkpt lat="46.5287480" lon="12.0173820">
    <ele>2411.1</ele>
    <time>2026-10-02T13:04:00Z</time>
   </trkpt>
   <trkpt lat="46.5287480" lon="12.0173810">
    <ele>2411.2</ele>
    <time>2026-10-02T13:04:01Z</time>
   </trkpt>
   <trkpt lat="46.5287470" lon="12.0173770">
    <ele>2411.2</ele>
    <time>2026-10-02T13:04:02Z</time>
   </trkpt>
   <trkpt lat="46.5287470" lon="12.0173750">
    <ele>2411.2</ele>
    <time>2026-10-02T13:04:03Z</time>
   </trkpt>
   <trkpt lat="46.5287470" lon="12.0173750">
    <ele>2411.2</ele>
    <time>2026-10-02T13:04:04Z</time>
   </trkpt>
   <trkpt lat="46.5287380" lon="12.0173720">
    <ele>2411.3</ele>
    <time>2026-10-02T13:04:05Z</time>
   </trkpt>
   <trkpt lat="46.5287340" lon="12.0173700">
    <ele>2411.4</ele>
    <time>2026-10-02T13:04:06Z</time>
   </trkpt>
   <trkpt lat="46.5287320" lon="12.0173680">
    <ele>2411.4</ele>
    <time>2026-10-02T13:04:07Z</time>
   </trkpt>
   <trkpt lat="46.5287340" lon="12.0173750">
    <ele>2411.4</ele>
    <time>2026-10-02T13:04:08Z</time>
   </trkpt>
   <trkpt lat="46.5287390" lon="12.0173880">
    <ele>2411.6</ele>
    <time>2026-10-02T13:04:09Z</time>
   </trkpt>
   <trkpt lat="46.5287440" lon="12.0173930">
    <ele>2411.6</ele>
    <time>2026-10-02T13:04:10Z</time>
   </trkpt>
   <trkpt lat="46.5287430" lon="12.0174000">
    <ele>2411.7</ele>
    <time>2026-10-02T13:04:11Z</time>
   </trkpt>
   <trkpt lat="46.5287450" lon="12.0173980">
    <ele>2411.7</ele>
    <time>2026-10-02T13:04:12Z</time>
   </trkpt>
   <trkpt lat="46.5287470" lon="12.0174010">
    <ele>2411.7</ele>
    <time>2026-10-02T13:04:13Z</time>
   </trkpt>
   <trkpt lat="46.5287520" lon="12.0174150">
    <ele>2411.9</ele>
    <time>2026-10-02T13:04:14Z</time>
   </trkpt>
   <trkpt lat="46.5287480" lon="12.0174250">
    <ele>2412.0</ele>
    <time>2026-10-02T13:04:15Z</time>
   </trkpt>
   <trkpt lat="46.5287570" lon="12.0174390">
    <ele>2412.1</ele>
    <time>2026-10-02T13:04:16Z</time>
   </trkpt>
   <trkpt lat="46.5287580" lon="12.0174510">
    <ele>2412.2</ele>
    <time>2026-10-02T13:04:17Z</time>
   </trkpt>
   <trkpt lat="46.5287650" lon="12.0174720">
    <ele>2412.4</ele>
    <time>2026-10-02T13:04:18Z</time>
   </trkpt>
   <trkpt lat="46.5287740" lon="12.0174830">
    <ele>2412.5</ele>
    <time>2026-10-02T13:04:19Z</time>
   </trkpt>
   <trkpt lat="46.5287810" lon="12.0174950">
    <ele>2412.6</ele>
    <time>2026-10-02T13:04:20Z</time>
   </trkpt>
   <trkpt lat="46.5287860" lon="12.0175070">
    <ele>2412.7</ele>
    <time>2026-10-02T13:04:21Z</time>
   </trkpt>
   <trkpt lat="46.5287870" lon="12.0175210">
    <ele>2412.8</ele>
    <time>2026-10-02T13:04:22Z</time>
   </trkpt>
   <trkpt lat="46.5287840" lon="12.0175150">
    <ele>2412.9</ele>
    <time>2026-10-02T13:04:23Z</time>
   </trkpt>
   <trkpt lat="46.5287830" lon="12.0175160">
    <ele>2412.9</ele>
    <time>2026-10-02T13:04:24Z</time>
   </trkpt>
   <trkpt lat="46.5287830" lon="12.0175170">
    <ele>2412.9</ele>
    <time>2026-10-02T13:04:25Z</time>
   </trkpt>
   <trkpt lat="46.5287810" lon="12.0175160">
    <ele>2412.9</ele>
    <time>2026-10-02T13:04:26Z</time>
   </trkpt>
   <trkpt lat="46.5287810" lon="12.0175230">
    <ele>2412.9</ele>
    <time>2026-10-02T13:04:27Z</time>
   </trkpt>
   <trkpt lat="46.5287790" lon="12.0175200">
    <ele>2413.0</ele>
    <time>2026-10-02T13:04:28Z</time>
   </trkpt>
   <trkpt lat="46.5287810" lon="12.0175180">
    <ele>2413.0</ele>
    <time>2026-10-02T13:04:29Z</time>
   </trkpt>
   <trkpt lat="46.5287800" lon="12.0175190">
    <ele>2413.0</ele>
    <time>2026-10-02T13:04:30Z</time>
   </trkpt>
   <trkpt lat="46.5287800" lon="12.0175220">
    <ele>2413.0</ele>
    <time>2026-10-02T13:04:31Z</time>
   </trkpt>
   <trkpt lat="46.5287810" lon="12.0175210">
    <ele>2413.0</ele>
    <time>2026-10-02T13:04:32Z</time>
   </trkpt>
   <trkpt lat="46.5287790" lon="12.0175210">
    <ele>2413.1</ele>
    <time>2026-10-02T13:04:33Z</time>
   </trkpt>
   <trkpt lat="46.5287800" lon="12.0175200">
    <ele>2413.1</ele>
    <time>2026-10-02T13:04:34Z</time>
   </trkpt>
   <trkpt lat="46.5287800" lon="12.0175220">
    <ele>2413.1</ele>
    <time>2026-10-02T13:04:35Z</time>
   </trkpt>
   <trkpt lat="46.5287830" lon="12.0175240">
    <ele>2413.1</ele>
    <time>2026-10-02T13:04:36Z</time>
   </trkpt>
   <trkpt lat="46.5287890" lon="12.0175300">
    <ele>2413.2</ele>
    <time>2026-10-02T13:04:37Z</time>
   </trkpt>
   <trkpt lat="46.5287920" lon="12.0175410">
    <ele>2413.3</ele>
    <time>2026-10-02T13:04:38Z</time>
   </trkpt>
   <trkpt lat="46.5287910" lon="12.0175590">
    <ele>2413.4</ele>
    <time>2026-10-02T13:04:39Z</time>
   </trkpt>
   <trkpt lat="46.5287940" lon="12.0175720">
    <ele>2413.6</ele>
    <time>2026-10-02T13:04:40Z</time>
   </trkpt>
   <trkpt lat="46.5287990" lon="12.0175700">
    <ele>2413.6</ele>
    <time>2026-10-02T13:04:41Z</time>
   </trkpt>
   <trkpt lat="46.5287980" lon="12.0175670">
    <ele>2413.7</ele>
    <time>2026-10-02T13:04:42Z</time>
   </trkpt>
   <trkpt lat="46.5287960" lon="12.0175730">
    <ele>2413.7</ele>
    <time>2026-10-02T13:04:43Z</time>
   </trkpt>
   <trkpt lat="46.5287960" lon="12.0175770">
    <ele>2413.8</ele>
    <time>2026-10-02T13:04:44Z</time>
   </trkpt>
   <trkpt lat="46.5287960" lon="12.0175770">
    <ele>2413.8</ele>
    <time>2026-10-02T13:04:45Z</time>
   </trkpt>
   <trkpt lat="46.5287960" lon="12.0175770">
    <ele>2413.8</ele>
    <time>2026-10-02T13:04:46Z</time>
   </trkpt>
   <trkpt lat="46.5287960" lon="12.0175770">
    <ele>2413.8</ele>
    <time>2026-10-02T13:04:47Z</time>
   </trkpt>
   <trkpt lat="46.5287960" lon="12.0175770">
    <ele>2413.8</ele>
    <time>2026-10-02T13:04:48Z</time>
   </trkpt>
   <trkpt lat="46.5287960" lon="12.0175770">
    <ele>2413.8</ele>
    <time>2026-10-02T13:04:49Z</time>
   </trkpt>
   <trkpt lat="46.5287960" lon="12.0175770">
    <ele>2413.8</ele>
    <time>2026-10-02T13:04:50Z</time>
   </trkpt>
   <trkpt lat="46.5288020" lon="12.0175830">
    <ele>2413.9</ele>
    <time>2026-10-02T13:04:51Z</time>
   </trkpt>
   <trkpt lat="46.5287990" lon="12.0175890">
    <ele>2413.9</ele>
    <time>2026-10-02T13:04:52Z</time>
   </trkpt>
   <trkpt lat="46.5287990" lon="12.0175920">
    <ele>2414.0</ele>
    <time>2026-10-02T13:04:53Z</time>
   </trkpt>
   <trkpt lat="46.5287920" lon="12.0176150">
    <ele>2414.2</ele>
    <time>2026-10-02T13:04:54Z</time>
   </trkpt>
   <trkpt lat="46.5287960" lon="12.0176130">
    <ele>2414.2</ele>
    <time>2026-10-02T13:04:55Z</time>
   </trkpt>
   <trkpt lat="46.5288030" lon="12.0176130">
    <ele>2414.3</ele>
    <time>2026-10-02T13:04:56Z</time>
   </trkpt>
   <trkpt lat="46.5288070" lon="12.0176160">
    <ele>2414.4</ele>
    <time>2026-10-02T13:04:57Z</time>
   </trkpt>
   <trkpt lat="46.5288130" lon="12.0176290">
    <ele>2414.5</ele>
    <time>2026-10-02T13:04:58Z</time>
   </trkpt>
   <trkpt lat="46.5288210" lon="12.0176410">
    <ele>2414.7</ele>
    <time>2026-10-02T13:04:59Z</time>
   </trkpt>
   <trkpt lat="46.5288280" lon="12.0176490">
    <ele>2414.8</ele>
    <time>2026-10-02T13:05:00Z</time>
   </trkpt>
   <trkpt lat="46.5288290" lon="12.0176540">
    <ele>2414.9</ele>
    <time>2026-10-02T13:05:01Z</time>
   </trkpt>
   <trkpt lat="46.5288300" lon="12.0176660">
    <ele>2415.0</ele>
    <time>2026-10-02T13:05:02Z</time>
   </trkpt>
   <trkpt lat="46.5288280" lon="12.0176740">
    <ele>2415.1</ele>
    <time>2026-10-02T13:05:03Z</time>
   </trkpt>
   <trkpt lat="46.5288260" lon="12.0176900">
    <ele>2415.2</ele>
    <time>2026-10-02T13:05:04Z</time>
   </trkpt>
   <trkpt lat="46.5288280" lon="12.0177100">
    <ele>2415.4</ele>
    <time>2026-10-02T13:05:05Z</time>
   </trkpt>
   <trkpt lat="46.5288310" lon="12.0177220">
    <ele>2415.5</ele>
    <time>2026-10-02T13:05:06Z</time>
   </trkpt>
   <trkpt lat="46.5288320" lon="12.0177440">
    <ele>2415.7</ele>
    <time>2026-10-02T13:05:07Z</time>
   </trkpt>
   <trkpt lat="46.5288330" lon="12.0177530">
    <ele>2415.8</ele>
    <time>2026-10-02T13:05:08Z</time>
   </trkpt>
   <trkpt lat="46.5288410" lon="12.0177600">
    <ele>2415.9</ele>
    <time>2026-10-02T13:05:09Z</time>
   </trkpt>
   <trkpt lat="46.5288470" lon="12.0177600">
    <ele>2416.0</ele>
    <time>2026-10-02T13:05:10Z</time>
   </trkpt>
   <trkpt lat="46.5288590" lon="12.0177770">
    <ele>2416.2</ele>
    <time>2026-10-02T13:05:11Z</time>
   </trkpt>
   <trkpt lat="46.5288630" lon="12.0177860">
    <ele>2416.3</ele>
    <time>2026-10-02T13:05:12Z</time>
   </trkpt>
   <trkpt lat="46.5288620" lon="12.0177960">
    <ele>2416.4</ele>
    <time>2026-10-02T13:05:13Z</time>
   </trkpt>
   <trkpt lat="46.5288660" lon="12.0178130">
    <ele>2416.6</ele>
    <time>2026-10-02T13:05:14Z</time>
   </trkpt>
   <trkpt lat="46.5288650" lon="12.0178310">
    <ele>2416.8</ele>
    <time>2026-10-02T13:05:15Z</time>
   </trkpt>
   <trkpt lat="46.5288710" lon="12.0178460">
    <ele>2416.9</ele>
    <time>2026-10-02T13:05:16Z</time>
   </trkpt>
   <trkpt lat="46.5288780" lon="12.0178530">
    <ele>2417.0</ele>
    <time>2026-10-02T13:05:17Z</time>
   </trkpt>
   <trkpt lat="46.5288810" lon="12.0178640">
    <ele>2417.2</ele>
    <time>2026-10-02T13:05:18Z</time>
   </trkpt>
   <trkpt lat="46.5288900" lon="12.0178820">
    <ele>2417.4</ele>
    <time>2026-10-02T13:05:20Z</time>
   </trkpt>
   <trkpt lat="46.5288920" lon="12.0178970">
    <ele>2417.5</ele>
    <time>2026-10-02T13:05:21Z</time>
   </trkpt>
   <trkpt lat="46.5288960" lon="12.0179050">
    <ele>2417.6</ele>
    <time>2026-10-02T13:05:22Z</time>
   </trkpt>
   <trkpt lat="46.5288920" lon="12.0179210">
    <ele>2417.8</ele>
    <time>2026-10-02T13:05:23Z</time>
   </trkpt>
   <trkpt lat="46.5288960" lon="12.0179380">
    <ele>2417.9</ele>
    <time>2026-10-02T13:05:24Z</time>
   </trkpt>
   <trkpt lat="46.5289010" lon="12.0179530">
    <ele>2418.1</ele>
    <time>2026-10-02T13:05:25Z</time>
   </trkpt>
   <trkpt lat="46.5289030" lon="12.0179690">
    <ele>2418.3</ele>
    <time>2026-10-02T13:05:26Z</time>
   </trkpt>
   <trkpt lat="46.5289070" lon="12.0179810">
    <ele>2418.4</ele>
    <time>2026-10-02T13:05:27Z</time>
   </trkpt>
   <trkpt lat="46.5289140" lon="12.0179860">
    <ele>2418.5</ele>
    <time>2026-10-02T13:05:28Z</time>
   </trkpt>
   <trkpt lat="46.5289230" lon="12.0179980">
    <ele>2418.7</ele>
    <time>2026-10-02T13:05:29Z</time>
   </trkpt>
   <trkpt lat="46.5289270" lon="12.0180070">
    <ele>2418.8</ele>
    <time>2026-10-02T13:05:30Z</time>
   </trkpt>
   <trkpt lat="46.5289360" lon="12.0180230">
    <ele>2419.0</ele>
    <time>2026-10-02T13:05:31Z</time>
   </trkpt>
   <trkpt lat="46.5289340" lon="12.0180440">
    <ele>2419.2</ele>
    <time>2026-10-02T13:05:32Z</time>
   </trkpt>
   <trkpt lat="46.5289350" lon="12.0180610">
    <ele>2419.4</ele>
    <time>2026-10-02T13:05:33Z</time>
   </trkpt>
   <trkpt lat="46.5289420" lon="12.0180730">
    <ele>2419.5</ele>
    <time>2026-10-02T13:05:34Z</time>
   </trkpt>
   <trkpt lat="46.5289500" lon="12.0180860">
    <ele>2419.7</ele>
    <time>2026-10-02T13:05:35Z</time>
   </trkpt>
   <trkpt lat="46.5289510" lon="12.0181000">
    <ele>2419.8</ele>
    <time>2026-10-02T13:05:36Z</time>
   </trkpt>
   <trkpt lat="46.5289520" lon="12.0181210">
    <ele>2420.0</ele>
    <time>2026-10-02T13:05:37Z</time>
   </trkpt>
   <trkpt lat="46.5289540" lon="12.0181280">
    <ele>2420.1</ele>
    <time>2026-10-02T13:05:38Z</time>
   </trkpt>
   <trkpt lat="46.5289590" lon="12.0181380">
    <ele>2420.2</ele>
    <time>2026-10-02T13:05:39Z</time>
   </trkpt>
   <trkpt lat="46.5289640" lon="12.0181530">
    <ele>2420.4</ele>
    <time>2026-10-02T13:05:40Z</time>
   </trkpt>
   <trkpt lat="46.5289730" lon="12.0181660">
    <ele>2420.6</ele>
    <time>2026-10-02T13:05:41Z</time>
   </trkpt>
   <trkpt lat="46.5289770" lon="12.0181840">
    <ele>2420.8</ele>
    <time>2026-10-02T13:05:42Z</time>
   </trkpt>
   <trkpt lat="46.5289770" lon="12.0181920">
    <ele>2420.9</ele>
    <time>2026-10-02T13:05:43Z</time>
   </trkpt>
   <trkpt lat="46.5289770" lon="12.0182110">
    <ele>2421.0</ele>
    <time>2026-10-02T13:05:44Z</time>
   </trkpt>
   <trkpt lat="46.5289880" lon="12.0182210">
    <ele>2421.2</ele>
    <time>2026-10-02T13:05:45Z</time>
   </trkpt>
   <trkpt lat="46.5289940" lon="12.0182260">
    <ele>2421.3</ele>
    <time>2026-10-02T13:05:46Z</time>
   </trkpt>
   <trkpt lat="46.5290020" lon="12.0182400">
    <ele>2421.5</ele>
    <time>2026-10-02T13:05:47Z</time>
   </trkpt>
   <trkpt lat="46.5290060" lon="12.0182400">
    <ele>2421.5</ele>
    <time>2026-10-02T13:05:48Z</time>
   </trkpt>
   <trkpt lat="46.5290050" lon="12.0182380">
    <ele>2421.5</ele>
    <time>2026-10-02T13:05:49Z</time>
   </trkpt>
   <trkpt lat="46.5290030" lon="12.0182400">
    <ele>2421.6</ele>
    <time>2026-10-02T13:05:50Z</time>
   </trkpt>
   <trkpt lat="46.5290060" lon="12.0182430">
    <ele>2421.6</ele>
    <time>2026-10-02T13:05:51Z</time>
   </trkpt>
   <trkpt lat="46.5290010" lon="12.0182390">
    <ele>2421.7</ele>
    <time>2026-10-02T13:05:52Z</time>
   </trkpt>
   <trkpt lat="46.5290030" lon="12.0182300">
    <ele>2421.8</ele>
    <time>2026-10-02T13:05:53Z</time>
   </trkpt>
   <trkpt lat="46.5290020" lon="12.0182220">
    <ele>2421.8</ele>
    <time>2026-10-02T13:05:54Z</time>
   </trkpt>
   <trkpt lat="46.5290060" lon="12.0182170">
    <ele>2421.9</ele>
    <time>2026-10-02T13:05:55Z</time>
   </trkpt>
   <trkpt lat="46.5290040" lon="12.0182140">
    <ele>2421.9</ele>
    <time>2026-10-02T13:05:56Z</time>
   </trkpt>
   <trkpt lat="46.5290020" lon="12.0182100">
    <ele>2422.0</ele>
    <time>2026-10-02T13:05:57Z</time>
   </trkpt>
   <trkpt lat="46.5290040" lon="12.0182060">
    <ele>2422.0</ele>
    <time>2026-10-02T13:05:58Z</time>
   </trkpt>
   <trkpt lat="46.5290040" lon="12.0182060">
    <ele>2422.0</ele>
    <time>2026-10-02T13:05:59Z</time>
   </trkpt>
   <trkpt lat="46.5290050" lon="12.0182030">
    <ele>2422.0</ele>
    <time>2026-10-02T13:06:00Z</time>
   </trkpt>
   <trkpt lat="46.5290030" lon="12.0182030">
    <ele>2422.1</ele>
    <time>2026-10-02T13:06:01Z</time>
   </trkpt>
   <trkpt lat="46.5290010" lon="12.0181930">
    <ele>2422.2</ele>
    <time>2026-10-02T13:06:02Z</time>
   </trkpt>
   <trkpt lat="46.5290030" lon="12.0182080">
    <ele>2422.3</ele>
    <time>2026-10-02T13:06:03Z</time>
   </trkpt>
   <trkpt lat="46.5290020" lon="12.0182060">
    <ele>2422.3</ele>
    <time>2026-10-02T13:06:04Z</time>
   </trkpt>
   <trkpt lat="46.5290040" lon="12.0182120">
    <ele>2422.4</ele>
    <time>2026-10-02T13:06:05Z</time>
   </trkpt>
   <trkpt lat="46.5290030" lon="12.0182160">
    <ele>2422.4</ele>
    <time>2026-10-02T13:06:06Z</time>
   </trkpt>
   <trkpt lat="46.5290030" lon="12.0182150">
    <ele>2422.4</ele>
    <time>2026-10-02T13:06:07Z</time>
   </trkpt>
   <trkpt lat="46.5290060" lon="12.0182200">
    <ele>2422.4</ele>
    <time>2026-10-02T13:06:08Z</time>
   </trkpt>
   <trkpt lat="46.5289990" lon="12.0182140">
    <ele>2422.5</ele>
    <time>2026-10-02T13:06:09Z</time>
   </trkpt>
   <trkpt lat="46.5290020" lon="12.0182270">
    <ele>2422.6</ele>
    <time>2026-10-02T13:06:10Z</time>
   </trkpt>
   <trkpt lat="46.5290010" lon="12.0182370">
    <ele>2422.7</ele>
    <time>2026-10-02T13:06:11Z</time>
   </trkpt>
   <trkpt lat="46.5290010" lon="12.0182350">
    <ele>2422.7</ele>
    <time>2026-10-02T13:06:12Z</time>
   </trkpt>
   <trkpt lat="46.5289980" lon="12.0182300">
    <ele>2422.8</ele>
    <time>2026-10-02T13:06:13Z</time>
   </trkpt>
   <trkpt lat="46.5290160" lon="12.0182440">
    <ele>2423.0</ele>
    <time>2026-10-02T13:06:14Z</time>
   </trkpt>
   <trkpt lat="46.5290150" lon="12.0182510">
    <ele>2423.0</ele>
    <time>2026-10-02T13:06:15Z</time>
   </trkpt>
   <trkpt lat="46.5290120" lon="12.0182670">
    <ele>2423.1</ele>
    <time>2026-10-02T13:06:16Z</time>
   </trkpt>
   <trkpt lat="46.5290120" lon="12.0182830">
    <ele>2423.2</ele>
    <time>2026-10-02T13:06:17Z</time>
   </trkpt>
   <trkpt lat="46.5290160" lon="12.0182970">
    <ele>2423.3</ele>
    <time>2026-10-02T13:06:18Z</time>
   </trkpt>
   <trkpt lat="46.5290190" lon="12.0183080">
    <ele>2423.4</ele>
    <time>2026-10-02T13:06:19Z</time>
   </trkpt>
   <trkpt lat="46.5290350" lon="12.0183140">
    <ele>2423.5</ele>
    <time>2026-10-02T13:06:20Z</time>
   </trkpt>
   <trkpt lat="46.5290380" lon="12.0183200">
    <ele>2423.5</ele>
    <time>2026-10-02T13:06:21Z</time>
   </trkpt>
   <trkpt lat="46.5290370" lon="12.0183130">
    <ele>2423.6</ele>
    <time>2026-10-02T13:06:22Z</time>
   </trkpt>
   <trkpt lat="46.5290360" lon="12.0183120">
    <ele>2423.6</ele>
    <time>2026-10-02T13:06:23Z</time>
   </trkpt>
   <trkpt lat="46.5290400" lon="12.0183160">
    <ele>2423.6</ele>
    <time>2026-10-02T13:06:24Z</time>
   </trkpt>
   <trkpt lat="46.5290490" lon="12.0183280">
    <ele>2423.7</ele>
    <time>2026-10-02T13:06:25Z</time>
   </trkpt>
   <trkpt lat="46.5290500" lon="12.0183560">
    <ele>2423.9</ele>
    <time>2026-10-02T13:06:26Z</time>
   </trkpt>
   <trkpt lat="46.5290570" lon="12.0183680">
    <ele>2424.0</ele>
    <time>2026-10-02T13:06:27Z</time>
   </trkpt>
   <trkpt lat="46.5290560" lon="12.0183800">
    <ele>2424.1</ele>
    <time>2026-10-02T13:06:28Z</time>
   </trkpt>
   <trkpt lat="46.5290580" lon="12.0183870">
    <ele>2424.1</ele>
    <time>2026-10-02T13:06:29Z</time>
   </trkpt>
   <trkpt lat="46.5290620" lon="12.0184110">
    <ele>2424.2</ele>
    <time>2026-10-02T13:06:30Z</time>
   </trkpt>
   <trkpt lat="46.5290650" lon="12.0184250">
    <ele>2424.3</ele>
    <time>2026-10-02T13:06:31Z</time>
   </trkpt>
   <trkpt lat="46.5290680" lon="12.0184420">
    <ele>2424.4</ele>
    <time>2026-10-02T13:06:32Z</time>
   </trkpt>
   <trkpt lat="46.5290720" lon="12.0184600">
    <ele>2424.6</ele>
    <time>2026-10-02T13:06:33Z</time>
   </trkpt>
   <trkpt lat="46.5290730" lon="12.0184600">
    <ele>2424.6</ele>
    <time>2026-10-02T13:06:34Z</time>
   </trkpt>
   <trkpt lat="46.5290760" lon="12.0184570">
    <ele>2424.6</ele>
    <time>2026-10-02T13:06:35Z</time>
   </trkpt>
   <trkpt lat="46.5290760" lon="12.0184570">
    <ele>2424.6</ele>
    <time>2026-10-02T13:06:36Z</time>
   </trkpt>
   <trkpt lat="46.5290730" lon="12.0184590">
    <ele>2424.6</ele>
    <time>2026-10-02T13:06:37Z</time>
   </trkpt>
   <trkpt lat="46.5290700" lon="12.0184560">
    <ele>2424.7</ele>
    <time>2026-10-02T13:06:38Z</time>
   </trkpt>
   <trkpt lat="46.5290710" lon="12.0184530">
    <ele>2424.7</ele>
    <time>2026-10-02T13:06:39Z</time>
   </trkpt>
   <trkpt lat="46.5290700" lon="12.0184500">
    <ele>2424.7</ele>
    <time>2026-10-02T13:06:40Z</time>
   </trkpt>
   <trkpt lat="46.5290700" lon="12.0184500">
    <ele>2424.7</ele>
    <time>2026-10-02T13:06:41Z</time>
   </trkpt>
   <trkpt lat="46.5290700" lon="12.0184500">
    <ele>2424.7</ele>
    <time>2026-10-02T13:06:42Z</time>
   </trkpt>
   <trkpt lat="46.5290700" lon="12.0184500">
    <ele>2424.7</ele>
    <time>2026-10-02T13:06:43Z</time>
   </trkpt>
   <trkpt lat="46.5290700" lon="12.0184500">
    <ele>2424.7</ele>
    <time>2026-10-02T13:06:44Z</time>
   </trkpt>
   <trkpt lat="46.5290700" lon="12.0184500">
    <ele>2424.7</ele>
    <time>2026-10-02T13:06:45Z</time>
   </trkpt>
   <trkpt lat="46.5290700" lon="12.0184500">
    <ele>2424.7</ele>
    <time>2026-10-02T13:06:46Z</time>
   </trkpt>
   <trkpt lat="46.5290700" lon="12.0184500">
    <ele>2424.7</ele>
    <time>2026-10-02T13:06:47Z</time>
   </trkpt>
   <trkpt lat="46.5290880" lon="12.0184470">
    <ele>2424.9</ele>
    <time>2026-10-02T13:06:48Z</time>
   </trkpt>
   <trkpt lat="46.5290870" lon="12.0184400">
    <ele>2424.9</ele>
    <time>2026-10-02T13:06:49Z</time>
   </trkpt>
   <trkpt lat="46.5290870" lon="12.0184400">
    <ele>2424.9</ele>
    <time>2026-10-02T13:06:50Z</time>
   </trkpt>
   <trkpt lat="46.5290870" lon="12.0184400">
    <ele>2424.9</ele>
    <time>2026-10-02T13:06:51Z</time>
   </trkpt>
   <trkpt lat="46.5290870" lon="12.0184400">
    <ele>2424.9</ele>
    <time>2026-10-02T13:06:52Z</time>
   </trkpt>
   <trkpt lat="46.5290870" lon="12.0184400">
    <ele>2424.9</ele>
    <time>2026-10-02T13:06:53Z</time>
   </trkpt>
   <trkpt lat="46.5290870" lon="12.0184400">
    <ele>2424.9</ele>
    <time>2026-10-02T13:06:54Z</time>
   </trkpt>
   <trkpt lat="46.5290870" lon="12.0184400">
    <ele>2424.9</ele>
    <time>2026-10-02T13:06:55Z</time>
   </trkpt>
   <trkpt lat="46.5290870" lon="12.0184400">
    <ele>2424.9</ele>
    <time>2026-10-02T13:06:56Z</time>
   </trkpt>
   <trkpt lat="46.5290870" lon="12.0184400">
    <ele>2424.9</ele>
    <time>2026-10-02T13:06:57Z</time>
   </trkpt>
   <trkpt lat="46.5290920" lon="12.0184470">
    <ele>2425.0</ele>
    <time>2026-10-02T13:06:58Z</time>
   </trkpt>
   <trkpt lat="46.5290890" lon="12.0184750">
    <ele>2425.2</ele>
    <time>2026-10-02T13:06:59Z</time>
   </trkpt>
   <trkpt lat="46.5290960" lon="12.0184940">
    <ele>2425.3</ele>
    <time>2026-10-02T13:07:00Z</time>
   </trkpt>
   <trkpt lat="46.5290960" lon="12.0185120">
    <ele>2425.5</ele>
    <time>2026-10-02T13:07:01Z</time>
   </trkpt>
   <trkpt lat="46.5291010" lon="12.0185290">
    <ele>2425.6</ele>
    <time>2026-10-02T13:07:02Z</time>
   </trkpt>
   <trkpt lat="46.5291060" lon="12.0185430">
    <ele>2425.7</ele>
    <time>2026-10-02T13:07:03Z</time>
   </trkpt>
   <trkpt lat="46.5291160" lon="12.0185540">
    <ele>2425.9</ele>
    <time>2026-10-02T13:07:04Z</time>
   </trkpt>
   <trkpt lat="46.5291260" lon="12.0185630">
    <ele>2426.0</ele>
    <time>2026-10-02T13:07:05Z</time>
   </trkpt>
   <trkpt lat="46.5291370" lon="12.0185720">
    <ele>2426.1</ele>
    <time>2026-10-02T13:07:06Z</time>
   </trkpt>
   <trkpt lat="46.5291480" lon="12.0185760">
    <ele>2426.5</ele>
    <time>2026-10-02T13:07:07Z</time>
   </trkpt>
   <trkpt lat="46.5291560" lon="12.0185780">
    <ele>2426.7</ele>
    <time>2026-10-02T13:07:08Z</time>
   </trkpt>
   <trkpt lat="46.5291650" lon="12.0185850">
    <ele>2426.9</ele>
    <time>2026-10-02T13:07:09Z</time>
   </trkpt>
   <trkpt lat="46.5291730" lon="12.0185930">
    <ele>2427.1</ele>
    <time>2026-10-02T13:07:10Z</time>
   </trkpt>
   <trkpt lat="46.5291790" lon="12.0185920">
    <ele>2427.2</ele>
    <time>2026-10-02T13:07:11Z</time>
   </trkpt>
   <trkpt lat="46.5291860" lon="12.0185890">
    <ele>2427.4</ele>
    <time>2026-10-02T13:07:12Z</time>
   </trkpt>
   <trkpt lat="46.5291930" lon="12.0185960">
    <ele>2427.5</ele>
    <time>2026-10-02T13:07:13Z</time>
   </trkpt>
   <trkpt lat="46.5292020" lon="12.0186000">
    <ele>2427.7</ele>
    <time>2026-10-02T13:07:14Z</time>
   </trkpt>
   <trkpt lat="46.5292050" lon="12.0186080">
    <ele>2427.8</ele>
    <time>2026-10-02T13:07:15Z</time>
   </trkpt>
   <trkpt lat="46.5292130" lon="12.0186100">
    <ele>2428.0</ele>
    <time>2026-10-02T13:07:16Z</time>
   </trkpt>
   <trkpt lat="46.5292290" lon="12.0186080">
    <ele>2428.3</ele>
    <time>2026-10-02T13:07:17Z</time>
   </trkpt>
   <trkpt lat="46.5292380" lon="12.0185970">
    <ele>2428.5</ele>
    <time>2026-10-02T13:07:18Z</time>
   </trkpt>
   <trkpt lat="46.5292510" lon="12.0185930">
    <ele>2428.8</ele>
    <time>2026-10-02T13:07:19Z</time>
   </trkpt>
   <trkpt lat="46.5292500" lon="12.0185960">
    <ele>2428.8</ele>
    <time>2026-10-02T13:07:20Z</time>
   </trkpt>
   <trkpt lat="46.5292470" lon="12.0185930">
    <ele>2428.9</ele>
    <time>2026-10-02T13:07:21Z</time>
   </trkpt>
   <trkpt lat="46.5292440" lon="12.0185940">
    <ele>2429.0</ele>
    <time>2026-10-02T13:07:22Z</time>
   </trkpt>
   <trkpt lat="46.5292440" lon="12.0185940">
    <ele>2429.0</ele>
    <time>2026-10-02T13:07:23Z</time>
   </trkpt>
   <trkpt lat="46.5292430" lon="12.0185950">
    <ele>2429.0</ele>
    <time>2026-10-02T13:07:24Z</time>
   </trkpt>
   <trkpt lat="46.5292420" lon="12.0185960">
    <ele>2429.0</ele>
    <time>2026-10-02T13:07:25Z</time>
   </trkpt>
   <trkpt lat="46.5292400" lon="12.0185850">
    <ele>2429.2</ele>
    <time>2026-10-02T13:07:26Z</time>
   </trkpt>
   <trkpt lat="46.5292380" lon="12.0185910">
    <ele>2429.3</ele>
    <time>2026-10-02T13:07:27Z</time>
   </trkpt>
   <trkpt lat="46.5292370" lon="12.0185940">
    <ele>2429.3</ele>
    <time>2026-10-02T13:07:28Z</time>
   </trkpt>
   <trkpt lat="46.5292370" lon="12.0185740">
    <ele>2429.6</ele>
    <time>2026-10-02T13:07:29Z</time>
   </trkpt>
   <trkpt lat="46.5292360" lon="12.0185880">
    <ele>2429.7</ele>
    <time>2026-10-02T13:07:30Z</time>
   </trkpt>
   <trkpt lat="46.5292330" lon="12.0185810">
    <ele>2429.8</ele>
    <time>2026-10-02T13:07:31Z</time>
   </trkpt>
   <trkpt lat="46.5292300" lon="12.0185810">
    <ele>2429.9</ele>
    <time>2026-10-02T13:07:32Z</time>
   </trkpt>
   <trkpt lat="46.5292330" lon="12.0185740">
    <ele>2430.0</ele>
    <time>2026-10-02T13:07:33Z</time>
   </trkpt>
   <trkpt lat="46.5292340" lon="12.0185670">
    <ele>2430.1</ele>
    <time>2026-10-02T13:07:34Z</time>
   </trkpt>
   <trkpt lat="46.5292280" lon="12.0185710">
    <ele>2430.2</ele>
    <time>2026-10-02T13:07:35Z</time>
   </trkpt>
   <trkpt lat="46.5292320" lon="12.0185760">
    <ele>2430.3</ele>
    <time>2026-10-02T13:07:36Z</time>
   </trkpt>
   <trkpt lat="46.5292260" lon="12.0185750">
    <ele>2430.4</ele>
    <time>2026-10-02T13:07:37Z</time>
   </trkpt>
   <trkpt lat="46.5292420" lon="12.0185700">
    <ele>2430.7</ele>
    <time>2026-10-02T13:07:38Z</time>
   </trkpt>
   <trkpt lat="46.5292280" lon="12.0185550">
    <ele>2431.0</ele>
    <time>2026-10-02T13:07:39Z</time>
   </trkpt>
   <trkpt lat="46.5292290" lon="12.0185640">
    <ele>2431.2</ele>
    <time>2026-10-02T13:07:40Z</time>
   </trkpt>
   <trkpt lat="46.5292320" lon="12.0185650">
    <ele>2431.2</ele>
    <time>2026-10-02T13:07:42Z</time>
   </trkpt>
   <trkpt lat="46.5292410" lon="12.0185530">
    <ele>2431.4</ele>
    <time>2026-10-02T13:07:43Z</time>
   </trkpt>
   <trkpt lat="46.5292480" lon="12.0185530">
    <ele>2431.6</ele>
    <time>2026-10-02T13:07:44Z</time>
   </trkpt>
   <trkpt lat="46.5292550" lon="12.0185540">
    <ele>2431.7</ele>
    <time>2026-10-02T13:07:45Z</time>
   </trkpt>
   <trkpt lat="46.5292620" lon="12.0185520">
    <ele>2431.8</ele>
    <time>2026-10-02T13:07:47Z</time>
   </trkpt>
   <trkpt lat="46.5292720" lon="12.0185500">
    <ele>2432.0</ele>
    <time>2026-10-02T13:07:48Z</time>
   </trkpt>
   <trkpt lat="46.5292820" lon="12.0185510">
    <ele>2432.2</ele>
    <time>2026-10-02T13:07:49Z</time>
   </trkpt>
   <trkpt lat="46.5292940" lon="12.0185500">
    <ele>2432.4</ele>
    <time>2026-10-02T13:07:50Z</time>
   </trkpt>
   <trkpt lat="46.5293020" lon="12.0185510">
    <ele>2432.6</ele>
    <time>2026-10-02T13:07:51Z</time>
   </trkpt>
   <trkpt lat="46.5293110" lon="12.0185490">
    <ele>2432.7</ele>
    <time>2026-10-02T13:07:52Z</time>
   </trkpt>
   <trkpt lat="46.5293180" lon="12.0185410">
    <ele>2432.9</ele>
    <time>2026-10-02T13:07:53Z</time>
   </trkpt>
   <trkpt lat="46.5293300" lon="12.0185360">
    <ele>2433.1</ele>
    <time>2026-10-02T13:07:54Z</time>
   </trkpt>
   <trkpt lat="46.5293390" lon="12.0185240">
    <ele>2433.3</ele>
    <time>2026-10-02T13:07:55Z</time>
   </trkpt>
   <trkpt lat="46.5293470" lon="12.0185190">
    <ele>2433.5</ele>
    <time>2026-10-02T13:07:56Z</time>
   </trkpt>
   <trkpt lat="46.5293530" lon="12.0185100">
    <ele>2433.7</ele>
    <time>2026-10-02T13:07:57Z</time>
   </trkpt>
   <trkpt lat="46.5293620" lon="12.0184980">
    <ele>2433.9</ele>
    <time>2026-10-02T13:07:58Z</time>
   </trkpt>
   <trkpt lat="46.5293730" lon="12.0184710">
    <ele>2434.3</ele>
    <time>2026-10-02T13:07:59Z</time>
   </trkpt>
   <trkpt lat="46.5293780" lon="12.0184580">
    <ele>2434.5</ele>
    <time>2026-10-02T13:08:00Z</time>
   </trkpt>
   <trkpt lat="46.5293880" lon="12.0184530">
    <ele>2434.7</ele>
    <time>2026-10-02T13:08:01Z</time>
   </trkpt>
   <trkpt lat="46.5293990" lon="12.0184400">
    <ele>2435.0</ele>
    <time>2026-10-02T13:08:02Z</time>
   </trkpt>
   <trkpt lat="46.5294060" lon="12.0184340">
    <ele>2435.2</ele>
    <time>2026-10-02T13:08:03Z</time>
   </trkpt>
   <trkpt lat="46.5294140" lon="12.0184370">
    <ele>2435.3</ele>
    <time>2026-10-02T13:08:04Z</time>
   </trkpt>
   <trkpt lat="46.5294270" lon="12.0184190">
    <ele>2435.7</ele>
    <time>2026-10-02T13:08:05Z</time>
   </trkpt>
   <trkpt lat="46.5294350" lon="12.0184080">
    <ele>2435.9</ele>
    <time>2026-10-02T13:08:06Z</time>
   </trkpt>
   <trkpt lat="46.5294340" lon="12.0184020">
    <ele>2436.0</ele>
    <time>2026-10-02T13:08:07Z</time>
   </trkpt>
   <trkpt lat="46.5294370" lon="12.0183810">
    <ele>2436.3</ele>
    <time>2026-10-02T13:08:08Z</time>
   </trkpt>
   <trkpt lat="46.5294440" lon="12.0183680">
    <ele>2436.5</ele>
    <time>2026-10-02T13:08:09Z</time>
   </trkpt>
   <trkpt lat="46.5294560" lon="12.0183410">
    <ele>2437.0</ele>
    <time>2026-10-02T13:08:10Z</time>
   </trkpt>
   <trkpt lat="46.5294600" lon="12.0183340">
    <ele>2437.1</ele>
    <time>2026-10-02T13:08:11Z</time>
   </trkpt>
   <trkpt lat="46.5294630" lon="12.0183270">
    <ele>2437.3</ele>
    <time>2026-10-02T13:08:12Z</time>
   </trkpt>
   <trkpt lat="46.5294690" lon="12.0183320">
    <ele>2437.4</ele>
    <time>2026-10-02T13:08:13Z</time>
   </trkpt>
   <trkpt lat="46.5294740" lon="12.0183270">
    <ele>2437.5</ele>
    <time>2026-10-02T13:08:14Z</time>
   </trkpt>
   <trkpt lat="46.5294720" lon="12.0183210">
    <ele>2437.6</ele>
    <time>2026-10-02T13:08:15Z</time>
   </trkpt>
   <trkpt lat="46.5294720" lon="12.0183150">
    <ele>2437.7</ele>
    <time>2026-10-02T13:08:16Z</time>
   </trkpt>
   <trkpt lat="46.5294710" lon="12.0183140">
    <ele>2437.8</ele>
    <time>2026-10-02T13:08:17Z</time>
   </trkpt>
   <trkpt lat="46.5294750" lon="12.0183140">
    <ele>2437.8</ele>
    <time>2026-10-02T13:08:18Z</time>
   </trkpt>
   <trkpt lat="46.5294720" lon="12.0183140">
    <ele>2437.9</ele>
    <time>2026-10-02T13:08:19Z</time>
   </trkpt>
   <trkpt lat="46.5294740" lon="12.0183090">
    <ele>2438.0</ele>
    <time>2026-10-02T13:08:20Z</time>
   </trkpt>
   <trkpt lat="46.5294780" lon="12.0183000">
    <ele>2438.2</ele>
    <time>2026-10-02T13:08:21Z</time>
   </trkpt>
   <trkpt lat="46.5294840" lon="12.0182950">
    <ele>2438.3</ele>
    <time>2026-10-02T13:08:22Z</time>
   </trkpt>
   <trkpt lat="46.5294850" lon="12.0182890">
    <ele>2438.4</ele>
    <time>2026-10-02T13:08:23Z</time>
   </trkpt>
   <trkpt lat="46.5294870" lon="12.0182960">
    <ele>2438.5</ele>
    <time>2026-10-02T13:08:24Z</time>
   </trkpt>
   <trkpt lat="46.5294850" lon="12.0182900">
    <ele>2438.6</ele>
    <time>2026-10-02T13:08:25Z</time>
   </trkpt>
   <trkpt lat="46.5294860" lon="12.0182910">
    <ele>2438.7</ele>
    <time>2026-10-02T13:08:26Z</time>
   </trkpt>
   <trkpt lat="46.5294880" lon="12.0182770">
    <ele>2438.9</ele>
    <time>2026-10-02T13:08:27Z</time>
   </trkpt>
   <trkpt lat="46.5294920" lon="12.0182720">
    <ele>2439.0</ele>
    <time>2026-10-02T13:08:28Z</time>
   </trkpt>
   <trkpt lat="46.5294970" lon="12.0182620">
    <ele>2439.2</ele>
    <time>2026-10-02T13:08:29Z</time>
   </trkpt>
   <trkpt lat="46.5294980" lon="12.0182520">
    <ele>2439.4</ele>
    <time>2026-10-02T13:08:30Z</time>
   </trkpt>
   <trkpt lat="46.5295040" lon="12.0182360">
    <ele>2439.7</ele>
    <time>2026-10-02T13:08:31Z</time>
   </trkpt>
   <trkpt lat="46.5295080" lon="12.0182180">
    <ele>2440.0</ele>
    <time>2026-10-02T13:08:32Z</time>
   </trkpt>
   <trkpt lat="46.5295150" lon="12.0182070">
    <ele>2440.3</ele>
    <time>2026-10-02T13:08:33Z</time>
   </trkpt>
   <trkpt lat="46.5295140" lon="12.0181990">
    <ele>2440.4</ele>
    <time>2026-10-02T13:08:34Z</time>
   </trkpt>
   <trkpt lat="46.5295190" lon="12.0181930">
    <ele>2440.6</ele>
    <time>2026-10-02T13:08:35Z</time>
   </trkpt>
   <trkpt lat="46.5295240" lon="12.0181810">
    <ele>2440.8</ele>
    <time>2026-10-02T13:08:36Z</time>
   </trkpt>
   <trkpt lat="46.5295250" lon="12.0181770">
    <ele>2440.9</ele>
    <time>2026-10-02T13:08:37Z</time>
   </trkpt>
   <trkpt lat="46.5295330" lon="12.0181760">
    <ele>2441.1</ele>
    <time>2026-10-02T13:08:38Z</time>
   </trkpt>
   <trkpt lat="46.5295310" lon="12.0181760">
    <ele>2441.1</ele>
    <time>2026-10-02T13:08:39Z</time>
   </trkpt>
   <trkpt lat="46.5295350" lon="12.0181720">
    <ele>2441.3</ele>
    <time>2026-10-02T13:08:40Z</time>
   </trkpt>
   <trkpt lat="46.5295370" lon="12.0181620">
    <ele>2441.4</ele>
    <time>2026-10-02T13:08:41Z</time>
   </trkpt>
   <trkpt lat="46.5295360" lon="12.0181600">
    <ele>2441.5</ele>
    <time>2026-10-02T13:08:42Z</time>
   </trkpt>
   <trkpt lat="46.5295420" lon="12.0181510">
    <ele>2441.7</ele>
    <time>2026-10-02T13:08:43Z</time>
   </trkpt>
   <trkpt lat="46.5295440" lon="12.0181470">
    <ele>2441.8</ele>
    <time>2026-10-02T13:08:44Z</time>
   </trkpt>
   <trkpt lat="46.5295470" lon="12.0181470">
    <ele>2441.9</ele>
    <time>2026-10-02T13:08:45Z</time>
   </trkpt>
   <trkpt lat="46.5295470" lon="12.0181470">
    <ele>2441.9</ele>
    <time>2026-10-02T13:08:46Z</time>
   </trkpt>
   <trkpt lat="46.5295500" lon="12.0181500">
    <ele>2442.0</ele>
    <time>2026-10-02T13:08:47Z</time>
   </trkpt>
   <trkpt lat="46.5295460" lon="12.0181540">
    <ele>2442.1</ele>
    <time>2026-10-02T13:08:48Z</time>
   </trkpt>
   <trkpt lat="46.5295460" lon="12.0181550">
    <ele>2442.1</ele>
    <time>2026-10-02T13:08:49Z</time>
   </trkpt>
   <trkpt lat="46.5295470" lon="12.0181500">
    <ele>2442.2</ele>
    <time>2026-10-02T13:08:50Z</time>
   </trkpt>
   <trkpt lat="46.5295420" lon="12.0181490">
    <ele>2442.4</ele>
    <time>2026-10-02T13:08:51Z</time>
   </trkpt>
   <trkpt lat="46.5295350" lon="12.0181420">
    <ele>2442.6</ele>
    <time>2026-10-02T13:08:52Z</time>
   </trkpt>
   <trkpt lat="46.5295290" lon="12.0181340">
    <ele>2442.8</ele>
    <time>2026-10-02T13:08:53Z</time>
   </trkpt>
   <trkpt lat="46.5295260" lon="12.0181350">
    <ele>2442.9</ele>
    <time>2026-10-02T13:08:54Z</time>
   </trkpt>
   <trkpt lat="46.5295290" lon="12.0181300">
    <ele>2443.1</ele>
    <time>2026-10-02T13:08:55Z</time>
   </trkpt>
   <trkpt lat="46.5295300" lon="12.0181280">
    <ele>2443.1</ele>
    <time>2026-10-02T13:08:56Z</time>
   </trkpt>
   <trkpt lat="46.5295250" lon="12.0181270">
    <ele>2443.2</ele>
    <time>2026-10-02T13:08:57Z</time>
   </trkpt>
   <trkpt lat="46.5295230" lon="12.0181290">
    <ele>2443.3</ele>
    <time>2026-10-02T13:08:58Z</time>
   </trkpt>
   <trkpt lat="46.5295260" lon="12.0181260">
    <ele>2443.4</ele>
    <time>2026-10-02T13:08:59Z</time>
   </trkpt>
   <trkpt lat="46.5295300" lon="12.0181210">
    <ele>2443.6</ele>
    <time>2026-10-02T13:09:00Z</time>
   </trkpt>
   <trkpt lat="46.5295320" lon="12.0181250">
    <ele>2443.7</ele>
    <time>2026-10-02T13:09:01Z</time>
   </trkpt>
   <trkpt lat="46.5295260" lon="12.0181240">
    <ele>2443.8</ele>
    <time>2026-10-02T13:09:02Z</time>
   </trkpt>
   <trkpt lat="46.5295290" lon="12.0181210">
    <ele>2443.9</ele>
    <time>2026-10-02T13:09:03Z</time>
   </trkpt>
   <trkpt lat="46.5295280" lon="12.0181180">
    <ele>2444.0</ele>
    <time>2026-10-02T13:09:04Z</time>
   </trkpt>
   <trkpt lat="46.5295300" lon="12.0181110">
    <ele>2444.2</ele>
    <time>2026-10-02T13:09:05Z</time>
   </trkpt>
   <trkpt lat="46.5295310" lon="12.0181070">
    <ele>2444.2</ele>
    <time>2026-10-02T13:09:06Z</time>
   </trkpt>
   <trkpt lat="46.5295310" lon="12.0181020">
    <ele>2444.3</ele>
    <time>2026-10-02T13:09:07Z</time>
   </trkpt>
   <trkpt lat="46.5295350" lon="12.0180860">
    <ele>2444.7</ele>
    <time>2026-10-02T13:09:08Z</time>
   </trkpt>
   <trkpt lat="46.5295400" lon="12.0180850">
    <ele>2444.8</ele>
    <time>2026-10-02T13:09:09Z</time>
   </trkpt>
   <trkpt lat="46.5295450" lon="12.0180790">
    <ele>2445.0</ele>
    <time>2026-10-02T13:09:10Z</time>
   </trkpt>
   <trkpt lat="46.5295470" lon="12.0180660">
    <ele>2445.3</ele>
    <time>2026-10-02T13:09:11Z</time>
   </trkpt>
   <trkpt lat="46.5295510" lon="12.0180660">
    <ele>2445.4</ele>
    <time>2026-10-02T13:09:12Z</time>
   </trkpt>
   <trkpt lat="46.5295560" lon="12.0180640">
    <ele>2445.6</ele>
    <time>2026-10-02T13:09:13Z</time>
   </trkpt>
   <trkpt lat="46.5295590" lon="12.0180610">
    <ele>2445.7</ele>
    <time>2026-10-02T13:09:14Z</time>
   </trkpt>
   <trkpt lat="46.5295650" lon="12.0180540">
    <ele>2445.9</ele>
    <time>2026-10-02T13:09:15Z</time>
   </trkpt>
   <trkpt lat="46.5295620" lon="12.0180490">
    <ele>2446.0</ele>
    <time>2026-10-02T13:09:16Z</time>
   </trkpt>
   <trkpt lat="46.5295640" lon="12.0180370">
    <ele>2446.3</ele>
    <time>2026-10-02T13:09:17Z</time>
   </trkpt>
   <trkpt lat="46.5295620" lon="12.0180320">
    <ele>2446.4</ele>
    <time>2026-10-02T13:09:18Z</time>
   </trkpt>
   <trkpt lat="46.5295680" lon="12.0180190">
    <ele>2446.7</ele>
    <time>2026-10-02T13:09:19Z</time>
   </trkpt>
   <trkpt lat="46.5295720" lon="12.0180090">
    <ele>2447.0</ele>
    <time>2026-10-02T13:09:20Z</time>
   </trkpt>
   <trkpt lat="46.5295790" lon="12.0180000">
    <ele>2447.2</ele>
    <time>2026-10-02T13:09:21Z</time>
   </trkpt>
   <trkpt lat="46.5295840" lon="12.0179990">
    <ele>2447.4</ele>
    <time>2026-10-02T13:09:22Z</time>
   </trkpt>
   <trkpt lat="46.5295900" lon="12.0179910">
    <ele>2447.6</ele>
    <time>2026-10-02T13:09:23Z</time>
   </trkpt>
   <trkpt lat="46.5295910" lon="12.0179860">
    <ele>2447.7</ele>
    <time>2026-10-02T13:09:24Z</time>
   </trkpt>
   <trkpt lat="46.5295980" lon="12.0179680">
    <ele>2448.2</ele>
    <time>2026-10-02T13:09:25Z</time>
   </trkpt>
   <trkpt lat="46.5296020" lon="12.0179610">
    <ele>2448.4</ele>
    <time>2026-10-02T13:09:26Z</time>
   </trkpt>
   <trkpt lat="46.5296060" lon="12.0179560">
    <ele>2448.5</ele>
    <time>2026-10-02T13:09:27Z</time>
   </trkpt>
   <trkpt lat="46.5296070" lon="12.0179500">
    <ele>2448.6</ele>
    <time>2026-10-02T13:09:28Z</time>
   </trkpt>
   <trkpt lat="46.5296130" lon="12.0179460">
    <ele>2448.8</ele>
    <time>2026-10-02T13:09:29Z</time>
   </trkpt>
   <trkpt lat="46.5296150" lon="12.0179440">
    <ele>2448.9</ele>
    <time>2026-10-02T13:09:30Z</time>
   </trkpt>
   <trkpt lat="46.5296170" lon="12.0179460">
    <ele>2449.0</ele>
    <time>2026-10-02T13:09:31Z</time>
   </trkpt>
   <trkpt lat="46.5296230" lon="12.0179440">
    <ele>2449.2</ele>
    <time>2026-10-02T13:09:32Z</time>
   </trkpt>
   <trkpt lat="46.5296290" lon="12.0179390">
    <ele>2449.4</ele>
    <time>2026-10-02T13:09:33Z</time>
   </trkpt>
   <trkpt lat="46.5296290" lon="12.0179390">
    <ele>2449.4</ele>
    <time>2026-10-02T13:09:34Z</time>
   </trkpt>
   <trkpt lat="46.5296280" lon="12.0179380">
    <ele>2449.4</ele>
    <time>2026-10-02T13:09:35Z</time>
   </trkpt>
   <trkpt lat="46.5296300" lon="12.0179310">
    <ele>2449.6</ele>
    <time>2026-10-02T13:09:36Z</time>
   </trkpt>
   <trkpt lat="46.5296290" lon="12.0179220">
    <ele>2449.7</ele>
    <time>2026-10-02T13:09:37Z</time>
   </trkpt>
   <trkpt lat="46.5296310" lon="12.0179190">
    <ele>2449.8</ele>
    <time>2026-10-02T13:09:38Z</time>
   </trkpt>
   <trkpt lat="46.5296380" lon="12.0179140">
    <ele>2450.0</ele>
    <time>2026-10-02T13:09:39Z</time>
   </trkpt>
   <trkpt lat="46.5296380" lon="12.0179150">
    <ele>2450.1</ele>
    <time>2026-10-02T13:09:40Z</time>
   </trkpt>
   <trkpt lat="46.5296450" lon="12.0179070">
    <ele>2450.3</ele>
    <time>2026-10-02T13:09:41Z</time>
   </trkpt>
   <trkpt lat="46.5296440" lon="12.0179030">
    <ele>2450.4</ele>
    <time>2026-10-02T13:09:42Z</time>
   </trkpt>
   <trkpt lat="46.5296440" lon="12.0179050">
    <ele>2450.4</ele>
    <time>2026-10-02T13:09:43Z</time>
   </trkpt>
   <trkpt lat="46.5296460" lon="12.0178930">
    <ele>2450.7</ele>
    <time>2026-10-02T13:09:44Z</time>
   </trkpt>
   <trkpt lat="46.5296580" lon="12.0178950">
    <ele>2451.0</ele>
    <time>2026-10-02T13:09:45Z</time>
   </trkpt>
   <trkpt lat="46.5296660" lon="12.0178840">
    <ele>2451.3</ele>
    <time>2026-10-02T13:09:46Z</time>
   </trkpt>
   <trkpt lat="46.5296640" lon="12.0178700">
    <ele>2451.6</ele>
    <time>2026-10-02T13:09:47Z</time>
   </trkpt>
   <trkpt lat="46.5296670" lon="12.0178760">
    <ele>2451.8</ele>
    <time>2026-10-02T13:09:48Z</time>
   </trkpt>
   <trkpt lat="46.5296610" lon="12.0178680">
    <ele>2452.0</ele>
    <time>2026-10-02T13:09:49Z</time>
   </trkpt>
   <trkpt lat="46.5296420" lon="12.0178720">
    <ele>2452.5</ele>
    <time>2026-10-02T13:09:50Z</time>
   </trkpt>
   <trkpt lat="46.5296520" lon="12.0178560">
    <ele>2452.9</ele>
    <time>2026-10-02T13:09:51Z</time>
   </trkpt>
   <trkpt lat="46.5296720" lon="12.0178480">
    <ele>2453.4</ele>
    <time>2026-10-02T13:09:52Z</time>
   </trkpt>
   <trkpt lat="46.5296820" lon="12.0178430">
    <ele>2453.7</ele>
    <time>2026-10-02T13:09:53Z</time>
   </trkpt>
   <trkpt lat="46.5296910" lon="12.0178360">
    <ele>2453.9</ele>
    <time>2026-10-02T13:09:54Z</time>
   </trkpt>
   <trkpt lat="46.5296940" lon="12.0178270">
    <ele>2454.1</ele>
    <time>2026-10-02T13:09:55Z</time>
   </trkpt>
   <trkpt lat="46.5296920" lon="12.0178280">
    <ele>2454.1</ele>
    <time>2026-10-02T13:09:57Z</time>
   </trkpt>
   <trkpt lat="46.5296910" lon="12.0178190">
    <ele>2454.3</ele>
    <time>2026-10-02T13:09:58Z</time>
   </trkpt>
   <trkpt lat="46.5296960" lon="12.0178110">
    <ele>2454.5</ele>
    <time>2026-10-02T13:09:59Z</time>
   </trkpt>
   <trkpt lat="46.5296980" lon="12.0178030">
    <ele>2454.6</ele>
    <time>2026-10-02T13:10:00Z</time>
   </trkpt>
   <trkpt lat="46.5297020" lon="12.0178000">
    <ele>2454.7</ele>
    <time>2026-10-02T13:10:01Z</time>
   </trkpt>
   <trkpt lat="46.5296990" lon="12.0177940">
    <ele>2454.8</ele>
    <time>2026-10-02T13:10:02Z</time>
   </trkpt>
   <trkpt lat="46.5297000" lon="12.0177940">
    <ele>2454.8</ele>
    <time>2026-10-02T13:10:03Z</time>
   </trkpt>
   <trkpt lat="46.5297020" lon="12.0177860">
    <ele>2455.0</ele>
    <time>2026-10-02T13:10:04Z</time>
   </trkpt>
   <trkpt lat="46.5297010" lon="12.0177800">
    <ele>2455.0</ele>
    <time>2026-10-02T13:10:05Z</time>
   </trkpt>
   <trkpt lat="46.5297020" lon="12.0177910">
    <ele>2455.2</ele>
    <time>2026-10-02T13:10:06Z</time>
   </trkpt>
   <trkpt lat="46.5297020" lon="12.0177880">
    <ele>2455.2</ele>
    <time>2026-10-02T13:10:07Z</time>
   </trkpt>
   <trkpt lat="46.5296980" lon="12.0177840">
    <ele>2455.3</ele>
    <time>2026-10-02T13:10:08Z</time>
   </trkpt>
   <trkpt lat="46.5296970" lon="12.0177760">
    <ele>2455.5</ele>
    <time>2026-10-02T13:10:09Z</time>
   </trkpt>
   <trkpt lat="46.5296960" lon="12.0177810">
    <ele>2455.5</ele>
    <time>2026-10-02T13:10:10Z</time>
   </trkpt>
   <trkpt lat="46.5296960" lon="12.0177840">
    <ele>2455.6</ele>
    <time>2026-10-02T13:10:11Z</time>
   </trkpt>
   <trkpt lat="46.5296920" lon="12.0177870">
    <ele>2455.7</ele>
    <time>2026-10-02T13:10:12Z</time>
   </trkpt>
   <trkpt lat="46.5296940" lon="12.0177910">
    <ele>2455.7</ele>
    <time>2026-10-02T13:10:13Z</time>
   </trkpt>
   <trkpt lat="46.5297010" lon="12.0177850">
    <ele>2455.9</ele>
    <time>2026-10-02T13:10:14Z</time>
   </trkpt>
   <trkpt lat="46.5297000" lon="12.0177810">
    <ele>2456.0</ele>
    <time>2026-10-02T13:10:15Z</time>
   </trkpt>
   <trkpt lat="46.5297010" lon="12.0177790">
    <ele>2456.0</ele>
    <time>2026-10-02T13:10:16Z</time>
   </trkpt>
   <trkpt lat="46.5297010" lon="12.0177760">
    <ele>2456.0</ele>
    <time>2026-10-02T13:10:17Z</time>
   </trkpt>
   <trkpt lat="46.5297010" lon="12.0177720">
    <ele>2456.1</ele>
    <time>2026-10-02T13:10:18Z</time>
   </trkpt>
   <trkpt lat="46.5297010" lon="12.0177720">
    <ele>2456.1</ele>
    <time>2026-10-02T13:10:19Z</time>
   </trkpt>
   <trkpt lat="46.5297010" lon="12.0177720">
    <ele>2456.1</ele>
    <time>2026-10-02T13:10:20Z</time>
   </trkpt>
   <trkpt lat="46.5297040" lon="12.0177740">
    <ele>2456.2</ele>
    <time>2026-10-02T13:10:21Z</time>
   </trkpt>
   <trkpt lat="46.5297000" lon="12.0177700">
    <ele>2456.2</ele>
    <time>2026-10-02T13:10:22Z</time>
   </trkpt>
   <trkpt lat="46.5296990" lon="12.0177690">
    <ele>2456.3</ele>
    <time>2026-10-02T13:10:23Z</time>
   </trkpt>
   <trkpt lat="46.5296990" lon="12.0177730">
    <ele>2456.3</ele>
    <time>2026-10-02T13:10:24Z</time>
   </trkpt>
   <trkpt lat="46.5296980" lon="12.0177760">
    <ele>2456.4</ele>
    <time>2026-10-02T13:10:25Z</time>
   </trkpt>
   <trkpt lat="46.5296980" lon="12.0177760">
    <ele>2456.4</ele>
    <time>2026-10-02T13:10:26Z</time>
   </trkpt>
   <trkpt lat="46.5296980" lon="12.0177760">
    <ele>2456.4</ele>
    <time>2026-10-02T13:10:27Z</time>
   </trkpt>
   <trkpt lat="46.5297000" lon="12.0177760">
    <ele>2456.4</ele>
    <time>2026-10-02T13:10:28Z</time>
   </trkpt>
   <trkpt lat="46.5297000" lon="12.0177710">
    <ele>2456.5</ele>
    <time>2026-10-02T13:10:29Z</time>
   </trkpt>
   <trkpt lat="46.5297080" lon="12.0177540">
    <ele>2456.7</ele>
    <time>2026-10-02T13:10:30Z</time>
   </trkpt>
   <trkpt lat="46.5297090" lon="12.0177430">
    <ele>2456.9</ele>
    <time>2026-10-02T13:10:31Z</time>
   </trkpt>
   <trkpt lat="46.5297130" lon="12.0177340">
    <ele>2457.0</ele>
    <time>2026-10-02T13:10:32Z</time>
   </trkpt>
   <trkpt lat="46.5297140" lon="12.0177270">
    <ele>2457.1</ele>
    <time>2026-10-02T13:10:33Z</time>
   </trkpt>
   <trkpt lat="46.5297190" lon="12.0177250">
    <ele>2457.2</ele>
    <time>2026-10-02T13:10:34Z</time>
   </trkpt>
   <trkpt lat="46.5297200" lon="12.0177140">
    <ele>2457.3</ele>
    <time>2026-10-02T13:10:35Z</time>
   </trkpt>
   <trkpt lat="46.5297220" lon="12.0177040">
    <ele>2457.4</ele>
    <time>2026-10-02T13:10:36Z</time>
   </trkpt>
   <trkpt lat="46.5297170" lon="12.0176950">
    <ele>2457.6</ele>
    <time>2026-10-02T13:10:37Z</time>
   </trkpt>
   <trkpt lat="46.5297180" lon="12.0176880">
    <ele>2457.6</ele>
    <time>2026-10-02T13:10:38Z</time>
   </trkpt>
   <trkpt lat="46.5297230" lon="12.0176790">
    <ele>2457.8</ele>
    <time>2026-10-02T13:10:39Z</time>
   </trkpt>
   <trkpt lat="46.5297240" lon="12.0176630">
    <ele>2458.0</ele>
    <time>2026-10-02T13:10:40Z</time>
   </trkpt>
   <trkpt lat="46.5297220" lon="12.0176370">
    <ele>2458.3</ele>
    <time>2026-10-02T13:10:41Z</time>
   </trkpt>
   <trkpt lat="46.5297220" lon="12.0176310">
    <ele>2458.3</ele>
    <time>2026-10-02T13:10:42Z</time>
   </trkpt>
   <trkpt lat="46.5297200" lon="12.0176250">
    <ele>2458.4</ele>
    <time>2026-10-02T13:10:43Z</time>
   </trkpt>
   <trkpt lat="46.5297200" lon="12.0176220">
    <ele>2458.4</ele>
    <time>2026-10-02T13:10:44Z</time>
   </trkpt>
   <trkpt lat="46.5297210" lon="12.0176250">
    <ele>2458.5</ele>
    <time>2026-10-02T13:10:45Z</time>
   </trkpt>
   <trkpt lat="46.5297210" lon="12.0176260">
    <ele>2458.5</ele>
    <time>2026-10-02T13:10:46Z</time>
   </trkpt>
   <trkpt lat="46.5297210" lon="12.0176260">
    <ele>2458.5</ele>
    <time>2026-10-02T13:10:47Z</time>
   </trkpt>
   <trkpt lat="46.5297210" lon="12.0176260">
    <ele>2458.5</ele>
    <time>2026-10-02T13:10:48Z</time>
   </trkpt>
   <trkpt lat="46.5297210" lon="12.0176260">
    <ele>2458.5</ele>
    <time>2026-10-02T13:10:49Z</time>
   </trkpt>
   <trkpt lat="46.5297180" lon="12.0176330">
    <ele>2458.6</ele>
    <time>2026-10-02T13:10:50Z</time>
   </trkpt>
   <trkpt lat="46.5297150" lon="12.0176240">
    <ele>2458.7</ele>
    <time>2026-10-02T13:10:51Z</time>
   </trkpt>
   <trkpt lat="46.5297180" lon="12.0176200">
    <ele>2458.7</ele>
    <time>2026-10-02T13:10:52Z</time>
   </trkpt>
   <trkpt lat="46.5297190" lon="12.0176050">
    <ele>2458.9</ele>
    <time>2026-10-02T13:10:53Z</time>
   </trkpt>
   <trkpt lat="46.5297130" lon="12.0175890">
    <ele>2459.1</ele>
    <time>2026-10-02T13:10:54Z</time>
   </trkpt>
   <trkpt lat="46.5297100" lon="12.0175760">
    <ele>2459.2</ele>
    <time>2026-10-02T13:10:55Z</time>
   </trkpt>
   <trkpt lat="46.5297100" lon="12.0175740">
    <ele>2459.3</ele>
    <time>2026-10-02T13:10:56Z</time>
   </trkpt>
   <trkpt lat="46.5297130" lon="12.0175590">
    <ele>2459.4</ele>
    <time>2026-10-02T13:10:57Z</time>
   </trkpt>
   <trkpt lat="46.5297170" lon="12.0175450">
    <ele>2459.6</ele>
    <time>2026-10-02T13:10:58Z</time>
   </trkpt>
   <trkpt lat="46.5297190" lon="12.0175340">
    <ele>2459.7</ele>
    <time>2026-10-02T13:10:59Z</time>
   </trkpt>
   <trkpt lat="46.5297190" lon="12.0175220">
    <ele>2459.8</ele>
    <time>2026-10-02T13:11:00Z</time>
   </trkpt>
   <trkpt lat="46.5297230" lon="12.0175080">
    <ele>2460.0</ele>
    <time>2026-10-02T13:11:01Z</time>
   </trkpt>
   <trkpt lat="46.5297230" lon="12.0175080">
    <ele>2460.0</ele>
    <time>2026-10-02T13:11:02Z</time>
   </trkpt>
   <trkpt lat="46.5297220" lon="12.0175110">
    <ele>2460.0</ele>
    <time>2026-10-02T13:11:03Z</time>
   </trkpt>
   <trkpt lat="46.5297220" lon="12.0175120">
    <ele>2460.0</ele>
    <time>2026-10-02T13:11:04Z</time>
   </trkpt>
   <trkpt lat="46.5297220" lon="12.0175120">
    <ele>2460.0</ele>
    <time>2026-10-02T13:11:05Z</time>
   </trkpt>
   <trkpt lat="46.5297260" lon="12.0175160">
    <ele>2460.1</ele>
    <time>2026-10-02T13:11:06Z</time>
   </trkpt>
   <trkpt lat="46.5297230" lon="12.0175090">
    <ele>2460.2</ele>
    <time>2026-10-02T13:11:07Z</time>
   </trkpt>
   <trkpt lat="46.5297230" lon="12.0175120">
    <ele>2460.2</ele>
    <time>2026-10-02T13:11:08Z</time>
   </trkpt>
   <trkpt lat="46.5297200" lon="12.0175140">
    <ele>2460.3</ele>
    <time>2026-10-02T13:11:09Z</time>
   </trkpt>
   <trkpt lat="46.5297210" lon="12.0175170">
    <ele>2460.3</ele>
    <time>2026-10-02T13:11:10Z</time>
   </trkpt>
   <trkpt lat="46.5297210" lon="12.0175170">
    <ele>2460.3</ele>
    <time>2026-10-02T13:11:11Z</time>
   </trkpt>
   <trkpt lat="46.5297210" lon="12.0175170">
    <ele>2460.3</ele>
    <time>2026-10-02T13:11:12Z</time>
   </trkpt>
   <trkpt lat="46.5297210" lon="12.0175170">
    <ele>2460.3</ele>
    <time>2026-10-02T13:11:13Z</time>
   </trkpt>
   <trkpt lat="46.5297210" lon="12.0175170">
    <ele>2460.3</ele>
    <time>2026-10-02T13:11:14Z</time>
   </trkpt>
   <trkpt lat="46.5297210" lon="12.0175170">
    <ele>2460.3</ele>
    <time>2026-10-02T13:11:15Z</time>
   </trkpt>
   <trkpt lat="46.5297210" lon="12.0175170">
    <ele>2460.3</ele>
    <time>2026-10-02T13:11:16Z</time>
   </trkpt>
   <trkpt lat="46.5297210" lon="12.0175170">
    <ele>2460.3</ele>
    <time>2026-10-02T13:11:17Z</time>
   </trkpt>
   <trkpt lat="46.5297210" lon="12.0175170">
    <ele>2460.3</ele>
    <time>2026-10-02T13:11:18Z</time>
   </trkpt>
   <trkpt lat="46.5297210" lon="12.0175170">
    <ele>2460.3</ele>
    <time>2026-10-02T13:11:19Z</time>
   </trkpt>
   <trkpt lat="46.5297200" lon="12.0175190">
    <ele>2460.3</ele>
    <time>2026-10-02T13:11:20Z</time>
   </trkpt>
   <trkpt lat="46.5297230" lon="12.0175150">
    <ele>2460.4</ele>
    <time>2026-10-02T13:11:21Z</time>
   </trkpt>
   <trkpt lat="46.5297220" lon="12.0175070">
    <ele>2460.5</ele>
    <time>2026-10-02T13:11:22Z</time>
   </trkpt>
   <trkpt lat="46.5297200" lon="12.0175010">
    <ele>2460.6</ele>
    <time>2026-10-02T13:11:23Z</time>
   </trkpt>
   <trkpt lat="46.5297180" lon="12.0174800">
    <ele>2460.8</ele>
    <time>2026-10-02T13:11:24Z</time>
   </trkpt>
   <trkpt lat="46.5297180" lon="12.0174610">
    <ele>2461.0</ele>
    <time>2026-10-02T13:11:25Z</time>
   </trkpt>
   <trkpt lat="46.5297160" lon="12.0174500">
    <ele>2461.1</ele>
    <time>2026-10-02T13:11:26Z</time>
   </trkpt>
   <trkpt lat="46.5297210" lon="12.0174290">
    <ele>2461.3</ele>
    <time>2026-10-02T13:11:27Z</time>
   </trkpt>
   <trkpt lat="46.5297230" lon="12.0174230">
    <ele>2461.4</ele>
    <time>2026-10-02T13:11:28Z</time>
   </trkpt>
   <trkpt lat="46.5297160" lon="12.0173890">
    <ele>2461.7</ele>
    <time>2026-10-02T13:11:29Z</time>
   </trkpt>
   <trkpt lat="46.5297170" lon="12.0173700">
    <ele>2461.9</ele>
    <time>2026-10-02T13:11:30Z</time>
   </trkpt>
   <trkpt lat="46.5297150" lon="12.0173580">
    <ele>2462.0</ele>
    <time>2026-10-02T13:11:31Z</time>
   </trkpt>
   <trkpt lat="46.5297150" lon="12.0173380">
    <ele>2462.2</ele>
    <time>2026-10-02T13:11:32Z</time>
   </trkpt>
   <trkpt lat="46.5297170" lon="12.0173450">
    <ele>2462.3</ele>
    <time>2026-10-02T13:11:33Z</time>
   </trkpt>
   <trkpt lat="46.5297170" lon="12.0173310">
    <ele>2462.4</ele>
    <time>2026-10-02T13:11:34Z</time>
   </trkpt>
   <trkpt lat="46.5297180" lon="12.0173010">
    <ele>2462.7</ele>
    <time>2026-10-02T13:11:35Z</time>
   </trkpt>
   <trkpt lat="46.5297130" lon="12.0172910">
    <ele>2462.8</ele>
    <time>2026-10-02T13:11:36Z</time>
   </trkpt>
   <trkpt lat="46.5297050" lon="12.0172840">
    <ele>2462.9</ele>
    <time>2026-10-02T13:11:37Z</time>
   </trkpt>
   <trkpt lat="46.5297030" lon="12.0172640">
    <ele>2463.1</ele>
    <time>2026-10-02T13:11:38Z</time>
   </trkpt>
   <trkpt lat="46.5297020" lon="12.0172570">
    <ele>2463.2</ele>
    <time>2026-10-02T13:11:39Z</time>
   </trkpt>
   <trkpt lat="46.5296970" lon="12.0172460">
    <ele>2463.3</ele>
    <time>2026-10-02T13:11:40Z</time>
   </trkpt>
   <trkpt lat="46.5297010" lon="12.0172330">
    <ele>2463.4</ele>
    <time>2026-10-02T13:11:41Z</time>
   </trkpt>
   <trkpt lat="46.5297020" lon="12.0172240">
    <ele>2463.5</ele>
    <time>2026-10-02T13:11:42Z</time>
   </trkpt>
   <trkpt lat="46.5297030" lon="12.0172260">
    <ele>2463.5</ele>
    <time>2026-10-02T13:11:43Z</time>
   </trkpt>
   <trkpt lat="46.5297030" lon="12.0172190">
    <ele>2463.5</ele>
    <time>2026-10-02T13:11:44Z</time>
   </trkpt>
   <trkpt lat="46.5297020" lon="12.0172300">
    <ele>2463.6</ele>
    <time>2026-10-02T13:11:45Z</time>
   </trkpt>
   <trkpt lat="46.5297000" lon="12.0172360">
    <ele>2463.7</ele>
    <time>2026-10-02T13:11:46Z</time>
   </trkpt>
   <trkpt lat="46.5296970" lon="12.0172330">
    <ele>2463.7</ele>
    <time>2026-10-02T13:11:47Z</time>
   </trkpt>
   <trkpt lat="46.5296970" lon="12.0172340">
    <ele>2463.7</ele>
    <time>2026-10-02T13:11:48Z</time>
   </trkpt>
   <trkpt lat="46.5296950" lon="12.0172360">
    <ele>2463.8</ele>
    <time>2026-10-02T13:11:49Z</time>
   </trkpt>
   <trkpt lat="46.5296940" lon="12.0172330">
    <ele>2463.8</ele>
    <time>2026-10-02T13:11:50Z</time>
   </trkpt>
   <trkpt lat="46.5296930" lon="12.0172410">
    <ele>2463.9</ele>
    <time>2026-10-02T13:11:52Z</time>
   </trkpt>
   <trkpt lat="46.5296900" lon="12.0172400">
    <ele>2463.9</ele>
    <time>2026-10-02T13:11:53Z</time>
   </trkpt>
   <trkpt lat="46.5296880" lon="12.0172330">
    <ele>2464.0</ele>
    <time>2026-10-02T13:11:54Z</time>
   </trkpt>
   <trkpt lat="46.5296790" lon="12.0172310">
    <ele>2464.1</ele>
    <time>2026-10-02T13:11:55Z</time>
   </trkpt>
   <trkpt lat="46.5296760" lon="12.0172290">
    <ele>2464.1</ele>
    <time>2026-10-02T13:11:56Z</time>
   </trkpt>
   <trkpt lat="46.5296790" lon="12.0172200">
    <ele>2464.2</ele>
    <time>2026-10-02T13:11:57Z</time>
   </trkpt>
   <trkpt lat="46.5296770" lon="12.0172140">
    <ele>2464.2</ele>
    <time>2026-10-02T13:11:58Z</time>
   </trkpt>
   <trkpt lat="46.5296740" lon="12.0172190">
    <ele>2464.3</ele>
    <time>2026-10-02T13:11:59Z</time>
   </trkpt>
   <trkpt lat="46.5296680" lon="12.0172130">
    <ele>2464.3</ele>
    <time>2026-10-02T13:12:00Z</time>
   </trkpt>
   <trkpt lat="46.5296560" lon="12.0172110">
    <ele>2464.5</ele>
    <time>2026-10-02T13:12:01Z</time>
   </trkpt>
   <trkpt lat="46.5296550" lon="12.0171990">
    <ele>2464.6</ele>
    <time>2026-10-02T13:12:02Z</time>
   </trkpt>
   <trkpt lat="46.5296450" lon="12.0171910">
    <ele>2464.7</ele>
    <time>2026-10-02T13:12:03Z</time>
   </trkpt>
   <trkpt lat="46.5296370" lon="12.0171930">
    <ele>2464.8</ele>
    <time>2026-10-02T13:12:04Z</time>
   </trkpt>
   <trkpt lat="46.5296340" lon="12.0171890">
    <ele>2464.8</ele>
    <time>2026-10-02T13:12:05Z</time>
   </trkpt>
   <trkpt lat="46.5296290" lon="12.0171910">
    <ele>2464.9</ele>
    <time>2026-10-02T13:12:06Z</time>
   </trkpt>
   <trkpt lat="46.5296280" lon="12.0172000">
    <ele>2464.9</ele>
    <time>2026-10-02T13:12:07Z</time>
   </trkpt>
   <trkpt lat="46.5296310" lon="12.0172010">
    <ele>2464.9</ele>
    <time>2026-10-02T13:12:08Z</time>
   </trkpt>
   <trkpt lat="46.5296370" lon="12.0171920">
    <ele>2465.0</ele>
    <time>2026-10-02T13:12:09Z</time>
   </trkpt>
   <trkpt lat="46.5296390" lon="12.0171850">
    <ele>2465.1</ele>
    <time>2026-10-02T13:12:10Z</time>
   </trkpt>
   <trkpt lat="46.5296390" lon="12.0171690">
    <ele>2465.2</ele>
    <time>2026-10-02T13:12:11Z</time>
   </trkpt>
   <trkpt lat="46.5296400" lon="12.0171620">
    <ele>2465.2</ele>
    <time>2026-10-02T13:12:12Z</time>
   </trkpt>
   <trkpt lat="46.5296420" lon="12.0171470">
    <ele>2465.3</ele>
    <time>2026-10-02T13:12:13Z</time>
   </trkpt>
   <trkpt lat="46.5296450" lon="12.0171270">
    <ele>2465.5</ele>
    <time>2026-10-02T13:12:14Z</time>
   </trkpt>
   <trkpt lat="46.5296480" lon="12.0171190">
    <ele>2465.5</ele>
    <time>2026-10-02T13:12:15Z</time>
   </trkpt>
   <trkpt lat="46.5296570" lon="12.0171050">
    <ele>2465.6</ele>
    <time>2026-10-02T13:12:16Z</time>
   </trkpt>
   <trkpt lat="46.5296640" lon="12.0171000">
    <ele>2465.7</ele>
    <time>2026-10-02T13:12:17Z</time>
   </trkpt>
   <trkpt lat="46.5296550" lon="12.0170840">
    <ele>2465.8</ele>
    <time>2026-10-02T13:12:18Z</time>
   </trkpt>
   <trkpt lat="46.5296580" lon="12.0170730">
    <ele>2465.9</ele>
    <time>2026-10-02T13:12:19Z</time>
   </trkpt>
   <trkpt lat="46.5296590" lon="12.0170630">
    <ele>2466.0</ele>
    <time>2026-10-02T13:12:20Z</time>
   </trkpt>
   <trkpt lat="46.5296580" lon="12.0170700">
    <ele>2466.0</ele>
    <time>2026-10-02T13:12:21Z</time>
   </trkpt>
   <trkpt lat="46.5296620" lon="12.0170680">
    <ele>2466.1</ele>
    <time>2026-10-02T13:12:22Z</time>
   </trkpt>
   <trkpt lat="46.5296670" lon="12.0170560">
    <ele>2466.2</ele>
    <time>2026-10-02T13:12:23Z</time>
   </trkpt>
   <trkpt lat="46.5296650" lon="12.0170520">
    <ele>2466.2</ele>
    <time>2026-10-02T13:12:24Z</time>
   </trkpt>
   <trkpt lat="46.5296620" lon="12.0170620">
    <ele>2466.3</ele>
    <time>2026-10-02T13:12:25Z</time>
   </trkpt>
   <trkpt lat="46.5296660" lon="12.0170600">
    <ele>2466.3</ele>
    <time>2026-10-02T13:12:26Z</time>
   </trkpt>
   <trkpt lat="46.5296680" lon="12.0170470">
    <ele>2466.4</ele>
    <time>2026-10-02T13:12:27Z</time>
   </trkpt>
   <trkpt lat="46.5296660" lon="12.0170230">
    <ele>2466.5</ele>
    <time>2026-10-02T13:12:28Z</time>
   </trkpt>
   <trkpt lat="46.5296650" lon="12.0170070">
    <ele>2466.6</ele>
    <time>2026-10-02T13:12:29Z</time>
   </trkpt>
   <trkpt lat="46.5296620" lon="12.0170040">
    <ele>2466.7</ele>
    <time>2026-10-02T13:12:30Z</time>
   </trkpt>
   <trkpt lat="46.5296610" lon="12.0170000">
    <ele>2466.7</ele>
    <time>2026-10-02T13:12:31Z</time>
   </trkpt>
   <trkpt lat="46.5296600" lon="12.0170050">
    <ele>2466.7</ele>
    <time>2026-10-02T13:12:32Z</time>
   </trkpt>
   <trkpt lat="46.5296560" lon="12.0169970">
    <ele>2466.8</ele>
    <time>2026-10-02T13:12:33Z</time>
   </trkpt>
   <trkpt lat="46.5296500" lon="12.0169950">
    <ele>2466.9</ele>
    <time>2026-10-02T13:12:34Z</time>
   </trkpt>
   <trkpt lat="46.5296460" lon="12.0169810">
    <ele>2467.0</ele>
    <time>2026-10-02T13:12:35Z</time>
   </trkpt>
   <trkpt lat="46.5296460" lon="12.0169750">
    <ele>2467.0</ele>
    <time>2026-10-02T13:12:36Z</time>
   </trkpt>
   <trkpt lat="46.5296490" lon="12.0169640">
    <ele>2467.1</ele>
    <time>2026-10-02T13:12:37Z</time>
   </trkpt>
   <trkpt lat="46.5296480" lon="12.0169750">
    <ele>2467.2</ele>
    <time>2026-10-02T13:12:38Z</time>
   </trkpt>
   <trkpt lat="46.5296480" lon="12.0169720">
    <ele>2467.2</ele>
    <time>2026-10-02T13:12:39Z</time>
   </trkpt>
   <trkpt lat="46.5296480" lon="12.0169720">
    <ele>2467.2</ele>
    <time>2026-10-02T13:12:40Z</time>
   </trkpt>
   <trkpt lat="46.5296470" lon="12.0169770">
    <ele>2467.2</ele>
    <time>2026-10-02T13:12:41Z</time>
   </trkpt>
   <trkpt lat="46.5296490" lon="12.0169720">
    <ele>2467.3</ele>
    <time>2026-10-02T13:12:42Z</time>
   </trkpt>
   <trkpt lat="46.5296510" lon="12.0169650">
    <ele>2467.3</ele>
    <time>2026-10-02T13:12:43Z</time>
   </trkpt>
   <trkpt lat="46.5296420" lon="12.0169490">
    <ele>2467.5</ele>
    <time>2026-10-02T13:12:44Z</time>
   </trkpt>
   <trkpt lat="46.5296420" lon="12.0169420">
    <ele>2467.5</ele>
    <time>2026-10-02T13:12:45Z</time>
   </trkpt>
   <trkpt lat="46.5296380" lon="12.0169320">
    <ele>2467.6</ele>
    <time>2026-10-02T13:12:46Z</time>
   </trkpt>
   <trkpt lat="46.5296310" lon="12.0169360">
    <ele>2467.7</ele>
    <time>2026-10-02T13:12:47Z</time>
   </trkpt>
   <trkpt lat="46.5296260" lon="12.0169420">
    <ele>2467.7</ele>
    <time>2026-10-02T13:12:48Z</time>
   </trkpt>
   <trkpt lat="46.5296270" lon="12.0169480">
    <ele>2467.8</ele>
    <time>2026-10-02T13:12:49Z</time>
   </trkpt>
   <trkpt lat="46.5296240" lon="12.0169600">
    <ele>2467.9</ele>
    <time>2026-10-02T13:12:50Z</time>
   </trkpt>
   <trkpt lat="46.5296270" lon="12.0169540">
    <ele>2467.9</ele>
    <time>2026-10-02T13:12:51Z</time>
   </trkpt>
   <trkpt lat="46.5296270" lon="12.0169540">
    <ele>2467.9</ele>
    <time>2026-10-02T13:12:52Z</time>
   </trkpt>
   <trkpt lat="46.5296290" lon="12.0169450">
    <ele>2468.0</ele>
    <time>2026-10-02T13:12:53Z</time>
   </trkpt>
   <trkpt lat="46.5296280" lon="12.0169400">
    <ele>2468.0</ele>
    <time>2026-10-02T13:12:54Z</time>
   </trkpt>
   <trkpt lat="46.5296270" lon="12.0169330">
    <ele>2468.1</ele>
    <time>2026-10-02T13:12:55Z</time>
   </trkpt>
   <trkpt lat="46.5296300" lon="12.0169250">
    <ele>2468.1</ele>
    <time>2026-10-02T13:12:56Z</time>
   </trkpt>
   <trkpt lat="46.5296320" lon="12.0169270">
    <ele>2468.2</ele>
    <time>2026-10-02T13:12:57Z</time>
   </trkpt>
   <trkpt lat="46.5296310" lon="12.0169250">
    <ele>2468.2</ele>
    <time>2026-10-02T13:12:58Z</time>
   </trkpt>
   <trkpt lat="46.5296310" lon="12.0169270">
    <ele>2468.2</ele>
    <time>2026-10-02T13:12:59Z</time>
   </trkpt>
   <trkpt lat="46.5296320" lon="12.0169270">
    <ele>2468.2</ele>
    <time>2026-10-02T13:13:00Z</time>
   </trkpt>
   <trkpt lat="46.5296340" lon="12.0169270">
    <ele>2468.2</ele>
    <time>2026-10-02T13:13:01Z</time>
   </trkpt>
   <trkpt lat="46.5296350" lon="12.0169260">
    <ele>2468.2</ele>
    <time>2026-10-02T13:13:02Z</time>
   </trkpt>
   <trkpt lat="46.5296360" lon="12.0169220">
    <ele>2468.3</ele>
    <time>2026-10-02T13:13:03Z</time>
   </trkpt>
   <trkpt lat="46.5296360" lon="12.0169160">
    <ele>2468.3</ele>
    <time>2026-10-02T13:13:04Z</time>
   </trkpt>
   <trkpt lat="46.5296360" lon="12.0169150">
    <ele>2468.3</ele>
    <time>2026-10-02T13:13:05Z</time>
   </trkpt>
   <trkpt lat="46.5296390" lon="12.0169200">
    <ele>2468.4</ele>
    <time>2026-10-02T13:13:06Z</time>
   </trkpt>
   <trkpt lat="46.5296430" lon="12.0169150">
    <ele>2468.4</ele>
    <time>2026-10-02T13:13:07Z</time>
   </trkpt>
   <trkpt lat="46.5296450" lon="12.0169190">
    <ele>2468.5</ele>
    <time>2026-10-02T13:13:08Z</time>
   </trkpt>
   <trkpt lat="46.5296470" lon="12.0169220">
    <ele>2468.5</ele>
    <time>2026-10-02T13:13:09Z</time>
   </trkpt>
   <trkpt lat="46.5296440" lon="12.0169180">
    <ele>2468.5</ele>
    <time>2026-10-02T13:13:10Z</time>
   </trkpt>
   <trkpt lat="46.5296450" lon="12.0169210">
    <ele>2468.6</ele>
    <time>2026-10-02T13:13:11Z</time>
   </trkpt>
   <trkpt lat="46.5296440" lon="12.0169170">
    <ele>2468.6</ele>
    <time>2026-10-02T13:13:12Z</time>
   </trkpt>
   <trkpt lat="46.5296460" lon="12.0169100">
    <ele>2468.6</ele>
    <time>2026-10-02T13:13:13Z</time>
   </trkpt>
   <trkpt lat="46.5296480" lon="12.0169010">
    <ele>2468.7</ele>
    <time>2026-10-02T13:13:14Z</time>
   </trkpt>
   <trkpt lat="46.5296500" lon="12.0168870">
    <ele>2468.8</ele>
    <time>2026-10-02T13:13:15Z</time>
   </trkpt>
   <trkpt lat="46.5296520" lon="12.0168830">
    <ele>2468.9</ele>
    <time>2026-10-02T13:13:16Z</time>
   </trkpt>
   <trkpt lat="46.5296540" lon="12.0168650">
    <ele>2469.0</ele>
    <time>2026-10-02T13:13:17Z</time>
   </trkpt>
   <trkpt lat="46.5296460" lon="12.0168610">
    <ele>2469.1</ele>
    <time>2026-10-02T13:13:18Z</time>
   </trkpt>
   <trkpt lat="46.5296430" lon="12.0168510">
    <ele>2469.2</ele>
    <time>2026-10-02T13:13:19Z</time>
   </trkpt>
   <trkpt lat="46.5296360" lon="12.0168430">
    <ele>2469.3</ele>
    <time>2026-10-02T13:13:20Z</time>
   </trkpt>
   <trkpt lat="46.5296300" lon="12.0168350">
    <ele>2469.4</ele>
    <time>2026-10-02T13:13:21Z</time>
   </trkpt>
   <trkpt lat="46.5296230" lon="12.0168230">
    <ele>2469.5</ele>
    <time>2026-10-02T13:13:22Z</time>
   </trkpt>
   <trkpt lat="46.5296190" lon="12.0168150">
    <ele>2469.6</ele>
    <time>2026-10-02T13:13:23Z</time>
   </trkpt>
   <trkpt lat="46.5296050" lon="12.0168130">
    <ele>2469.7</ele>
    <time>2026-10-02T13:13:24Z</time>
   </trkpt>
   <trkpt lat="46.5296060" lon="12.0168030">
    <ele>2469.8</ele>
    <time>2026-10-02T13:13:25Z</time>
   </trkpt>
   <trkpt lat="46.5295990" lon="12.0167930">
    <ele>2469.9</ele>
    <time>2026-10-02T13:13:26Z</time>
   </trkpt>
   <trkpt lat="46.5296010" lon="12.0167820">
    <ele>2470.0</ele>
    <time>2026-10-02T13:13:27Z</time>
   </trkpt>
   <trkpt lat="46.5296060" lon="12.0167790">
    <ele>2470.0</ele>
    <time>2026-10-02T13:13:28Z</time>
   </trkpt>
   <trkpt lat="46.5296070" lon="12.0167700">
    <ele>2470.1</ele>
    <time>2026-10-02T13:13:29Z</time>
   </trkpt>
   <trkpt lat="46.5296090" lon="12.0167690">
    <ele>2470.1</ele>
    <time>2026-10-02T13:13:30Z</time>
   </trkpt>
   <trkpt lat="46.5296040" lon="12.0167610">
    <ele>2470.2</ele>
    <time>2026-10-02T13:13:31Z</time>
   </trkpt>
   <trkpt lat="46.5296010" lon="12.0167530">
    <ele>2470.3</ele>
    <time>2026-10-02T13:13:32Z</time>
   </trkpt>
   <trkpt lat="46.5295960" lon="12.0167450">
    <ele>2470.4</ele>
    <time>2026-10-02T13:13:33Z</time>
   </trkpt>
   <trkpt lat="46.5295990" lon="12.0167410">
    <ele>2470.4</ele>
    <time>2026-10-02T13:13:34Z</time>
   </trkpt>
   <trkpt lat="46.5296020" lon="12.0167480">
    <ele>2470.5</ele>
    <time>2026-10-02T13:13:35Z</time>
   </trkpt>
   <trkpt lat="46.5296020" lon="12.0167500">
    <ele>2470.5</ele>
    <time>2026-10-02T13:13:36Z</time>
   </trkpt>
   <trkpt lat="46.5296050" lon="12.0167530">
    <ele>2470.5</ele>
    <time>2026-10-02T13:13:37Z</time>
   </trkpt>
   <trkpt lat="46.5296060" lon="12.0167500">
    <ele>2470.6</ele>
    <time>2026-10-02T13:13:38Z</time>
   </trkpt>
   <trkpt lat="46.5296060" lon="12.0167470">
    <ele>2470.6</ele>
    <time>2026-10-02T13:13:39Z</time>
   </trkpt>
   <trkpt lat="46.5296060" lon="12.0167480">
    <ele>2470.6</ele>
    <time>2026-10-02T13:13:40Z</time>
   </trkpt>
   <trkpt lat="46.5296090" lon="12.0167490">
    <ele>2470.6</ele>
    <time>2026-10-02T13:13:41Z</time>
   </trkpt>
   <trkpt lat="46.5296110" lon="12.0167530">
    <ele>2470.7</ele>
    <time>2026-10-02T13:13:42Z</time>
   </trkpt>
   <trkpt lat="46.5296130" lon="12.0167530">
    <ele>2470.7</ele>
    <time>2026-10-02T13:13:43Z</time>
   </trkpt>
   <trkpt lat="46.5296010" lon="12.0167380">
    <ele>2470.9</ele>
    <time>2026-10-02T13:13:44Z</time>
   </trkpt>
   <trkpt lat="46.5295970" lon="12.0167350">
    <ele>2470.9</ele>
    <time>2026-10-02T13:13:45Z</time>
   </trkpt>
   <trkpt lat="46.5295930" lon="12.0167270">
    <ele>2471.0</ele>
    <time>2026-10-02T13:13:46Z</time>
   </trkpt>
   <trkpt lat="46.5295920" lon="12.0167150">
    <ele>2471.1</ele>
    <time>2026-10-02T13:13:47Z</time>
   </trkpt>
   <trkpt lat="46.5295910" lon="12.0167050">
    <ele>2471.2</ele>
    <time>2026-10-02T13:13:48Z</time>
   </trkpt>
   <trkpt lat="46.5295900" lon="12.0166900">
    <ele>2471.3</ele>
    <time>2026-10-02T13:13:49Z</time>
   </trkpt>
   <trkpt lat="46.5295910" lon="12.0166810">
    <ele>2471.4</ele>
    <time>2026-10-02T13:13:50Z</time>
   </trkpt>
   <trkpt lat="46.5295870" lon="12.0166670">
    <ele>2471.5</ele>
    <time>2026-10-02T13:13:51Z</time>
   </trkpt>
   <trkpt lat="46.5295820" lon="12.0166520">
    <ele>2471.6</ele>
    <time>2026-10-02T13:13:52Z</time>
   </trkpt>
   <trkpt lat="46.5295760" lon="12.0166410">
    <ele>2471.8</ele>
    <time>2026-10-02T13:13:53Z</time>
   </trkpt>
   <trkpt lat="46.5295750" lon="12.0166310">
    <ele>2471.8</ele>
    <time>2026-10-02T13:13:54Z</time>
   </trkpt>
   <trkpt lat="46.5295750" lon="12.0166250">
    <ele>2471.9</ele>
    <time>2026-10-02T13:13:56Z</time>
   </trkpt>
   <trkpt lat="46.5295750" lon="12.0166020">
    <ele>2472.1</ele>
    <time>2026-10-02T13:13:57Z</time>
   </trkpt>
   <trkpt lat="46.5295710" lon="12.0165770">
    <ele>2472.4</ele>
    <time>2026-10-02T13:13:58Z</time>
   </trkpt>
   <trkpt lat="46.5295680" lon="12.0165690">
    <ele>2472.4</ele>
    <time>2026-10-02T13:13:59Z</time>
   </trkpt>
   <trkpt lat="46.5295650" lon="12.0165520">
    <ele>2472.6</ele>
    <time>2026-10-02T13:14:00Z</time>
   </trkpt>
   <trkpt lat="46.5295640" lon="12.0165440">
    <ele>2472.7</ele>
    <time>2026-10-02T13:14:01Z</time>
   </trkpt>
   <trkpt lat="46.5295610" lon="12.0165320">
    <ele>2472.8</ele>
    <time>2026-10-02T13:14:02Z</time>
   </trkpt>
   <trkpt lat="46.5295560" lon="12.0165220">
    <ele>2473.0</ele>
    <time>2026-10-02T13:14:03Z</time>
   </trkpt>
   <trkpt lat="46.5295520" lon="12.0165080">
    <ele>2473.1</ele>
    <time>2026-10-02T13:14:04Z</time>
   </trkpt>
   <trkpt lat="46.5295480" lon="12.0164980">
    <ele>2473.2</ele>
    <time>2026-10-02T13:14:05Z</time>
   </trkpt>
   <trkpt lat="46.5295460" lon="12.0164920">
    <ele>2473.3</ele>
    <time>2026-10-02T13:14:06Z</time>
   </trkpt>
   <trkpt lat="46.5295460" lon="12.0164810">
    <ele>2473.4</ele>
    <time>2026-10-02T13:14:07Z</time>
   </trkpt>
   <trkpt lat="46.5295470" lon="12.0164680">
    <ele>2473.6</ele>
    <time>2026-10-02T13:14:08Z</time>
   </trkpt>
   <trkpt lat="46.5295450" lon="12.0164550">
    <ele>2473.7</ele>
    <time>2026-10-02T13:14:09Z</time>
   </trkpt>
   <trkpt lat="46.5295400" lon="12.0164420">
    <ele>2473.9</ele>
    <time>2026-10-02T13:14:10Z</time>
   </trkpt>
   <trkpt lat="46.5295370" lon="12.0164290">
    <ele>2474.1</ele>
    <time>2026-10-02T13:14:11Z</time>
   </trkpt>
   <trkpt lat="46.5295400" lon="12.0164190">
    <ele>2474.2</ele>
    <time>2026-10-02T13:14:12Z</time>
   </trkpt>
   <trkpt lat="46.5295420" lon="12.0164040">
    <ele>2474.4</ele>
    <time>2026-10-02T13:14:13Z</time>
   </trkpt>
   <trkpt lat="46.5295350" lon="12.0163940">
    <ele>2474.6</ele>
    <time>2026-10-02T13:14:14Z</time>
   </trkpt>
   <trkpt lat="46.5295250" lon="12.0163840">
    <ele>2474.8</ele>
    <time>2026-10-02T13:14:15Z</time>
   </trkpt>
   <trkpt lat="46.5295240" lon="12.0163720">
    <ele>2475.0</ele>
    <time>2026-10-02T13:14:16Z</time>
   </trkpt>
   <trkpt lat="46.5295240" lon="12.0163560">
    <ele>2475.2</ele>
    <time>2026-10-02T13:14:17Z</time>
   </trkpt>
   <trkpt lat="46.5295200" lon="12.0163450">
    <ele>2475.4</ele>
    <time>2026-10-02T13:14:18Z</time>
   </trkpt>
   <trkpt lat="46.5295170" lon="12.0163260">
    <ele>2475.7</ele>
    <time>2026-10-02T13:14:19Z</time>
   </trkpt>
   <trkpt lat="46.5295100" lon="12.0163070">
    <ele>2476.0</ele>
    <time>2026-10-02T13:14:20Z</time>
   </trkpt>
   <trkpt lat="46.5295070" lon="12.0163020">
    <ele>2476.1</ele>
    <time>2026-10-02T13:14:21Z</time>
   </trkpt>
   <trkpt lat="46.5295020" lon="12.0162960">
    <ele>2476.2</ele>
    <time>2026-10-02T13:14:22Z</time>
   </trkpt>
   <trkpt lat="46.5294950" lon="12.0162790">
    <ele>2476.5</ele>
    <time>2026-10-02T13:14:23Z</time>
   </trkpt>
   <trkpt lat="46.5294870" lon="12.0162770">
    <ele>2476.7</ele>
    <time>2026-10-02T13:14:24Z</time>
   </trkpt>
   <trkpt lat="46.5294840" lon="12.0162700">
    <ele>2476.9</ele>
    <time>2026-10-02T13:14:25Z</time>
   </trkpt>
   <trkpt lat="46.5294800" lon="12.0162680">
    <ele>2477.0</ele>
    <time>2026-10-02T13:14:26Z</time>
   </trkpt>
   <trkpt lat="46.5294800" lon="12.0162420">
    <ele>2477.4</ele>
    <time>2026-10-02T13:14:27Z</time>
   </trkpt>
   <trkpt lat="46.5294780" lon="12.0162360">
    <ele>2477.5</ele>
    <time>2026-10-02T13:14:28Z</time>
   </trkpt>
   <trkpt lat="46.5294730" lon="12.0162290">
    <ele>2477.5</ele>
    <time>2026-10-02T13:14:29Z</time>
   </trkpt>
   <trkpt lat="46.5294710" lon="12.0162360">
    <ele>2477.5</ele>
    <time>2026-10-02T13:14:30Z</time>
   </trkpt>
   <trkpt lat="46.5294650" lon="12.0162340">
    <ele>2477.5</ele>
    <time>2026-10-02T13:14:31Z</time>
   </trkpt>
   <trkpt lat="46.5294570" lon="12.0162210">
    <ele>2475.9</ele>
    <time>2026-10-02T13:14:32Z</time>
   </trkpt>
   <trkpt lat="46.5294530" lon="12.0162170">
    <ele>2475.9</ele>
    <time>2026-10-02T13:14:33Z</time>
   </trkpt>
   <trkpt lat="46.5294500" lon="12.0162070">
    <ele>2476.9</ele>
    <time>2026-10-02T13:14:34Z</time>
   </trkpt>
   <trkpt lat="46.5294450" lon="12.0161980">
    <ele>2476.9</ele>
    <time>2026-10-02T13:14:35Z</time>
   </trkpt>
   <trkpt lat="46.5294400" lon="12.0161910">
    <ele>2476.9</ele>
    <time>2026-10-02T13:14:36Z</time>
   </trkpt>
   <trkpt lat="46.5294370" lon="12.0161780">
    <ele>2476.8</ele>
    <time>2026-10-02T13:14:37Z</time>
   </trkpt>
   <trkpt lat="46.5294350" lon="12.0161690">
    <ele>2476.8</ele>
    <time>2026-10-02T13:14:38Z</time>
   </trkpt>
   <trkpt lat="46.5294250" lon="12.0161660">
    <ele>2476.3</ele>
    <time>2026-10-02T13:14:39Z</time>
   </trkpt>
   <trkpt lat="46.5294190" lon="12.0161450">
    <ele>2476.3</ele>
    <time>2026-10-02T13:14:40Z</time>
   </trkpt>
   <trkpt lat="46.5294150" lon="12.0161300">
    <ele>2476.3</ele>
    <time>2026-10-02T13:14:41Z</time>
   </trkpt>
   <trkpt lat="46.5294100" lon="12.0161220">
    <ele>2477.3</ele>
    <time>2026-10-02T13:14:42Z</time>
   </trkpt>
   <trkpt lat="46.5294080" lon="12.0161220">
    <ele>2477.3</ele>
    <time>2026-10-02T13:14:43Z</time>
   </trkpt>
   <trkpt lat="46.5294030" lon="12.0161110">
    <ele>2477.3</ele>
    <time>2026-10-02T13:14:44Z</time>
   </trkpt>
   <trkpt lat="46.5293950" lon="12.0161110">
    <ele>2475.9</ele>
    <time>2026-10-02T13:14:45Z</time>
   </trkpt>
   <trkpt lat="46.5293960" lon="12.0161110">
    <ele>2475.9</ele>
    <time>2026-10-02T13:14:46Z</time>
   </trkpt>
   <trkpt lat="46.5293900" lon="12.0160970">
    <ele>2475.9</ele>
    <time>2026-10-02T13:14:47Z</time>
   </trkpt>
   <trkpt lat="46.5293890" lon="12.0160900">
    <ele>2475.9</ele>
    <time>2026-10-02T13:14:48Z</time>
   </trkpt>
   <trkpt lat="46.5293880" lon="12.0160790">
    <ele>2476.8</ele>
    <time>2026-10-02T13:14:49Z</time>
   </trkpt>
   <trkpt lat="46.5293800" lon="12.0160740">
    <ele>2476.8</ele>
    <time>2026-10-02T13:14:50Z</time>
   </trkpt>
   <trkpt lat="46.5293770" lon="12.0160680">
    <ele>2476.8</ele>
    <time>2026-10-02T13:14:51Z</time>
   </trkpt>
   <trkpt lat="46.5293710" lon="12.0160510">
    <ele>2475.6</ele>
    <time>2026-10-02T13:14:52Z</time>
   </trkpt>
   <trkpt lat="46.5293670" lon="12.0160480">
    <ele>2475.6</ele>
    <time>2026-10-02T13:14:53Z</time>
   </trkpt>
   <trkpt lat="46.5293610" lon="12.0160440">
    <ele>2475.6</ele>
    <time>2026-10-02T13:14:54Z</time>
   </trkpt>
   <trkpt lat="46.5293570" lon="12.0160360">
    <ele>2476.5</ele>
    <time>2026-10-02T13:14:55Z</time>
   </trkpt>
   <trkpt lat="46.5293530" lon="12.0160310">
    <ele>2476.5</ele>
    <time>2026-10-02T13:14:56Z</time>
   </trkpt>
   <trkpt lat="46.5293480" lon="12.0160210">
    <ele>2476.5</ele>
    <time>2026-10-02T13:14:57Z</time>
   </trkpt>
   <trkpt lat="46.5293450" lon="12.0160040">
    <ele>2476.5</ele>
    <time>2026-10-02T13:14:58Z</time>
   </trkpt>
   <trkpt lat="46.5293440" lon="12.0159990">
    <ele>2476.5</ele>
    <time>2026-10-02T13:14:59Z</time>
   </trkpt>
   <trkpt lat="46.5293450" lon="12.0159820">
    <ele>2477.4</ele>
    <time>2026-10-02T13:15:00Z</time>
   </trkpt>
   <trkpt lat="46.5293450" lon="12.0159800">
    <ele>2477.4</ele>
    <time>2026-10-02T13:15:01Z</time>
   </trkpt>
   <trkpt lat="46.5293430" lon="12.0159860">
    <ele>2476.4</ele>
    <time>2026-10-02T13:15:02Z</time>
   </trkpt>
   <trkpt lat="46.5293430" lon="12.0159750">
    <ele>2476.3</ele>
    <time>2026-10-02T13:15:03Z</time>
   </trkpt>
   <trkpt lat="46.5293310" lon="12.0159440">
    <ele>2477.3</ele>
    <time>2026-10-02T13:15:04Z</time>
   </trkpt>
   <trkpt lat="46.5293250" lon="12.0159360">
    <ele>2477.3</ele>
    <time>2026-10-02T13:15:05Z</time>
   </trkpt>
   <trkpt lat="46.5293230" lon="12.0159320">
    <ele>2477.3</ele>
    <time>2026-10-02T13:15:06Z</time>
   </trkpt>
   <trkpt lat="46.5293160" lon="12.0159290">
    <ele>2477.3</ele>
    <time>2026-10-02T13:15:07Z</time>
   </trkpt>
   <trkpt lat="46.5293170" lon="12.0159140">
    <ele>2477.2</ele>
    <time>2026-10-02T13:15:08Z</time>
   </trkpt>
   <trkpt lat="46.5293130" lon="12.0159170">
    <ele>2476.3</ele>
    <time>2026-10-02T13:15:09Z</time>
   </trkpt>
   <trkpt lat="46.5293120" lon="12.0159080">
    <ele>2477.3</ele>
    <time>2026-10-02T13:15:10Z</time>
   </trkpt>
   <trkpt lat="46.5293110" lon="12.0159070">
    <ele>2477.3</ele>
    <time>2026-10-02T13:15:11Z</time>
   </trkpt>
   <trkpt lat="46.5293030" lon="12.0159000">
    <ele>2477.3</ele>
    <time>2026-10-02T13:15:12Z</time>
   </trkpt>
   <trkpt lat="46.5292990" lon="12.0158930">
    <ele>2477.3</ele>
    <time>2026-10-02T13:15:13Z</time>
   </trkpt>
   <trkpt lat="46.5292920" lon="12.0158820">
    <ele>2477.3</ele>
    <time>2026-10-02T13:15:14Z</time>
   </trkpt>
   <trkpt lat="46.5292820" lon="12.0158770">
    <ele>2476.4</ele>
    <time>2026-10-02T13:15:15Z</time>
   </trkpt>
   <trkpt lat="46.5292720" lon="12.0158700">
    <ele>2476.4</ele>
    <time>2026-10-02T13:15:16Z</time>
   </trkpt>
   <trkpt lat="46.5292660" lon="12.0158710">
    <ele>2476.4</ele>
    <time>2026-10-02T13:15:17Z</time>
   </trkpt>
   <trkpt lat="46.5292640" lon="12.0158630">
    <ele>2477.5</ele>
    <time>2026-10-02T13:15:18Z</time>
   </trkpt>
   <trkpt lat="46.5292550" lon="12.0158480">
    <ele>2477.5</ele>
    <time>2026-10-02T13:15:19Z</time>
   </trkpt>
   <trkpt lat="46.5292480" lon="12.0158380">
    <ele>2476.7</ele>
    <time>2026-10-02T13:15:20Z</time>
   </trkpt>
   <trkpt lat="46.5292510" lon="12.0158290">
    <ele>2476.6</ele>
    <time>2026-10-02T13:15:21Z</time>
   </trkpt>
   <trkpt lat="46.5292470" lon="12.0158270">
    <ele>2476.6</ele>
    <time>2026-10-02T13:15:22Z</time>
   </trkpt>
   <trkpt lat="46.5292420" lon="12.0158260">
    <ele>2476.6</ele>
    <time>2026-10-02T13:15:23Z</time>
   </trkpt>
   <trkpt lat="46.5292380" lon="12.0158150">
    <ele>2477.8</ele>
    <time>2026-10-02T13:15:24Z</time>
   </trkpt>
   <trkpt lat="46.5292280" lon="12.0158110">
    <ele>2477.8</ele>
    <time>2026-10-02T13:15:25Z</time>
   </trkpt>
   <trkpt lat="46.5292260" lon="12.0158140">
    <ele>2477.8</ele>
    <time>2026-10-02T13:15:26Z</time>
   </trkpt>
   <trkpt lat="46.5292180" lon="12.0158040">
    <ele>2477.0</ele>
    <time>2026-10-02T13:15:27Z</time>
   </trkpt>
   <trkpt lat="46.5292120" lon="12.0158010">
    <ele>2477.0</ele>
    <time>2026-10-02T13:15:28Z</time>
   </trkpt>
   <trkpt lat="46.5292060" lon="12.0158020">
    <ele>2477.0</ele>
    <time>2026-10-02T13:15:29Z</time>
   </trkpt>
   <trkpt lat="46.5292040" lon="12.0158040">
    <ele>2477.0</ele>
    <time>2026-10-02T13:15:30Z</time>
   </trkpt>
   <trkpt lat="46.5292080" lon="12.0158090">
    <ele>2477.0</ele>
    <time>2026-10-02T13:15:31Z</time>
   </trkpt>
   <trkpt lat="46.5292120" lon="12.0158120">
    <ele>2477.0</ele>
    <time>2026-10-02T13:15:32Z</time>
   </trkpt>
   <trkpt lat="46.5292130" lon="12.0158130">
    <ele>2477.0</ele>
    <time>2026-10-02T13:15:33Z</time>
   </trkpt>
   <trkpt lat="46.5292130" lon="12.0158130">
    <ele>2477.0</ele>
    <time>2026-10-02T13:15:34Z</time>
   </trkpt>
   <trkpt lat="46.5292170" lon="12.0158070">
    <ele>2477.0</ele>
    <time>2026-10-02T13:15:35Z</time>
   </trkpt>
   <trkpt lat="46.5292180" lon="12.0158060">
    <ele>2477.0</ele>
    <time>2026-10-02T13:15:36Z</time>
   </trkpt>
   <trkpt lat="46.5292090" lon="12.0157960">
    <ele>2477.0</ele>
    <time>2026-10-02T13:15:37Z</time>
   </trkpt>
   <trkpt lat="46.5292010" lon="12.0157880">
    <ele>2476.9</ele>
    <time>2026-10-02T13:15:38Z</time>
   </trkpt>
   <trkpt lat="46.5291910" lon="12.0157820">
    <ele>2476.3</ele>
    <time>2026-10-02T13:15:39Z</time>
   </trkpt>
   <trkpt lat="46.5291840" lon="12.0157770">
    <ele>2477.5</ele>
    <time>2026-10-02T13:15:40Z</time>
   </trkpt>
   <trkpt lat="46.5291820" lon="12.0157710">
    <ele>2477.5</ele>
    <time>2026-10-02T13:15:41Z</time>
   </trkpt>
   <trkpt lat="46.5291740" lon="12.0157650">
    <ele>2477.5</ele>
    <time>2026-10-02T13:15:42Z</time>
   </trkpt>
   <trkpt lat="46.5291640" lon="12.0157570">
    <ele>2477.0</ele>
    <time>2026-10-02T13:15:43Z</time>
   </trkpt>
   <trkpt lat="46.5291580" lon="12.0157500">
    <ele>2477.0</ele>
    <time>2026-10-02T13:15:44Z</time>
   </trkpt>
   <trkpt lat="46.5291540" lon="12.0157430">
    <ele>2476.9</ele>
    <time>2026-10-02T13:15:45Z</time>
   </trkpt>
   <trkpt lat="46.5291460" lon="12.0157400">
    <ele>2476.9</ele>
    <time>2026-10-02T13:15:46Z</time>
   </trkpt>
   <trkpt lat="46.5291410" lon="12.0157340">
    <ele>2478.3</ele>
    <time>2026-10-02T13:15:47Z</time>
   </trkpt>
   <trkpt lat="46.5291330" lon="12.0157260">
    <ele>2477.8</ele>
    <time>2026-10-02T13:15:48Z</time>
   </trkpt>
   <trkpt lat="46.5291300" lon="12.0157290">
    <ele>2477.8</ele>
    <time>2026-10-02T13:15:49Z</time>
   </trkpt>
   <trkpt lat="46.5291330" lon="12.0157330">
    <ele>2477.8</ele>
    <time>2026-10-02T13:15:50Z</time>
   </trkpt>
   <trkpt lat="46.5291320" lon="12.0157360">
    <ele>2477.8</ele>
    <time>2026-10-02T13:15:51Z</time>
   </trkpt>
   <trkpt lat="46.5291310" lon="12.0157350">
    <ele>2477.8</ele>
    <time>2026-10-02T13:15:52Z</time>
   </trkpt>
   <trkpt lat="46.5291280" lon="12.0157270">
    <ele>2477.8</ele>
    <time>2026-10-02T13:15:53Z</time>
   </trkpt>
   <trkpt lat="46.5291260" lon="12.0157220">
    <ele>2477.8</ele>
    <time>2026-10-02T13:15:54Z</time>
   </trkpt>
   <trkpt lat="46.5291260" lon="12.0157190">
    <ele>2477.8</ele>
    <time>2026-10-02T13:15:55Z</time>
   </trkpt>
   <trkpt lat="46.5291270" lon="12.0157170">
    <ele>2477.7</ele>
    <time>2026-10-02T13:15:56Z</time>
   </trkpt>
   <trkpt lat="46.5291270" lon="12.0157170">
    <ele>2477.7</ele>
    <time>2026-10-02T13:15:57Z</time>
   </trkpt>
   <trkpt lat="46.5291270" lon="12.0157170">
    <ele>2477.7</ele>
    <time>2026-10-02T13:15:58Z</time>
   </trkpt>
   <trkpt lat="46.5291270" lon="12.0157170">
    <ele>2477.7</ele>
    <time>2026-10-02T13:15:59Z</time>
   </trkpt>
   <trkpt lat="46.5291270" lon="12.0157170">
    <ele>2477.7</ele>
    <time>2026-10-02T13:16:00Z</time>
   </trkpt>
   <trkpt lat="46.5291270" lon="12.0157160">
    <ele>2477.7</ele>
    <time>2026-10-02T13:16:01Z</time>
   </trkpt>
   <trkpt lat="46.5291260" lon="12.0157140">
    <ele>2477.7</ele>
    <time>2026-10-02T13:16:02Z</time>
   </trkpt>
   <trkpt lat="46.5291260" lon="12.0157120">
    <ele>2477.7</ele>
    <time>2026-10-02T13:16:03Z</time>
   </trkpt>
   <trkpt lat="46.5291290" lon="12.0157100">
    <ele>2477.7</ele>
    <time>2026-10-02T13:16:04Z</time>
   </trkpt>
   <trkpt lat="46.5291300" lon="12.0157100">
    <ele>2477.7</ele>
    <time>2026-10-02T13:16:05Z</time>
   </trkpt>
   <trkpt lat="46.5291340" lon="12.0157080">
    <ele>2477.7</ele>
    <time>2026-10-02T13:16:06Z</time>
   </trkpt>
   <trkpt lat="46.5291320" lon="12.0157070">
    <ele>2477.6</ele>
    <time>2026-10-02T13:16:07Z</time>
   </trkpt>
   <trkpt lat="46.5291310" lon="12.0157070">
    <ele>2477.6</ele>
    <time>2026-10-02T13:16:08Z</time>
   </trkpt>
   <trkpt lat="46.5291310" lon="12.0157070">
    <ele>2477.6</ele>
    <time>2026-10-02T13:16:09Z</time>
   </trkpt>
   <trkpt lat="46.5291330" lon="12.0157030">
    <ele>2477.6</ele>
    <time>2026-10-02T13:16:10Z</time>
   </trkpt>
   <trkpt lat="46.5291340" lon="12.0157040">
    <ele>2477.6</ele>
    <time>2026-10-02T13:16:11Z</time>
   </trkpt>
   <trkpt lat="46.5291350" lon="12.0157030">
    <ele>2477.6</ele>
    <time>2026-10-02T13:16:12Z</time>
   </trkpt>
   <trkpt lat="46.5291350" lon="12.0157040">
    <ele>2477.6</ele>
    <time>2026-10-02T13:16:13Z</time>
   </trkpt>
   <trkpt lat="46.5291310" lon="12.0157010">
    <ele>2477.6</ele>
    <time>2026-10-02T13:16:14Z</time>
   </trkpt>
   <trkpt lat="46.5291240" lon="12.0156990">
    <ele>2477.6</ele>
    <time>2026-10-02T13:16:15Z</time>
   </trkpt>
   <trkpt lat="46.5291140" lon="12.0156920">
    <ele>2478.9</ele>
    <time>2026-10-02T13:16:16Z</time>
   </trkpt>
   <trkpt lat="46.5291130" lon="12.0156850">
    <ele>2478.9</ele>
    <time>2026-10-02T13:16:17Z</time>
   </trkpt>
   <trkpt lat="46.5291120" lon="12.0156890">
    <ele>2478.9</ele>
    <time>2026-10-02T13:16:18Z</time>
   </trkpt>
   <trkpt lat="46.5291150" lon="12.0156920">
    <ele>2478.9</ele>
    <time>2026-10-02T13:16:19Z</time>
   </trkpt>
   <trkpt lat="46.5291140" lon="12.0156850">
    <ele>2478.9</ele>
    <time>2026-10-02T13:16:20Z</time>
   </trkpt>
   <trkpt lat="46.5291150" lon="12.0156860">
    <ele>2478.9</ele>
    <time>2026-10-02T13:16:21Z</time>
   </trkpt>
   <trkpt lat="46.5291160" lon="12.0156860">
    <ele>2478.9</ele>
    <time>2026-10-02T13:16:22Z</time>
   </trkpt>
   <trkpt lat="46.5291170" lon="12.0156850">
    <ele>2478.9</ele>
    <time>2026-10-02T13:16:23Z</time>
   </trkpt>
   <trkpt lat="46.5291200" lon="12.0156790">
    <ele>2478.9</ele>
    <time>2026-10-02T13:16:24Z</time>
   </trkpt>
   <trkpt lat="46.5291190" lon="12.0156830">
    <ele>2478.8</ele>
    <time>2026-10-02T13:16:25Z</time>
   </trkpt>
   <trkpt lat="46.5291210" lon="12.0156810">
    <ele>2478.8</ele>
    <time>2026-10-02T13:16:26Z</time>
   </trkpt>
   <trkpt lat="46.5291180" lon="12.0156800">
    <ele>2478.8</ele>
    <time>2026-10-02T13:16:27Z</time>
   </trkpt>
   <trkpt lat="46.5291210" lon="12.0156830">
    <ele>2478.8</ele>
    <time>2026-10-02T13:16:28Z</time>
   </trkpt>
   <trkpt lat="46.5291230" lon="12.0156880">
    <ele>2478.8</ele>
    <time>2026-10-02T13:16:29Z</time>
   </trkpt>
   <trkpt lat="46.5291220" lon="12.0156840">
    <ele>2478.8</ele>
    <time>2026-10-02T13:16:30Z</time>
   </trkpt>
   <trkpt lat="46.5291070" lon="12.0156780">
    <ele>2478.5</ele>
    <time>2026-10-02T13:16:31Z</time>
   </trkpt>
   <trkpt lat="46.5291090" lon="12.0156730">
    <ele>2478.8</ele>
    <time>2026-10-02T13:16:32Z</time>
   </trkpt>
   <trkpt lat="46.5291120" lon="12.0156800">
    <ele>2478.8</ele>
    <time>2026-10-02T13:16:33Z</time>
   </trkpt>
   <trkpt lat="46.5291120" lon="12.0156820">
    <ele>2478.8</ele>
    <time>2026-10-02T13:16:34Z</time>
   </trkpt>
   <trkpt lat="46.5291120" lon="12.0156800">
    <ele>2478.8</ele>
    <time>2026-10-02T13:16:35Z</time>
   </trkpt>
   <trkpt lat="46.5291140" lon="12.0156800">
    <ele>2478.7</ele>
    <time>2026-10-02T13:16:36Z</time>
   </trkpt>
   <trkpt lat="46.5291160" lon="12.0156790">
    <ele>2478.7</ele>
    <time>2026-10-02T13:16:37Z</time>
   </trkpt>
   <trkpt lat="46.5291080" lon="12.0156610">
    <ele>2478.7</ele>
    <time>2026-10-02T13:16:38Z</time>
   </trkpt>
   <trkpt lat="46.5290980" lon="12.0156540">
    <ele>2478.4</ele>
    <time>2026-10-02T13:16:39Z</time>
   </trkpt>
   <trkpt lat="46.5290860" lon="12.0156480">
    <ele>2479.8</ele>
    <time>2026-10-02T13:16:40Z</time>
   </trkpt>
   <trkpt lat="46.5290770" lon="12.0156480">
    <ele>2479.5</ele>
    <time>2026-10-02T13:16:41Z</time>
   </trkpt>
   <trkpt lat="46.5290690" lon="12.0156500">
    <ele>2479.5</ele>
    <time>2026-10-02T13:16:42Z</time>
   </trkpt>
   <trkpt lat="46.5290610" lon="12.0156480">
    <ele>2479.5</ele>
    <time>2026-10-02T13:16:43Z</time>
   </trkpt>
   <trkpt lat="46.5290540" lon="12.0156470">
    <ele>2479.5</ele>
    <time>2026-10-02T13:16:44Z</time>
   </trkpt>
   <trkpt lat="46.5290460" lon="12.0156480">
    <ele>2479.4</ele>
    <time>2026-10-02T13:16:45Z</time>
   </trkpt>
   <trkpt lat="46.5290360" lon="12.0156520">
    <ele>2479.3</ele>
    <time>2026-10-02T13:16:46Z</time>
   </trkpt>
   <trkpt lat="46.5290280" lon="12.0156620">
    <ele>2477.9</ele>
    <time>2026-10-02T13:16:47Z</time>
   </trkpt>
   <trkpt lat="46.5290260" lon="12.0156740">
    <ele>2477.9</ele>
    <time>2026-10-02T13:16:48Z</time>
   </trkpt>
   <trkpt lat="46.5290240" lon="12.0156810">
    <ele>2477.9</ele>
    <time>2026-10-02T13:16:49Z</time>
   </trkpt>
   <trkpt lat="46.5290220" lon="12.0156950">
    <ele>2477.9</ele>
    <time>2026-10-02T13:16:50Z</time>
   </trkpt>
   <trkpt lat="46.5290130" lon="12.0157060">
    <ele>2476.5</ele>
    <time>2026-10-02T13:16:51Z</time>
   </trkpt>
   <trkpt lat="46.5290060" lon="12.0157140">
    <ele>2476.5</ele>
    <time>2026-10-02T13:16:52Z</time>
   </trkpt>
   <trkpt lat="46.5289990" lon="12.0157120">
    <ele>2476.4</ele>
    <time>2026-10-02T13:16:53Z</time>
   </trkpt>
   <trkpt lat="46.5289880" lon="12.0157190">
    <ele>2476.4</ele>
    <time>2026-10-02T13:16:54Z</time>
   </trkpt>
   <trkpt lat="46.5289810" lon="12.0157250">
    <ele>2476.4</ele>
    <time>2026-10-02T13:16:55Z</time>
   </trkpt>
   <trkpt lat="46.5289750" lon="12.0157390">
    <ele>2475.1</ele>
    <time>2026-10-02T13:16:56Z</time>
   </trkpt>
   <trkpt lat="46.5289680" lon="12.0157570">
    <ele>2475.1</ele>
    <time>2026-10-02T13:16:57Z</time>
   </trkpt>
   <trkpt lat="46.5289700" lon="12.0157630">
    <ele>2475.1</ele>
    <time>2026-10-02T13:16:58Z</time>
   </trkpt>
   <trkpt lat="46.5289750" lon="12.0157670">
    <ele>2475.1</ele>
    <time>2026-10-02T13:16:59Z</time>
   </trkpt>
   <trkpt lat="46.5289750" lon="12.0157670">
    <ele>2475.1</ele>
    <time>2026-10-02T13:17:00Z</time>
   </trkpt>
   <trkpt lat="46.5289740" lon="12.0157690">
    <ele>2475.1</ele>
    <time>2026-10-02T13:17:01Z</time>
   </trkpt>
   <trkpt lat="46.5289730" lon="12.0157810">
    <ele>2475.0</ele>
    <time>2026-10-02T13:17:02Z</time>
   </trkpt>
   <trkpt lat="46.5289710" lon="12.0157850">
    <ele>2473.8</ele>
    <time>2026-10-02T13:17:03Z</time>
   </trkpt>
   <trkpt lat="46.5289680" lon="12.0157860">
    <ele>2473.8</ele>
    <time>2026-10-02T13:17:04Z</time>
   </trkpt>
   <trkpt lat="46.5289650" lon="12.0157970">
    <ele>2473.8</ele>
    <time>2026-10-02T13:17:05Z</time>
   </trkpt>
   <trkpt lat="46.5289550" lon="12.0158040">
    <ele>2473.8</ele>
    <time>2026-10-02T13:17:06Z</time>
   </trkpt>
   <trkpt lat="46.5289540" lon="12.0158070">
    <ele>2473.8</ele>
    <time>2026-10-02T13:17:07Z</time>
   </trkpt>
   <trkpt lat="46.5289550" lon="12.0158050">
    <ele>2473.8</ele>
    <time>2026-10-02T13:17:08Z</time>
   </trkpt>
   <trkpt lat="46.5289550" lon="12.0158050">
    <ele>2473.8</ele>
    <time>2026-10-02T13:17:09Z</time>
   </trkpt>
   <trkpt lat="46.5289550" lon="12.0158050">
    <ele>2473.8</ele>
    <time>2026-10-02T13:17:10Z</time>
   </trkpt>
   <trkpt lat="46.5289550" lon="12.0157930">
    <ele>2473.8</ele>
    <time>2026-10-02T13:17:11Z</time>
   </trkpt>
   <trkpt lat="46.5289550" lon="12.0157920">
    <ele>2473.7</ele>
    <time>2026-10-02T13:17:12Z</time>
   </trkpt>
   <trkpt lat="46.5289570" lon="12.0157960">
    <ele>2473.7</ele>
    <time>2026-10-02T13:17:13Z</time>
   </trkpt>
   <trkpt lat="46.5289520" lon="12.0157930">
    <ele>2473.7</ele>
    <time>2026-10-02T13:17:14Z</time>
   </trkpt>
   <trkpt lat="46.5289490" lon="12.0157960">
    <ele>2473.7</ele>
    <time>2026-10-02T13:17:15Z</time>
   </trkpt>
   <trkpt lat="46.5289470" lon="12.0157990">
    <ele>2473.7</ele>
    <time>2026-10-02T13:17:16Z</time>
   </trkpt>
   <trkpt lat="46.5289470" lon="12.0158120">
    <ele>2473.7</ele>
    <time>2026-10-02T13:17:17Z</time>
   </trkpt>
   <trkpt lat="46.5289450" lon="12.0158120">
    <ele>2473.7</ele>
    <time>2026-10-02T13:17:18Z</time>
   </trkpt>
   <trkpt lat="46.5289410" lon="12.0158180">
    <ele>2473.7</ele>
    <time>2026-10-02T13:17:19Z</time>
   </trkpt>
   <trkpt lat="46.5289440" lon="12.0158260">
    <ele>2472.5</ele>
    <time>2026-10-02T13:17:20Z</time>
   </trkpt>
   <trkpt lat="46.5289470" lon="12.0158200">
    <ele>2473.7</ele>
    <time>2026-10-02T13:17:21Z</time>
   </trkpt>
   <trkpt lat="46.5289480" lon="12.0158280">
    <ele>2472.5</ele>
    <time>2026-10-02T13:17:22Z</time>
   </trkpt>
   <trkpt lat="46.5289560" lon="12.0158320">
    <ele>2472.5</ele>
    <time>2026-10-02T13:17:23Z</time>
   </trkpt>
   <trkpt lat="46.5289620" lon="12.0158310">
    <ele>2472.4</ele>
    <time>2026-10-02T13:17:24Z</time>
   </trkpt>
   <trkpt lat="46.5289700" lon="12.0158300">
    <ele>2472.4</ele>
    <time>2026-10-02T13:17:25Z</time>
   </trkpt>
   <trkpt lat="46.5289740" lon="12.0158410">
    <ele>2472.4</ele>
    <time>2026-10-02T13:17:26Z</time>
   </trkpt>
   <trkpt lat="46.5289760" lon="12.0158390">
    <ele>2472.4</ele>
    <time>2026-10-02T13:17:27Z</time>
   </trkpt>
   <trkpt lat="46.5289740" lon="12.0158350">
    <ele>2472.4</ele>
    <time>2026-10-02T13:17:28Z</time>
   </trkpt>
   <trkpt lat="46.5289770" lon="12.0158410">
    <ele>2472.4</ele>
    <time>2026-10-02T13:17:29Z</time>
   </trkpt>
   <trkpt lat="46.5289830" lon="12.0158440">
    <ele>2472.4</ele>
    <time>2026-10-02T13:17:30Z</time>
   </trkpt>
   <trkpt lat="46.5289830" lon="12.0158390">
    <ele>2472.4</ele>
    <time>2026-10-02T13:17:31Z</time>
   </trkpt>
   <trkpt lat="46.5289820" lon="12.0158350">
    <ele>2472.3</ele>
    <time>2026-10-02T13:17:32Z</time>
   </trkpt>
   <trkpt lat="46.5289820" lon="12.0158350">
    <ele>2472.3</ele>
    <time>2026-10-02T13:17:33Z</time>
   </trkpt>
   <trkpt lat="46.5289820" lon="12.0158350">
    <ele>2472.3</ele>
    <time>2026-10-02T13:17:34Z</time>
   </trkpt>
   <trkpt lat="46.5289800" lon="12.0158380">
    <ele>2472.3</ele>
    <time>2026-10-02T13:17:35Z</time>
   </trkpt>
   <trkpt lat="46.5289840" lon="12.0158520">
    <ele>2472.3</ele>
    <time>2026-10-02T13:17:36Z</time>
   </trkpt>
   <trkpt lat="46.5289840" lon="12.0158520">
    <ele>2472.3</ele>
    <time>2026-10-02T13:17:37Z</time>
   </trkpt>
   <trkpt lat="46.5289840" lon="12.0158520">
    <ele>2472.3</ele>
    <time>2026-10-02T13:17:38Z</time>
   </trkpt>
   <trkpt lat="46.5289790" lon="12.0158570">
    <ele>2472.3</ele>
    <time>2026-10-02T13:17:39Z</time>
   </trkpt>
   <trkpt lat="46.5289790" lon="12.0158570">
    <ele>2472.3</ele>
    <time>2026-10-02T13:17:40Z</time>
   </trkpt>
   <trkpt lat="46.5289790" lon="12.0158570">
    <ele>2472.3</ele>
    <time>2026-10-02T13:17:41Z</time>
   </trkpt>
   <trkpt lat="46.5289790" lon="12.0158570">
    <ele>2472.3</ele>
    <time>2026-10-02T13:17:42Z</time>
   </trkpt>
   <trkpt lat="46.5289790" lon="12.0158570">
    <ele>2472.2</ele>
    <time>2026-10-02T13:17:43Z</time>
   </trkpt>
   <trkpt lat="46.5289790" lon="12.0158570">
    <ele>2472.2</ele>
    <time>2026-10-02T13:17:44Z</time>
   </trkpt>
   <trkpt lat="46.5289790" lon="12.0158570">
    <ele>2472.2</ele>
    <time>2026-10-02T13:17:45Z</time>
   </trkpt>
   <trkpt lat="46.5289790" lon="12.0158570">
    <ele>2472.2</ele>
    <time>2026-10-02T13:17:46Z</time>
   </trkpt>
   <trkpt lat="46.5289850" lon="12.0158710">
    <ele>2471.1</ele>
    <time>2026-10-02T13:17:47Z</time>
   </trkpt>
   <trkpt lat="46.5289870" lon="12.0158700">
    <ele>2471.1</ele>
    <time>2026-10-02T13:17:48Z</time>
   </trkpt>
   <trkpt lat="46.5289870" lon="12.0158700">
    <ele>2471.1</ele>
    <time>2026-10-02T13:17:49Z</time>
   </trkpt>
   <trkpt lat="46.5289870" lon="12.0158700">
    <ele>2471.1</ele>
    <time>2026-10-02T13:17:50Z</time>
   </trkpt>
   <trkpt lat="46.5289870" lon="12.0158700">
    <ele>2471.1</ele>
    <time>2026-10-02T13:17:51Z</time>
   </trkpt>
   <trkpt lat="46.5289870" lon="12.0158700">
    <ele>2471.0</ele>
    <time>2026-10-02T13:17:52Z</time>
   </trkpt>
   <trkpt lat="46.5289870" lon="12.0158700">
    <ele>2471.0</ele>
    <time>2026-10-02T13:17:53Z</time>
   </trkpt>
   <trkpt lat="46.5289930" lon="12.0158490">
    <ele>2472.2</ele>
    <time>2026-10-02T13:17:54Z</time>
   </trkpt>
   <trkpt lat="46.5289920" lon="12.0158440">
    <ele>2472.1</ele>
    <time>2026-10-02T13:17:55Z</time>
   </trkpt>
   <trkpt lat="46.5289950" lon="12.0158390">
    <ele>2472.1</ele>
    <time>2026-10-02T13:17:56Z</time>
   </trkpt>
   <trkpt lat="46.5289940" lon="12.0158390">
    <ele>2472.1</ele>
    <time>2026-10-02T13:17:57Z</time>
   </trkpt>
   <trkpt lat="46.5289940" lon="12.0158390">
    <ele>2472.1</ele>
    <time>2026-10-02T13:17:58Z</time>
   </trkpt>
   <trkpt lat="46.5289930" lon="12.0158500">
    <ele>2472.1</ele>
    <time>2026-10-02T13:17:59Z</time>
   </trkpt>
   <trkpt lat="46.5289890" lon="12.0158540">
    <ele>2472.1</ele>
    <time>2026-10-02T13:18:00Z</time>
   </trkpt>
   <trkpt lat="46.5289860" lon="12.0158570">
    <ele>2472.1</ele>
    <time>2026-10-02T13:18:01Z</time>
   </trkpt>
   <trkpt lat="46.5289820" lon="12.0158550">
    <ele>2472.1</ele>
    <time>2026-10-02T13:18:02Z</time>
   </trkpt>
   <trkpt lat="46.5289690" lon="12.0158430">
    <ele>2472.1</ele>
    <time>2026-10-02T13:18:03Z</time>
   </trkpt>
   <trkpt lat="46.5289670" lon="12.0158420">
    <ele>2472.0</ele>
    <time>2026-10-02T13:18:04Z</time>
   </trkpt>
   <trkpt lat="46.5289660" lon="12.0158370">
    <ele>2472.0</ele>
    <time>2026-10-02T13:18:05Z</time>
   </trkpt>
   <trkpt lat="46.5289660" lon="12.0158380">
    <ele>2472.0</ele>
    <time>2026-10-02T13:18:06Z</time>
   </trkpt>
   <trkpt lat="46.5289630" lon="12.0158450">
    <ele>2472.0</ele>
    <time>2026-10-02T13:18:07Z</time>
   </trkpt>
   <trkpt lat="46.5289620" lon="12.0158500">
    <ele>2472.0</ele>
    <time>2026-10-02T13:18:08Z</time>
   </trkpt>
   <trkpt lat="46.5289610" lon="12.0158540">
    <ele>2472.0</ele>
    <time>2026-10-02T13:18:09Z</time>
   </trkpt>
   <trkpt lat="46.5289620" lon="12.0158570">
    <ele>2472.0</ele>
    <time>2026-10-02T13:18:11Z</time>
   </trkpt>
   <trkpt lat="46.5289630" lon="12.0158650">
    <ele>2472.0</ele>
    <time>2026-10-02T13:18:12Z</time>
   </trkpt>
   <trkpt lat="46.5289630" lon="12.0158610">
    <ele>2472.0</ele>
    <time>2026-10-02T13:18:13Z</time>
   </trkpt>
   <trkpt lat="46.5289600" lon="12.0158620">
    <ele>2472.0</ele>
    <time>2026-10-02T13:18:14Z</time>
   </trkpt>
   <trkpt lat="46.5289590" lon="12.0158620">
    <ele>2472.0</ele>
    <time>2026-10-02T13:18:15Z</time>
   </trkpt>
   <trkpt lat="46.5289500" lon="12.0158590">
    <ele>2472.0</ele>
    <time>2026-10-02T13:18:16Z</time>
   </trkpt>
   <trkpt lat="46.5289470" lon="12.0158520">
    <ele>2472.0</ele>
    <time>2026-10-02T13:18:17Z</time>
   </trkpt>
   <trkpt lat="46.5289480" lon="12.0158560">
    <ele>2472.0</ele>
    <time>2026-10-02T13:18:18Z</time>
   </trkpt>
   <trkpt lat="46.5289450" lon="12.0158570">
    <ele>2471.9</ele>
    <time>2026-10-02T13:18:19Z</time>
   </trkpt>
   <trkpt lat="46.5289410" lon="12.0158550">
    <ele>2471.9</ele>
    <time>2026-10-02T13:18:20Z</time>
   </trkpt>
   <trkpt lat="46.5289400" lon="12.0158640">
    <ele>2471.9</ele>
    <time>2026-10-02T13:18:21Z</time>
   </trkpt>
   <trkpt lat="46.5289340" lon="12.0158680">
    <ele>2470.8</ele>
    <time>2026-10-02T13:18:22Z</time>
   </trkpt>
   <trkpt lat="46.5289350" lon="12.0158720">
    <ele>2470.8</ele>
    <time>2026-10-02T13:18:23Z</time>
   </trkpt>
   <trkpt lat="46.5289370" lon="12.0158690">
    <ele>2470.8</ele>
    <time>2026-10-02T13:18:24Z</time>
   </trkpt>
   <trkpt lat="46.5289370" lon="12.0158690">
    <ele>2470.8</ele>
    <time>2026-10-02T13:18:25Z</time>
   </trkpt>
   <trkpt lat="46.5289370" lon="12.0158690">
    <ele>2470.8</ele>
    <time>2026-10-02T13:18:26Z</time>
   </trkpt>
   <trkpt lat="46.5289370" lon="12.0158680">
    <ele>2470.7</ele>
    <time>2026-10-02T13:18:27Z</time>
   </trkpt>
   <trkpt lat="46.5289360" lon="12.0158650">
    <ele>2471.9</ele>
    <time>2026-10-02T13:18:28Z</time>
   </trkpt>
   <trkpt lat="46.5289280" lon="12.0158620">
    <ele>2471.9</ele>
    <time>2026-10-02T13:18:29Z</time>
   </trkpt>
   <trkpt lat="46.5289310" lon="12.0158580">
    <ele>2471.8</ele>
    <time>2026-10-02T13:18:30Z</time>
   </trkpt>
   <trkpt lat="46.5289300" lon="12.0158520">
    <ele>2471.8</ele>
    <time>2026-10-02T13:18:31Z</time>
   </trkpt>
   <trkpt lat="46.5289290" lon="12.0158550">
    <ele>2471.9</ele>
    <time>2026-10-02T13:18:32Z</time>
   </trkpt>
   <trkpt lat="46.5289270" lon="12.0158530">
    <ele>2471.8</ele>
    <time>2026-10-02T13:18:33Z</time>
   </trkpt>
   <trkpt lat="46.5289280" lon="12.0158560">
    <ele>2471.8</ele>
    <time>2026-10-02T13:18:34Z</time>
   </trkpt>
   <trkpt lat="46.5289210" lon="12.0158550">
    <ele>2471.8</ele>
    <time>2026-10-02T13:18:35Z</time>
   </trkpt>
   <trkpt lat="46.5289160" lon="12.0158600">
    <ele>2471.8</ele>
    <time>2026-10-02T13:18:36Z</time>
   </trkpt>
   <trkpt lat="46.5289180" lon="12.0158570">
    <ele>2471.8</ele>
    <time>2026-10-02T13:18:37Z</time>
   </trkpt>
   <trkpt lat="46.5289190" lon="12.0158580">
    <ele>2471.8</ele>
    <time>2026-10-02T13:18:38Z</time>
   </trkpt>
   <trkpt lat="46.5289220" lon="12.0158540">
    <ele>2471.8</ele>
    <time>2026-10-02T13:18:39Z</time>
   </trkpt>
   <trkpt lat="46.5289220" lon="12.0158540">
    <ele>2471.8</ele>
    <time>2026-10-02T13:18:40Z</time>
   </trkpt>
   <trkpt lat="46.5289220" lon="12.0158540">
    <ele>2471.8</ele>
    <time>2026-10-02T13:18:41Z</time>
   </trkpt>
   <trkpt lat="46.5289250" lon="12.0158470">
    <ele>2471.8</ele>
    <time>2026-10-02T13:18:42Z</time>
   </trkpt>
   <trkpt lat="46.5289210" lon="12.0158390">
    <ele>2471.8</ele>
    <time>2026-10-02T13:18:43Z</time>
   </trkpt>
   <trkpt lat="46.5289250" lon="12.0158380">
    <ele>2471.7</ele>
    <time>2026-10-02T13:18:44Z</time>
   </trkpt>
   <trkpt lat="46.5289280" lon="12.0158400">
    <ele>2471.7</ele>
    <time>2026-10-02T13:18:45Z</time>
   </trkpt>
   <trkpt lat="46.5289280" lon="12.0158370">
    <ele>2471.7</ele>
    <time>2026-10-02T13:18:46Z</time>
   </trkpt>
   <trkpt lat="46.5289240" lon="12.0158380">
    <ele>2471.7</ele>
    <time>2026-10-02T13:18:47Z</time>
   </trkpt>
   <trkpt lat="46.5289290" lon="12.0158390">
    <ele>2471.7</ele>
    <time>2026-10-02T13:18:48Z</time>
   </trkpt>
   <trkpt lat="46.5289340" lon="12.0158400">
    <ele>2471.7</ele>
    <time>2026-10-02T13:18:49Z</time>
   </trkpt>
   <trkpt lat="46.5289350" lon="12.0158390">
    <ele>2471.7</ele>
    <time>2026-10-02T13:18:50Z</time>
   </trkpt>
   <trkpt lat="46.5289350" lon="12.0158390">
    <ele>2471.6</ele>
    <time>2026-10-02T13:18:51Z</time>
   </trkpt>
   <trkpt lat="46.5289260" lon="12.0158310">
    <ele>2471.7</ele>
    <time>2026-10-02T13:18:52Z</time>
   </trkpt>
   <trkpt lat="46.5289260" lon="12.0158310">
    <ele>2471.7</ele>
    <time>2026-10-02T13:18:53Z</time>
   </trkpt>
   <trkpt lat="46.5289260" lon="12.0158310">
    <ele>2471.7</ele>
    <time>2026-10-02T13:18:54Z</time>
   </trkpt>
   <trkpt lat="46.5289230" lon="12.0158300">
    <ele>2471.6</ele>
    <time>2026-10-02T13:18:55Z</time>
   </trkpt>
   <trkpt lat="46.5289240" lon="12.0158340">
    <ele>2471.6</ele>
    <time>2026-10-02T13:18:56Z</time>
   </trkpt>
   <trkpt lat="46.5289240" lon="12.0158340">
    <ele>2471.6</ele>
    <time>2026-10-02T13:18:57Z</time>
   </trkpt>
   <trkpt lat="46.5289250" lon="12.0158330">
    <ele>2471.6</ele>
    <time>2026-10-02T13:18:58Z</time>
   </trkpt>
   <trkpt lat="46.5289240" lon="12.0158280">
    <ele>2471.6</ele>
    <time>2026-10-02T13:18:59Z</time>
   </trkpt>
   <trkpt lat="46.5289260" lon="12.0158310">
    <ele>2471.6</ele>
    <time>2026-10-02T13:19:00Z</time>
   </trkpt>
   <trkpt lat="46.5289260" lon="12.0158310">
    <ele>2471.6</ele>
    <time>2026-10-02T13:19:01Z</time>
   </trkpt>
   <trkpt lat="46.5289260" lon="12.0158310">
    <ele>2471.6</ele>
    <time>2026-10-02T13:19:02Z</time>
   </trkpt>
   <trkpt lat="46.5289260" lon="12.0158310">
    <ele>2471.6</ele>
    <time>2026-10-02T13:19:03Z</time>
   </trkpt>
   <trkpt lat="46.5289260" lon="12.0158310">
    <ele>2471.6</ele>
    <time>2026-10-02T13:19:04Z</time>
   </trkpt>
   <trkpt lat="46.5289260" lon="12.0158310">
    <ele>2471.6</ele>
    <time>2026-10-02T13:19:05Z</time>
   </trkpt>
   <trkpt lat="46.5289260" lon="12.0158310">
    <ele>2471.5</ele>
    <time>2026-10-02T13:19:06Z</time>
   </trkpt>
   <trkpt lat="46.5289220" lon="12.0158440">
    <ele>2471.5</ele>
    <time>2026-10-02T13:19:07Z</time>
   </trkpt>
   <trkpt lat="46.5289210" lon="12.0158490">
    <ele>2471.5</ele>
    <time>2026-10-02T13:19:08Z</time>
   </trkpt>
   <trkpt lat="46.5289220" lon="12.0158480">
    <ele>2471.5</ele>
    <time>2026-10-02T13:19:09Z</time>
   </trkpt>
   <trkpt lat="46.5289240" lon="12.0158510">
    <ele>2471.5</ele>
    <time>2026-10-02T13:19:10Z</time>
   </trkpt>
   <trkpt lat="46.5289220" lon="12.0158480">
    <ele>2471.5</ele>
    <time>2026-10-02T13:19:11Z</time>
   </trkpt>
   <trkpt lat="46.5289210" lon="12.0158460">
    <ele>2471.5</ele>
    <time>2026-10-02T13:19:12Z</time>
   </trkpt>
   <trkpt lat="46.5289160" lon="12.0158500">
    <ele>2471.5</ele>
    <time>2026-10-02T13:19:13Z</time>
   </trkpt>
   <trkpt lat="46.5289180" lon="12.0158360">
    <ele>2471.5</ele>
    <time>2026-10-02T13:19:14Z</time>
   </trkpt>
   <trkpt lat="46.5289210" lon="12.0158400">
    <ele>2471.5</ele>
    <time>2026-10-02T13:19:15Z</time>
   </trkpt>
   <trkpt lat="46.5289260" lon="12.0158430">
    <ele>2471.4</ele>
    <time>2026-10-02T13:19:16Z</time>
   </trkpt>
   <trkpt lat="46.5289150" lon="12.0158360">
    <ele>2471.4</ele>
    <time>2026-10-02T13:19:17Z</time>
   </trkpt>
   <trkpt lat="46.5289170" lon="12.0158360">
    <ele>2471.4</ele>
    <time>2026-10-02T13:19:18Z</time>
   </trkpt>
   <trkpt lat="46.5289190" lon="12.0158300">
    <ele>2471.4</ele>
    <time>2026-10-02T13:19:19Z</time>
   </trkpt>
   <trkpt lat="46.5289180" lon="12.0158270">
    <ele>2471.4</ele>
    <time>2026-10-02T13:19:20Z</time>
   </trkpt>
   <trkpt lat="46.5289180" lon="12.0158270">
    <ele>2471.4</ele>
    <time>2026-10-02T13:19:21Z</time>
   </trkpt>
   <trkpt lat="46.5289210" lon="12.0158290">
    <ele>2471.4</ele>
    <time>2026-10-02T13:19:22Z</time>
   </trkpt>
   <trkpt lat="46.5289180" lon="12.0158140">
    <ele>2472.6</ele>
    <time>2026-10-02T13:19:23Z</time>
   </trkpt>
   <trkpt lat="46.5289180" lon="12.0158140">
    <ele>2472.6</ele>
    <time>2026-10-02T13:19:24Z</time>
   </trkpt>
   <trkpt lat="46.5289180" lon="12.0158140">
    <ele>2472.6</ele>
    <time>2026-10-02T13:19:25Z</time>
   </trkpt>
   <trkpt lat="46.5289180" lon="12.0158140">
    <ele>2472.5</ele>
    <time>2026-10-02T13:19:26Z</time>
   </trkpt>
   <trkpt lat="46.5289180" lon="12.0158140">
    <ele>2472.5</ele>
    <time>2026-10-02T13:19:27Z</time>
   </trkpt>
   <trkpt lat="46.5289180" lon="12.0158140">
    <ele>2472.5</ele>
    <time>2026-10-02T13:19:28Z</time>
   </trkpt>
   <trkpt lat="46.5289180" lon="12.0158140">
    <ele>2472.5</ele>
    <time>2026-10-02T13:19:29Z</time>
   </trkpt>
   <trkpt lat="46.5289180" lon="12.0158140">
    <ele>2472.5</ele>
    <time>2026-10-02T13:19:30Z</time>
   </trkpt>
   <trkpt lat="46.5289180" lon="12.0158140">
    <ele>2472.5</ele>
    <time>2026-10-02T13:19:31Z</time>
   </trkpt>
   <trkpt lat="46.5289180" lon="12.0158140">
    <ele>2472.5</ele>
    <time>2026-10-02T13:19:32Z</time>
   </trkpt>
   <trkpt lat="46.5289180" lon="12.0158140">
    <ele>2472.5</ele>
    <time>2026-10-02T13:19:33Z</time>
   </trkpt>
   <trkpt lat="46.5289180" lon="12.0158140">
    <ele>2472.5</ele>
    <time>2026-10-02T13:19:34Z</time>
   </trkpt>
   <trkpt lat="46.5289180" lon="12.0158140">
    <ele>2472.5</ele>
    <time>2026-10-02T13:19:35Z</time>
   </trkpt>
   <trkpt lat="46.5289180" lon="12.0158140">
    <ele>2472.5</ele>
    <time>2026-10-02T13:19:36Z</time>
   </trkpt>
   <trkpt lat="46.5289180" lon="12.0158140">
    <ele>2472.4</ele>
    <time>2026-10-02T13:19:37Z</time>
   </trkpt>
   <trkpt lat="46.5289180" lon="12.0158140">
    <ele>2472.4</ele>
    <time>2026-10-02T13:19:38Z</time>
   </trkpt>
   <trkpt lat="46.5289180" lon="12.0158140">
    <ele>2472.4</ele>
    <time>2026-10-02T13:19:39Z</time>
   </trkpt>
   <trkpt lat="46.5289180" lon="12.0158140">
    <ele>2472.4</ele>
    <time>2026-10-02T13:19:40Z</time>
   </trkpt>
   <trkpt lat="46.5289180" lon="12.0158140">
    <ele>2472.4</ele>
    <time>2026-10-02T13:19:41Z</time>
   </trkpt>
   <trkpt lat="46.5289180" lon="12.0158140">
    <ele>2472.4</ele>
    <time>2026-10-02T13:19:42Z</time>
   </trkpt>
   <trkpt lat="46.5289180" lon="12.0158140">
    <ele>2472.4</ele>
    <time>2026-10-02T13:19:43Z</time>
   </trkpt>
   <trkpt lat="46.5289180" lon="12.0158140">
    <ele>2472.4</ele>
    <time>2026-10-02T13:19:44Z</time>
   </trkpt>
   <trkpt lat="46.5289280" lon="12.0158010">
    <ele>2472.4</ele>
    <time>2026-10-02T13:19:45Z</time>
   </trkpt>
   <trkpt lat="46.5289370" lon="12.0158190">
    <ele>2472.3</ele>
    <time>2026-10-02T13:19:46Z</time>
   </trkpt>
   <trkpt lat="46.5289370" lon="12.0158190">
    <ele>2472.3</ele>
    <time>2026-10-02T13:19:47Z</time>
   </trkpt>
   <trkpt lat="46.5289390" lon="12.0158300">
    <ele>2471.1</ele>
    <time>2026-10-02T13:19:48Z</time>
   </trkpt>
   <trkpt lat="46.5289390" lon="12.0158300">
    <ele>2471.1</ele>
    <time>2026-10-02T13:19:49Z</time>
   </trkpt>
   <trkpt lat="46.5289390" lon="12.0158300">
    <ele>2471.1</ele>
    <time>2026-10-02T13:19:50Z</time>
   </trkpt>
   <trkpt lat="46.5289390" lon="12.0158300">
    <ele>2471.1</ele>
    <time>2026-10-02T13:19:51Z</time>
   </trkpt>
   <trkpt lat="46.5289390" lon="12.0158300">
    <ele>2471.1</ele>
    <time>2026-10-02T13:19:52Z</time>
   </trkpt>
   <trkpt lat="46.5289390" lon="12.0158300">
    <ele>2471.1</ele>
    <time>2026-10-02T13:19:53Z</time>
   </trkpt>
   <trkpt lat="46.5289390" lon="12.0158300">
    <ele>2471.1</ele>
    <time>2026-10-02T13:19:54Z</time>
   </trkpt>
   <trkpt lat="46.5289390" lon="12.0158300">
    <ele>2471.0</ele>
    <time>2026-10-02T13:19:55Z</time>
   </trkpt>
   <trkpt lat="46.5289390" lon="12.0158300">
    <ele>2471.0</ele>
    <time>2026-10-02T13:19:56Z</time>
   </trkpt>
   <trkpt lat="46.5289390" lon="12.0158300">
    <ele>2471.0</ele>
    <time>2026-10-02T13:19:57Z</time>
   </trkpt>
   <trkpt lat="46.5289390" lon="12.0158300">
    <ele>2471.0</ele>
    <time>2026-10-02T13:19:58Z</time>
   </trkpt>
   <trkpt lat="46.5289160" lon="12.0158290">
    <ele>2471.0</ele>
    <time>2026-10-02T13:19:59Z</time>
   </trkpt>
   <trkpt lat="46.5289160" lon="12.0158290">
    <ele>2471.0</ele>
    <time>2026-10-02T13:20:00Z</time>
   </trkpt>
   <trkpt lat="46.5289160" lon="12.0158290">
    <ele>2471.0</ele>
    <time>2026-10-02T13:20:01Z</time>
   </trkpt>
   <trkpt lat="46.5289160" lon="12.0158290">
    <ele>2471.0</ele>
    <time>2026-10-02T13:20:02Z</time>
   </trkpt>
   <trkpt lat="46.5289160" lon="12.0158290">
    <ele>2471.0</ele>
    <time>2026-10-02T13:20:03Z</time>
   </trkpt>
   <trkpt lat="46.5289160" lon="12.0158290">
    <ele>2471.0</ele>
    <time>2026-10-02T13:20:04Z</time>
   </trkpt>
   <trkpt lat="46.5289160" lon="12.0158290">
    <ele>2471.0</ele>
    <time>2026-10-02T13:20:05Z</time>
   </trkpt>
   <trkpt lat="46.5289160" lon="12.0158290">
    <ele>2471.0</ele>
    <time>2026-10-02T13:20:06Z</time>
   </trkpt>
   <trkpt lat="46.5289160" lon="12.0158290">
    <ele>2471.0</ele>
    <time>2026-10-02T13:20:07Z</time>
   </trkpt>
   <trkpt lat="46.5289160" lon="12.0158290">
    <ele>2471.0</ele>
    <time>2026-10-02T13:20:08Z</time>
   </trkpt>
   <trkpt lat="46.5289160" lon="12.0158290">
    <ele>2471.0</ele>
    <time>2026-10-02T13:20:09Z</time>
   </trkpt>
   <trkpt lat="46.5289160" lon="12.0158290">
    <ele>2470.9</ele>
    <time>2026-10-02T13:20:10Z</time>
   </trkpt>
   <trkpt lat="46.5289160" lon="12.0158290">
    <ele>2470.9</ele>
    <time>2026-10-02T13:20:11Z</time>
   </trkpt>
   <trkpt lat="46.5289160" lon="12.0158290">
    <ele>2470.9</ele>
    <time>2026-10-02T13:20:12Z</time>
   </trkpt>
   <trkpt lat="46.5289160" lon="12.0158290">
    <ele>2470.9</ele>
    <time>2026-10-02T13:20:13Z</time>
   </trkpt>
   <trkpt lat="46.5289240" lon="12.0158340">
    <ele>2470.9</ele>
    <time>2026-10-02T13:20:15Z</time>
   </trkpt>
   <trkpt lat="46.5289240" lon="12.0158340">
    <ele>2470.9</ele>
    <time>2026-10-02T13:20:16Z</time>
   </trkpt>
   <trkpt lat="46.5289240" lon="12.0158340">
    <ele>2470.9</ele>
    <time>2026-10-02T13:20:17Z</time>
   </trkpt>
   <trkpt lat="46.5289270" lon="12.0158410">
    <ele>2470.9</ele>
    <time>2026-10-02T13:20:18Z</time>
   </trkpt>
   <trkpt lat="46.5289300" lon="12.0158410">
    <ele>2470.8</ele>
    <time>2026-10-02T13:20:19Z</time>
   </trkpt>
   <trkpt lat="46.5289300" lon="12.0158410">
    <ele>2470.8</ele>
    <time>2026-10-02T13:20:20Z</time>
   </trkpt>
   <trkpt lat="46.5289300" lon="12.0158410">
    <ele>2470.8</ele>
    <time>2026-10-02T13:20:21Z</time>
   </trkpt>
   <trkpt lat="46.5289300" lon="12.0158410">
    <ele>2470.8</ele>
    <time>2026-10-02T13:20:22Z</time>
   </trkpt>
   <trkpt lat="46.5289260" lon="12.0158240">
    <ele>2472.0</ele>
    <time>2026-10-02T13:20:23Z</time>
   </trkpt>
   <trkpt lat="46.5289300" lon="12.0158260">
    <ele>2470.8</ele>
    <time>2026-10-02T13:20:24Z</time>
   </trkpt>
   <trkpt lat="46.5289300" lon="12.0158260">
    <ele>2470.8</ele>
    <time>2026-10-02T13:20:25Z</time>
   </trkpt>
   <trkpt lat="46.5289300" lon="12.0158260">
    <ele>2470.8</ele>
    <time>2026-10-02T13:20:26Z</time>
   </trkpt>
   <trkpt lat="46.5289300" lon="12.0158260">
    <ele>2470.8</ele>
    <time>2026-10-02T13:20:27Z</time>
   </trkpt>
   <trkpt lat="46.5289300" lon="12.0158260">
    <ele>2470.7</ele>
    <time>2026-10-02T13:20:28Z</time>
   </trkpt>
   <trkpt lat="46.5289300" lon="12.0158260">
    <ele>2470.7</ele>
    <time>2026-10-02T13:20:29Z</time>
   </trkpt>
   <trkpt lat="46.5289300" lon="12.0158260">
    <ele>2470.7</ele>
    <time>2026-10-02T13:20:30Z</time>
   </trkpt>
   <trkpt lat="46.5289300" lon="12.0158260">
    <ele>2470.7</ele>
    <time>2026-10-02T13:20:31Z</time>
   </trkpt>
   <trkpt lat="46.5289300" lon="12.0158260">
    <ele>2470.7</ele>
    <time>2026-10-02T13:20:32Z</time>
   </trkpt>
   <trkpt lat="46.5289300" lon="12.0158260">
    <ele>2470.7</ele>
    <time>2026-10-02T13:20:33Z</time>
   </trkpt>
   <trkpt lat="46.5289080" lon="12.0158020">
    <ele>2471.9</ele>
    <time>2026-10-02T13:20:34Z</time>
   </trkpt>
   <trkpt lat="46.5289110" lon="12.0157990">
    <ele>2471.9</ele>
    <time>2026-10-02T13:20:35Z</time>
   </trkpt>
   <trkpt lat="46.5289090" lon="12.0157970">
    <ele>2471.9</ele>
    <time>2026-10-02T13:20:36Z</time>
   </trkpt>
   <trkpt lat="46.5289140" lon="12.0157970">
    <ele>2471.9</ele>
    <time>2026-10-02T13:20:37Z</time>
   </trkpt>
   <trkpt lat="46.5289200" lon="12.0158030">
    <ele>2471.9</ele>
    <time>2026-10-02T13:20:38Z</time>
   </trkpt>
   <trkpt lat="46.5289240" lon="12.0157950">
    <ele>2471.9</ele>
    <time>2026-10-02T13:20:39Z</time>
   </trkpt>
   <trkpt lat="46.5289250" lon="12.0157930">
    <ele>2471.9</ele>
    <time>2026-10-02T13:20:40Z</time>
   </trkpt>
   <trkpt lat="46.5289260" lon="12.0157780">
    <ele>2473.1</ele>
    <time>2026-10-02T13:20:41Z</time>
   </trkpt>
   <trkpt lat="46.5289270" lon="12.0157790">
    <ele>2473.1</ele>
    <time>2026-10-02T13:20:42Z</time>
   </trkpt>
   <trkpt lat="46.5289300" lon="12.0157910">
    <ele>2471.8</ele>
    <time>2026-10-02T13:20:43Z</time>
   </trkpt>
   <trkpt lat="46.5289330" lon="12.0157980">
    <ele>2471.8</ele>
    <time>2026-10-02T13:20:44Z</time>
   </trkpt>
   <trkpt lat="46.5289330" lon="12.0157990">
    <ele>2471.8</ele>
    <time>2026-10-02T13:20:45Z</time>
   </trkpt>
   <trkpt lat="46.5289380" lon="12.0158040">
    <ele>2471.8</ele>
    <time>2026-10-02T13:20:46Z</time>
   </trkpt>
   <trkpt lat="46.5289410" lon="12.0158030">
    <ele>2471.8</ele>
    <time>2026-10-02T13:20:47Z</time>
   </trkpt>
   <trkpt lat="46.5289410" lon="12.0158030">
    <ele>2471.7</ele>
    <time>2026-10-02T13:20:48Z</time>
   </trkpt>
   <trkpt lat="46.5289400" lon="12.0158100">
    <ele>2471.7</ele>
    <time>2026-10-02T13:20:49Z</time>
   </trkpt>
   <trkpt lat="46.5289380" lon="12.0158040">
    <ele>2471.7</ele>
    <time>2026-10-02T13:20:50Z</time>
   </trkpt>
   <trkpt lat="46.5289330" lon="12.0158030">
    <ele>2471.7</ele>
    <time>2026-10-02T13:20:51Z</time>
   </trkpt>
   <trkpt lat="46.5289330" lon="12.0158040">
    <ele>2471.7</ele>
    <time>2026-10-02T13:20:52Z</time>
   </trkpt>
   <trkpt lat="46.5289330" lon="12.0158050">
    <ele>2471.7</ele>
    <time>2026-10-02T13:20:53Z</time>
   </trkpt>
   <trkpt lat="46.5289330" lon="12.0158050">
    <ele>2471.7</ele>
    <time>2026-10-02T13:20:54Z</time>
   </trkpt>
   <trkpt lat="46.5289340" lon="12.0158050">
    <ele>2471.7</ele>
    <time>2026-10-02T13:20:55Z</time>
   </trkpt>
   <trkpt lat="46.5289320" lon="12.0158060">
    <ele>2471.7</ele>
    <time>2026-10-02T13:20:56Z</time>
   </trkpt>
   <trkpt lat="46.5289320" lon="12.0158060">
    <ele>2471.7</ele>
    <time>2026-10-02T13:20:57Z</time>
   </trkpt>
   <trkpt lat="46.5289320" lon="12.0158060">
    <ele>2471.6</ele>
    <time>2026-10-02T13:20:58Z</time>
   </trkpt>
   <trkpt lat="46.5289320" lon="12.0158060">
    <ele>2471.6</ele>
    <time>2026-10-02T13:20:59Z</time>
   </trkpt>
   <trkpt lat="46.5289310" lon="12.0158110">
    <ele>2471.6</ele>
    <time>2026-10-02T13:21:00Z</time>
   </trkpt>
   <trkpt lat="46.5289310" lon="12.0158110">
    <ele>2471.6</ele>
    <time>2026-10-02T13:21:01Z</time>
   </trkpt>
   <trkpt lat="46.5289310" lon="12.0158110">
    <ele>2471.6</ele>
    <time>2026-10-02T13:21:02Z</time>
   </trkpt>
   <trkpt lat="46.5289310" lon="12.0158110">
    <ele>2471.6</ele>
    <time>2026-10-02T13:21:03Z</time>
   </trkpt>
   <trkpt lat="46.5289310" lon="12.0158110">
    <ele>2471.6</ele>
    <time>2026-10-02T13:21:04Z</time>
   </trkpt>
   <trkpt lat="46.5289310" lon="12.0158110">
    <ele>2471.6</ele>
    <time>2026-10-02T13:21:05Z</time>
   </trkpt>
   <trkpt lat="46.5289310" lon="12.0158110">
    <ele>2471.6</ele>
    <time>2026-10-02T13:21:06Z</time>
   </trkpt>
   <trkpt lat="46.5289310" lon="12.0158110">
    <ele>2471.6</ele>
    <time>2026-10-02T13:21:07Z</time>
   </trkpt>
   <trkpt lat="46.5289310" lon="12.0158110">
    <ele>2471.6</ele>
    <time>2026-10-02T13:21:08Z</time>
   </trkpt>
   <trkpt lat="46.5289310" lon="12.0158110">
    <ele>2471.5</ele>
    <time>2026-10-02T13:21:09Z</time>
   </trkpt>
   <trkpt lat="46.5289310" lon="12.0158110">
    <ele>2471.5</ele>
    <time>2026-10-02T13:21:10Z</time>
   </trkpt>
   <trkpt lat="46.5289310" lon="12.0158110">
    <ele>2471.5</ele>
    <time>2026-10-02T13:21:11Z</time>
   </trkpt>
   <trkpt lat="46.5289300" lon="12.0157950">
    <ele>2471.5</ele>
    <time>2026-10-02T13:21:12Z</time>
   </trkpt>
   <trkpt lat="46.5289300" lon="12.0157950">
    <ele>2471.5</ele>
    <time>2026-10-02T13:21:13Z</time>
   </trkpt>
   <trkpt lat="46.5289300" lon="12.0157950">
    <ele>2471.5</ele>
    <time>2026-10-02T13:21:14Z</time>
   </trkpt>
   <trkpt lat="46.5289300" lon="12.0157950">
    <ele>2471.5</ele>
    <time>2026-10-02T13:21:15Z</time>
   </trkpt>
   <trkpt lat="46.5289300" lon="12.0157950">
    <ele>2471.5</ele>
    <time>2026-10-02T13:21:16Z</time>
   </trkpt>
   <trkpt lat="46.5289300" lon="12.0158040">
    <ele>2471.5</ele>
    <time>2026-10-02T13:21:17Z</time>
   </trkpt>
   <trkpt lat="46.5289290" lon="12.0158010">
    <ele>2471.5</ele>
    <time>2026-10-02T13:21:18Z</time>
   </trkpt>
   <trkpt lat="46.5289290" lon="12.0158010">
    <ele>2471.5</ele>
    <time>2026-10-02T13:21:19Z</time>
   </trkpt>
   <trkpt lat="46.5289290" lon="12.0158010">
    <ele>2471.5</ele>
    <time>2026-10-02T13:21:20Z</time>
   </trkpt>
   <trkpt lat="46.5289290" lon="12.0158010">
    <ele>2471.5</ele>
    <time>2026-10-02T13:21:21Z</time>
   </trkpt>
   <trkpt lat="46.5289290" lon="12.0158010">
    <ele>2471.5</ele>
    <time>2026-10-02T13:21:22Z</time>
   </trkpt>
   <trkpt lat="46.5289290" lon="12.0158010">
    <ele>2471.5</ele>
    <time>2026-10-02T13:21:23Z</time>
   </trkpt>
   <trkpt lat="46.5289290" lon="12.0158010">
    <ele>2471.5</ele>
    <time>2026-10-02T13:21:24Z</time>
   </trkpt>
   <trkpt lat="46.5289290" lon="12.0158010">
    <ele>2471.4</ele>
    <time>2026-10-02T13:21:25Z</time>
   </trkpt>
   <trkpt lat="46.5289290" lon="12.0158010">
    <ele>2471.4</ele>
    <time>2026-10-02T13:21:26Z</time>
   </trkpt>
   <trkpt lat="46.5289290" lon="12.0158010">
    <ele>2471.4</ele>
    <time>2026-10-02T13:21:27Z</time>
   </trkpt>
   <trkpt lat="46.5289170" lon="12.0158000">
    <ele>2471.4</ele>
    <time>2026-10-02T13:21:28Z</time>
   </trkpt>
   <trkpt lat="46.5289170" lon="12.0158000">
    <ele>2471.4</ele>
    <time>2026-10-02T13:21:29Z</time>
   </trkpt>
   <trkpt lat="46.5289150" lon="12.0157930">
    <ele>2471.4</ele>
    <time>2026-10-02T13:21:30Z</time>
   </trkpt>
   <trkpt lat="46.5289150" lon="12.0157930">
    <ele>2471.4</ele>
    <time>2026-10-02T13:21:31Z</time>
   </trkpt>
   <trkpt lat="46.5289150" lon="12.0157930">
    <ele>2471.4</ele>
    <time>2026-10-02T13:21:32Z</time>
   </trkpt>
   <trkpt lat="46.5289180" lon="12.0157960">
    <ele>2471.4</ele>
    <time>2026-10-02T13:21:33Z</time>
   </trkpt>
   <trkpt lat="46.5289180" lon="12.0157960">
    <ele>2471.4</ele>
    <time>2026-10-02T13:21:34Z</time>
   </trkpt>
   <trkpt lat="46.5289180" lon="12.0157980">
    <ele>2471.4</ele>
    <time>2026-10-02T13:21:35Z</time>
   </trkpt>
   <trkpt lat="46.5289180" lon="12.0157980">
    <ele>2471.3</ele>
    <time>2026-10-02T13:21:36Z</time>
   </trkpt>
   <trkpt lat="46.5289180" lon="12.0157980">
    <ele>2471.3</ele>
    <time>2026-10-02T13:21:37Z</time>
   </trkpt>
   <trkpt lat="46.5289180" lon="12.0157980">
    <ele>2471.3</ele>
    <time>2026-10-02T13:21:38Z</time>
   </trkpt>
   <trkpt lat="46.5289180" lon="12.0157980">
    <ele>2471.3</ele>
    <time>2026-10-02T13:21:39Z</time>
   </trkpt>
   <trkpt lat="46.5289180" lon="12.0157980">
    <ele>2471.3</ele>
    <time>2026-10-02T13:21:40Z</time>
   </trkpt>
   <trkpt lat="46.5289180" lon="12.0157980">
    <ele>2471.3</ele>
    <time>2026-10-02T13:21:41Z</time>
   </trkpt>
   <trkpt lat="46.5289170" lon="12.0158110">
    <ele>2471.3</ele>
    <time>2026-10-02T13:21:42Z</time>
   </trkpt>
   <trkpt lat="46.5289150" lon="12.0158050">
    <ele>2471.3</ele>
    <time>2026-10-02T13:21:43Z</time>
   </trkpt>
   <trkpt lat="46.5289150" lon="12.0158050">
    <ele>2471.3</ele>
    <time>2026-10-02T13:21:44Z</time>
   </trkpt>
   <trkpt lat="46.5289150" lon="12.0158050">
    <ele>2471.3</ele>
    <time>2026-10-02T13:21:45Z</time>
   </trkpt>
   <trkpt lat="46.5289150" lon="12.0158050">
    <ele>2471.2</ele>
    <time>2026-10-02T13:21:46Z</time>
   </trkpt>
   <trkpt lat="46.5289150" lon="12.0158050">
    <ele>2471.2</ele>
    <time>2026-10-02T13:21:47Z</time>
   </trkpt>
   <trkpt lat="46.5289150" lon="12.0158050">
    <ele>2471.2</ele>
    <time>2026-10-02T13:21:48Z</time>
   </trkpt>
   <trkpt lat="46.5289200" lon="12.0158290">
    <ele>2470.0</ele>
    <time>2026-10-02T13:21:49Z</time>
   </trkpt>
   <trkpt lat="46.5289240" lon="12.0158280">
    <ele>2470.0</ele>
    <time>2026-10-02T13:21:50Z</time>
   </trkpt>
   <trkpt lat="46.5289240" lon="12.0158310">
    <ele>2470.0</ele>
    <time>2026-10-02T13:21:51Z</time>
   </trkpt>
   <trkpt lat="46.5289270" lon="12.0158320">
    <ele>2470.0</ele>
    <time>2026-10-02T13:21:52Z</time>
   </trkpt>
   <trkpt lat="46.5289250" lon="12.0158340">
    <ele>2470.0</ele>
    <time>2026-10-02T13:21:53Z</time>
   </trkpt>
   <trkpt lat="46.5289220" lon="12.0158270">
    <ele>2470.0</ele>
    <time>2026-10-02T13:21:54Z</time>
   </trkpt>
   <trkpt lat="46.5289220" lon="12.0158270">
    <ele>2470.0</ele>
    <time>2026-10-02T13:21:55Z</time>
   </trkpt>
   <trkpt lat="46.5289150" lon="12.0158250">
    <ele>2470.0</ele>
    <time>2026-10-02T13:21:56Z</time>
   </trkpt>
   <trkpt lat="46.5289150" lon="12.0158250">
    <ele>2470.0</ele>
    <time>2026-10-02T13:21:57Z</time>
   </trkpt>
   <trkpt lat="46.5289150" lon="12.0158250">
    <ele>2469.9</ele>
    <time>2026-10-02T13:21:58Z</time>
   </trkpt>
   <trkpt lat="46.5289150" lon="12.0158250">
    <ele>2469.9</ele>
    <time>2026-10-02T13:21:59Z</time>
   </trkpt>
   <trkpt lat="46.5289310" lon="12.0158250">
    <ele>2469.9</ele>
    <time>2026-10-02T13:22:00Z</time>
   </trkpt>
   <trkpt lat="46.5289220" lon="12.0158270">
    <ele>2469.9</ele>
    <time>2026-10-02T13:22:01Z</time>
   </trkpt>
   <trkpt lat="46.5289300" lon="12.0158380">
    <ele>2469.9</ele>
    <time>2026-10-02T13:22:02Z</time>
   </trkpt>
   <trkpt lat="46.5289200" lon="12.0158490">
    <ele>2469.9</ele>
    <time>2026-10-02T13:22:03Z</time>
   </trkpt>
   <trkpt lat="46.5289200" lon="12.0158490">
    <ele>2469.9</ele>
    <time>2026-10-02T13:22:04Z</time>
   </trkpt>
   <trkpt lat="46.5289200" lon="12.0158490">
    <ele>2469.9</ele>
    <time>2026-10-02T13:22:05Z</time>
   </trkpt>
   <trkpt lat="46.5289200" lon="12.0158490">
    <ele>2469.9</ele>
    <time>2026-10-02T13:22:06Z</time>
   </trkpt>
   <trkpt lat="46.5289200" lon="12.0158490">
    <ele>2469.9</ele>
    <time>2026-10-02T13:22:07Z</time>
   </trkpt>
   <trkpt lat="46.5289200" lon="12.0158490">
    <ele>2469.9</ele>
    <time>2026-10-02T13:22:08Z</time>
   </trkpt>
   <trkpt lat="46.5289200" lon="12.0158490">
    <ele>2469.8</ele>
    <time>2026-10-02T13:22:09Z</time>
   </trkpt>
   <trkpt lat="46.5289200" lon="12.0158490">
    <ele>2469.8</ele>
    <time>2026-10-02T13:22:10Z</time>
   </trkpt>
   <trkpt lat="46.5289200" lon="12.0158490">
    <ele>2469.8</ele>
    <time>2026-10-02T13:22:11Z</time>
   </trkpt>
   <trkpt lat="46.5289200" lon="12.0158490">
    <ele>2469.8</ele>
    <time>2026-10-02T13:22:12Z</time>
   </trkpt>
   <trkpt lat="46.5289140" lon="12.0158410">
    <ele>2469.8</ele>
    <time>2026-10-02T13:22:13Z</time>
   </trkpt>
   <trkpt lat="46.5289120" lon="12.0158380">
    <ele>2469.8</ele>
    <time>2026-10-02T13:22:14Z</time>
   </trkpt>
   <trkpt lat="46.5289120" lon="12.0158380">
    <ele>2469.8</ele>
    <time>2026-10-02T13:22:15Z</time>
   </trkpt>
   <trkpt lat="46.5289110" lon="12.0158300">
    <ele>2469.8</ele>
    <time>2026-10-02T13:22:16Z</time>
   </trkpt>
   <trkpt lat="46.5289120" lon="12.0158390">
    <ele>2469.8</ele>
    <time>2026-10-02T13:22:17Z</time>
   </trkpt>
   <trkpt lat="46.5289180" lon="12.0158360">
    <ele>2469.8</ele>
    <time>2026-10-02T13:22:18Z</time>
   </trkpt>
   <trkpt lat="46.5289170" lon="12.0158350">
    <ele>2469.7</ele>
    <time>2026-10-02T13:22:19Z</time>
   </trkpt>
   <trkpt lat="46.5289180" lon="12.0158340">
    <ele>2469.7</ele>
    <time>2026-10-02T13:22:20Z</time>
   </trkpt>
   <trkpt lat="46.5289220" lon="12.0158200">
    <ele>2470.9</ele>
    <time>2026-10-02T13:22:21Z</time>
   </trkpt>
   <trkpt lat="46.5289220" lon="12.0158250">
    <ele>2469.7</ele>
    <time>2026-10-02T13:22:22Z</time>
   </trkpt>
   <trkpt lat="46.5289250" lon="12.0158200">
    <ele>2470.9</ele>
    <time>2026-10-02T13:22:23Z</time>
   </trkpt>
   <trkpt lat="46.5289260" lon="12.0158160">
    <ele>2470.9</ele>
    <time>2026-10-02T13:22:24Z</time>
   </trkpt>
   <trkpt lat="46.5289280" lon="12.0158230">
    <ele>2470.9</ele>
    <time>2026-10-02T13:22:25Z</time>
   </trkpt>
   <trkpt lat="46.5289390" lon="12.0158050">
    <ele>2470.8</ele>
    <time>2026-10-02T13:22:26Z</time>
   </trkpt>
   <trkpt lat="46.5289440" lon="12.0158040">
    <ele>2470.8</ele>
    <time>2026-10-02T13:22:27Z</time>
   </trkpt>
   <trkpt lat="46.5289480" lon="12.0158040">
    <ele>2470.8</ele>
    <time>2026-10-02T13:22:28Z</time>
   </trkpt>
   <trkpt lat="46.5289480" lon="12.0158060">
    <ele>2470.8</ele>
    <time>2026-10-02T13:22:29Z</time>
   </trkpt>
   <trkpt lat="46.5289470" lon="12.0158070">
    <ele>2470.8</ele>
    <time>2026-10-02T13:22:30Z</time>
   </trkpt>
   <trkpt lat="46.5289470" lon="12.0158000">
    <ele>2470.8</ele>
    <time>2026-10-02T13:22:31Z</time>
   </trkpt>
   <trkpt lat="46.5289530" lon="12.0158010">
    <ele>2470.8</ele>
    <time>2026-10-02T13:22:32Z</time>
   </trkpt>
   <trkpt lat="46.5289530" lon="12.0158030">
    <ele>2470.8</ele>
    <time>2026-10-02T13:22:33Z</time>
   </trkpt>
   <trkpt lat="46.5289530" lon="12.0158030">
    <ele>2470.8</ele>
    <time>2026-10-02T13:22:34Z</time>
   </trkpt>
   <trkpt lat="46.5289530" lon="12.0158030">
    <ele>2470.7</ele>
    <time>2026-10-02T13:22:35Z</time>
   </trkpt>
   <trkpt lat="46.5289530" lon="12.0158030">
    <ele>2470.7</ele>
    <time>2026-10-02T13:22:36Z</time>
   </trkpt>
   <trkpt lat="46.5289530" lon="12.0158030">
    <ele>2470.7</ele>
    <time>2026-10-02T13:22:37Z</time>
   </trkpt>
   <trkpt lat="46.5289530" lon="12.0158030">
    <ele>2470.7</ele>
    <time>2026-10-02T13:22:38Z</time>
   </trkpt>
   <trkpt lat="46.5289550" lon="12.0157980">
    <ele>2470.7</ele>
    <time>2026-10-02T13:22:39Z</time>
   </trkpt>
   <trkpt lat="46.5289490" lon="12.0157910">
    <ele>2470.7</ele>
    <time>2026-10-02T13:22:40Z</time>
   </trkpt>
   <trkpt lat="46.5289520" lon="12.0157820">
    <ele>2470.7</ele>
    <time>2026-10-02T13:22:41Z</time>
   </trkpt>
   <trkpt lat="46.5289550" lon="12.0157810">
    <ele>2471.9</ele>
    <time>2026-10-02T13:22:42Z</time>
   </trkpt>
   <trkpt lat="46.5289540" lon="12.0157870">
    <ele>2470.7</ele>
    <time>2026-10-02T13:22:43Z</time>
   </trkpt>
   <trkpt lat="46.5289520" lon="12.0157740">
    <ele>2471.9</ele>
    <time>2026-10-02T13:22:44Z</time>
   </trkpt>
   <trkpt lat="46.5289470" lon="12.0157720">
    <ele>2471.9</ele>
    <time>2026-10-02T13:22:45Z</time>
   </trkpt>
   <trkpt lat="46.5289590" lon="12.0157720">
    <ele>2471.9</ele>
    <time>2026-10-02T13:22:46Z</time>
   </trkpt>
   <trkpt lat="46.5289570" lon="12.0157770">
    <ele>2471.9</ele>
    <time>2026-10-02T13:22:47Z</time>
   </trkpt>
   <trkpt lat="46.5289550" lon="12.0157770">
    <ele>2471.9</ele>
    <time>2026-10-02T13:22:48Z</time>
   </trkpt>
   <trkpt lat="46.5289600" lon="12.0157690">
    <ele>2471.8</ele>
    <time>2026-10-02T13:22:49Z</time>
   </trkpt>
   <trkpt lat="46.5289620" lon="12.0157640">
    <ele>2471.8</ele>
    <time>2026-10-02T13:22:50Z</time>
   </trkpt>
   <trkpt lat="46.5289630" lon="12.0157600">
    <ele>2471.8</ele>
    <time>2026-10-02T13:22:51Z</time>
   </trkpt>
   <trkpt lat="46.5289640" lon="12.0157670">
    <ele>2471.8</ele>
    <time>2026-10-02T13:22:52Z</time>
   </trkpt>
   <trkpt lat="46.5289640" lon="12.0157670">
    <ele>2471.8</ele>
    <time>2026-10-02T13:22:53Z</time>
   </trkpt>
   <trkpt lat="46.5289640" lon="12.0157670">
    <ele>2471.8</ele>
    <time>2026-10-02T13:22:54Z</time>
   </trkpt>
   <trkpt lat="46.5289640" lon="12.0157670">
    <ele>2471.8</ele>
    <time>2026-10-02T13:22:55Z</time>
   </trkpt>
   <trkpt lat="46.5289640" lon="12.0157670">
    <ele>2471.8</ele>
    <time>2026-10-02T13:22:56Z</time>
   </trkpt>
   <trkpt lat="46.5289640" lon="12.0157670">
    <ele>2471.8</ele>
    <time>2026-10-02T13:22:57Z</time>
   </trkpt>
   <trkpt lat="46.5289640" lon="12.0157670">
    <ele>2471.7</ele>
    <time>2026-10-02T13:22:58Z</time>
   </trkpt>
   <trkpt lat="46.5289640" lon="12.0157670">
    <ele>2471.7</ele>
    <time>2026-10-02T13:22:59Z</time>
   </trkpt>
   <trkpt lat="46.5289640" lon="12.0157670">
    <ele>2471.7</ele>
    <time>2026-10-02T13:23:00Z</time>
   </trkpt>
   <trkpt lat="46.5289640" lon="12.0157670">
    <ele>2471.7</ele>
    <time>2026-10-02T13:23:01Z</time>
   </trkpt>
   <trkpt lat="46.5289710" lon="12.0157670">
    <ele>2471.7</ele>
    <time>2026-10-02T13:23:02Z</time>
   </trkpt>
   <trkpt lat="46.5289680" lon="12.0157670">
    <ele>2471.7</ele>
    <time>2026-10-02T13:23:03Z</time>
   </trkpt>
   <trkpt lat="46.5289690" lon="12.0157640">
    <ele>2471.7</ele>
    <time>2026-10-02T13:23:04Z</time>
   </trkpt>
   <trkpt lat="46.5289720" lon="12.0157600">
    <ele>2471.7</ele>
    <time>2026-10-02T13:23:05Z</time>
   </trkpt>
   <trkpt lat="46.5289740" lon="12.0157530">
    <ele>2471.7</ele>
    <time>2026-10-02T13:23:06Z</time>
   </trkpt>
   <trkpt lat="46.5289780" lon="12.0157460">
    <ele>2471.7</ele>
    <time>2026-10-02T13:23:07Z</time>
   </trkpt>
   <trkpt lat="46.5289790" lon="12.0157400">
    <ele>2471.6</ele>
    <time>2026-10-02T13:23:08Z</time>
   </trkpt>
   <trkpt lat="46.5289860" lon="12.0157380">
    <ele>2472.9</ele>
    <time>2026-10-02T13:23:09Z</time>
   </trkpt>
   <trkpt lat="46.5289840" lon="12.0157400">
    <ele>2471.6</ele>
    <time>2026-10-02T13:23:10Z</time>
   </trkpt>
   <trkpt lat="46.5289840" lon="12.0157400">
    <ele>2471.6</ele>
    <time>2026-10-02T13:23:11Z</time>
   </trkpt>
   <trkpt lat="46.5289840" lon="12.0157400">
    <ele>2471.6</ele>
    <time>2026-10-02T13:23:12Z</time>
   </trkpt>
   <trkpt lat="46.5289840" lon="12.0157400">
    <ele>2471.6</ele>
    <time>2026-10-02T13:23:13Z</time>
   </trkpt>
   <trkpt lat="46.5289840" lon="12.0157400">
    <ele>2471.6</ele>
    <time>2026-10-02T13:23:14Z</time>
   </trkpt>
   <trkpt lat="46.5289840" lon="12.0157400">
    <ele>2471.6</ele>
    <time>2026-10-02T13:23:15Z</time>
   </trkpt>
   <trkpt lat="46.5289840" lon="12.0157400">
    <ele>2471.6</ele>
    <time>2026-10-02T13:23:16Z</time>
   </trkpt>
   <trkpt lat="46.5289880" lon="12.0157290">
    <ele>2472.9</ele>
    <time>2026-10-02T13:23:17Z</time>
   </trkpt>
   <trkpt lat="46.5289860" lon="12.0157300">
    <ele>2472.9</ele>
    <time>2026-10-02T13:23:18Z</time>
   </trkpt>
   <trkpt lat="46.5289860" lon="12.0157290">
    <ele>2472.8</ele>
    <time>2026-10-02T13:23:19Z</time>
   </trkpt>
   <trkpt lat="46.5289850" lon="12.0157300">
    <ele>2472.8</ele>
    <time>2026-10-02T13:23:20Z</time>
   </trkpt>
   <trkpt lat="46.5289850" lon="12.0157300">
    <ele>2472.8</ele>
    <time>2026-10-02T13:23:21Z</time>
   </trkpt>
   <trkpt lat="46.5289930" lon="12.0157250">
    <ele>2472.8</ele>
    <time>2026-10-02T13:23:22Z</time>
   </trkpt>
   <trkpt lat="46.5289890" lon="12.0157240">
    <ele>2472.8</ele>
    <time>2026-10-02T13:23:23Z</time>
   </trkpt>
   <trkpt lat="46.5289850" lon="12.0157220">
    <ele>2472.8</ele>
    <time>2026-10-02T13:23:24Z</time>
   </trkpt>
   <trkpt lat="46.5289940" lon="12.0157140">
    <ele>2472.8</ele>
    <time>2026-10-02T13:23:25Z</time>
   </trkpt>
   <trkpt lat="46.5289940" lon="12.0157070">
    <ele>2472.8</ele>
    <time>2026-10-02T13:23:26Z</time>
   </trkpt>
   <trkpt lat="46.5289900" lon="12.0157040">
    <ele>2472.8</ele>
    <time>2026-10-02T13:23:27Z</time>
   </trkpt>
   <trkpt lat="46.5289920" lon="12.0157000">
    <ele>2472.8</ele>
    <time>2026-10-02T13:23:28Z</time>
   </trkpt>
   <trkpt lat="46.5289900" lon="12.0156890">
    <ele>2474.1</ele>
    <time>2026-10-02T13:23:29Z</time>
   </trkpt>
   <trkpt lat="46.5289850" lon="12.0157010">
    <ele>2472.7</ele>
    <time>2026-10-02T13:23:30Z</time>
   </trkpt>
   <trkpt lat="46.5289840" lon="12.0157030">
    <ele>2472.7</ele>
    <time>2026-10-02T13:23:31Z</time>
   </trkpt>
   <trkpt lat="46.5289880" lon="12.0157030">
    <ele>2472.7</ele>
    <time>2026-10-02T13:23:32Z</time>
   </trkpt>
   <trkpt lat="46.5289910" lon="12.0156960">
    <ele>2472.7</ele>
    <time>2026-10-02T13:23:33Z</time>
   </trkpt>
   <trkpt lat="46.5289970" lon="12.0156850">
    <ele>2474.1</ele>
    <time>2026-10-02T13:23:34Z</time>
   </trkpt>
   <trkpt lat="46.5289970" lon="12.0156800">
    <ele>2474.1</ele>
    <time>2026-10-02T13:23:35Z</time>
   </trkpt>
   <trkpt lat="46.5289880" lon="12.0156710">
    <ele>2474.0</ele>
    <time>2026-10-02T13:23:36Z</time>
   </trkpt>
   <trkpt lat="46.5289850" lon="12.0156680">
    <ele>2474.0</ele>
    <time>2026-10-02T13:23:37Z</time>
   </trkpt>
   <trkpt lat="46.5289860" lon="12.0156560">
    <ele>2474.0</ele>
    <time>2026-10-02T13:23:38Z</time>
   </trkpt>
   <trkpt lat="46.5289850" lon="12.0156550">
    <ele>2474.0</ele>
    <time>2026-10-02T13:23:39Z</time>
   </trkpt>
   <trkpt lat="46.5289890" lon="12.0156420">
    <ele>2475.4</ele>
    <time>2026-10-02T13:23:40Z</time>
   </trkpt>
   <trkpt lat="46.5289980" lon="12.0156310">
    <ele>2475.4</ele>
    <time>2026-10-02T13:23:41Z</time>
   </trkpt>
   <trkpt lat="46.5290030" lon="12.0156220">
    <ele>2475.4</ele>
    <time>2026-10-02T13:23:42Z</time>
   </trkpt>
   <trkpt lat="46.5290090" lon="12.0156140">
    <ele>2475.4</ele>
    <time>2026-10-02T13:23:43Z</time>
   </trkpt>
   <trkpt lat="46.5290110" lon="12.0156010">
    <ele>2476.8</ele>
    <time>2026-10-02T13:23:44Z</time>
   </trkpt>
   <trkpt lat="46.5290010" lon="12.0155950">
    <ele>2476.8</ele>
    <time>2026-10-02T13:23:45Z</time>
   </trkpt>
   <trkpt lat="46.5289940" lon="12.0155840">
    <ele>2476.8</ele>
    <time>2026-10-02T13:23:46Z</time>
   </trkpt>
   <trkpt lat="46.5289930" lon="12.0155800">
    <ele>2476.8</ele>
    <time>2026-10-02T13:23:47Z</time>
   </trkpt>
   <trkpt lat="46.5289910" lon="12.0155580">
    <ele>2478.1</ele>
    <time>2026-10-02T13:23:48Z</time>
   </trkpt>
   <trkpt lat="46.5289890" lon="12.0155470">
    <ele>2478.1</ele>
    <time>2026-10-02T13:23:49Z</time>
   </trkpt>
   <trkpt lat="46.5289920" lon="12.0155360">
    <ele>2478.1</ele>
    <time>2026-10-02T13:23:50Z</time>
   </trkpt>
   <trkpt lat="46.5289900" lon="12.0155250">
    <ele>2478.1</ele>
    <time>2026-10-02T13:23:51Z</time>
   </trkpt>
   <trkpt lat="46.5289960" lon="12.0155220">
    <ele>2479.5</ele>
    <time>2026-10-02T13:23:52Z</time>
   </trkpt>
   <trkpt lat="46.5289940" lon="12.0155190">
    <ele>2479.5</ele>
    <time>2026-10-02T13:23:53Z</time>
   </trkpt>
   <trkpt lat="46.5289960" lon="12.0155130">
    <ele>2479.4</ele>
    <time>2026-10-02T13:23:54Z</time>
   </trkpt>
   <trkpt lat="46.5289920" lon="12.0155140">
    <ele>2479.4</ele>
    <time>2026-10-02T13:23:55Z</time>
   </trkpt>
   <trkpt lat="46.5289910" lon="12.0155150">
    <ele>2479.4</ele>
    <time>2026-10-02T13:23:56Z</time>
   </trkpt>
   <trkpt lat="46.5289910" lon="12.0155150">
    <ele>2479.4</ele>
    <time>2026-10-02T13:23:57Z</time>
   </trkpt>
   <trkpt lat="46.5289910" lon="12.0155150">
    <ele>2479.4</ele>
    <time>2026-10-02T13:23:58Z</time>
   </trkpt>
   <trkpt lat="46.5289910" lon="12.0155170">
    <ele>2479.4</ele>
    <time>2026-10-02T13:23:59Z</time>
   </trkpt>
   <trkpt lat="46.5289910" lon="12.0155180">
    <ele>2479.4</ele>
    <time>2026-10-02T13:24:00Z</time>
   </trkpt>
   <trkpt lat="46.5289910" lon="12.0155170">
    <ele>2479.4</ele>
    <time>2026-10-02T13:24:01Z</time>
   </trkpt>
   <trkpt lat="46.5289920" lon="12.0155200">
    <ele>2479.4</ele>
    <time>2026-10-02T13:24:02Z</time>
   </trkpt>
   <trkpt lat="46.5289930" lon="12.0155150">
    <ele>2479.4</ele>
    <time>2026-10-02T13:24:03Z</time>
   </trkpt>
   <trkpt lat="46.5290010" lon="12.0155100">
    <ele>2479.3</ele>
    <time>2026-10-02T13:24:04Z</time>
   </trkpt>
   <trkpt lat="46.5290060" lon="12.0154970">
    <ele>2479.3</ele>
    <time>2026-10-02T13:24:05Z</time>
   </trkpt>
   <trkpt lat="46.5290090" lon="12.0154850">
    <ele>2479.3</ele>
    <time>2026-10-02T13:24:06Z</time>
   </trkpt>
   <trkpt lat="46.5290110" lon="12.0154750">
    <ele>2480.6</ele>
    <time>2026-10-02T13:24:07Z</time>
   </trkpt>
   <trkpt lat="46.5290120" lon="12.0154670">
    <ele>2480.6</ele>
    <time>2026-10-02T13:24:08Z</time>
   </trkpt>
   <trkpt lat="46.5290150" lon="12.0154600">
    <ele>2480.6</ele>
    <time>2026-10-02T13:24:09Z</time>
   </trkpt>
   <trkpt lat="46.5290200" lon="12.0154460">
    <ele>2480.7</ele>
    <time>2026-10-02T13:24:10Z</time>
   </trkpt>
   <trkpt lat="46.5290230" lon="12.0154290">
    <ele>2482.0</ele>
    <time>2026-10-02T13:24:11Z</time>
   </trkpt>
   <trkpt lat="46.5290250" lon="12.0154140">
    <ele>2482.0</ele>
    <time>2026-10-02T13:24:12Z</time>
   </trkpt>
   <trkpt lat="46.5290240" lon="12.0153960">
    <ele>2482.0</ele>
    <time>2026-10-02T13:24:13Z</time>
   </trkpt>
   <trkpt lat="46.5290250" lon="12.0153860">
    <ele>2483.3</ele>
    <time>2026-10-02T13:24:14Z</time>
   </trkpt>
   <trkpt lat="46.5290250" lon="12.0153750">
    <ele>2483.3</ele>
    <time>2026-10-02T13:24:15Z</time>
   </trkpt>
   <trkpt lat="46.5290220" lon="12.0153610">
    <ele>2483.3</ele>
    <time>2026-10-02T13:24:16Z</time>
   </trkpt>
   <trkpt lat="46.5290170" lon="12.0153440">
    <ele>2484.7</ele>
    <time>2026-10-02T13:24:17Z</time>
   </trkpt>
   <trkpt lat="46.5290130" lon="12.0153320">
    <ele>2484.6</ele>
    <time>2026-10-02T13:24:18Z</time>
   </trkpt>
   <trkpt lat="46.5290130" lon="12.0153240">
    <ele>2484.6</ele>
    <time>2026-10-02T13:24:19Z</time>
   </trkpt>
   <trkpt lat="46.5290100" lon="12.0153050">
    <ele>2486.1</ele>
    <time>2026-10-02T13:24:20Z</time>
   </trkpt>
   <trkpt lat="46.5290080" lon="12.0152990">
    <ele>2486.1</ele>
    <time>2026-10-02T13:24:21Z</time>
   </trkpt>
   <trkpt lat="46.5290060" lon="12.0152910">
    <ele>2486.1</ele>
    <time>2026-10-02T13:24:22Z</time>
   </trkpt>
   <trkpt lat="46.5290080" lon="12.0152990">
    <ele>2486.1</ele>
    <time>2026-10-02T13:24:23Z</time>
   </trkpt>
   <trkpt lat="46.5290100" lon="12.0153000">
    <ele>2486.1</ele>
    <time>2026-10-02T13:24:24Z</time>
   </trkpt>
   <trkpt lat="46.5290110" lon="12.0153000">
    <ele>2486.1</ele>
    <time>2026-10-02T13:24:25Z</time>
   </trkpt>
   <trkpt lat="46.5290130" lon="12.0153000">
    <ele>2486.1</ele>
    <time>2026-10-02T13:24:26Z</time>
   </trkpt>
   <trkpt lat="46.5290120" lon="12.0152970">
    <ele>2486.1</ele>
    <time>2026-10-02T13:24:27Z</time>
   </trkpt>
   <trkpt lat="46.5290060" lon="12.0152950">
    <ele>2486.0</ele>
    <time>2026-10-02T13:24:28Z</time>
   </trkpt>
   <trkpt lat="46.5290060" lon="12.0152970">
    <ele>2486.0</ele>
    <time>2026-10-02T13:24:29Z</time>
   </trkpt>
   <trkpt lat="46.5290090" lon="12.0152990">
    <ele>2486.0</ele>
    <time>2026-10-02T13:24:30Z</time>
   </trkpt>
   <trkpt lat="46.5290080" lon="12.0152990">
    <ele>2486.0</ele>
    <time>2026-10-02T13:24:31Z</time>
   </trkpt>
   <trkpt lat="46.5290080" lon="12.0153010">
    <ele>2486.0</ele>
    <time>2026-10-02T13:24:32Z</time>
   </trkpt>
   <trkpt lat="46.5290120" lon="12.0153050">
    <ele>2486.0</ele>
    <time>2026-10-02T13:24:33Z</time>
   </trkpt>
   <trkpt lat="46.5290130" lon="12.0153150">
    <ele>2484.5</ele>
    <time>2026-10-02T13:24:34Z</time>
   </trkpt>
   <trkpt lat="46.5290170" lon="12.0153040">
    <ele>2486.0</ele>
    <time>2026-10-02T13:24:35Z</time>
   </trkpt>
   <trkpt lat="46.5290240" lon="12.0153020">
    <ele>2486.1</ele>
    <time>2026-10-02T13:24:36Z</time>
   </trkpt>
   <trkpt lat="46.5290280" lon="12.0152880">
    <ele>2486.0</ele>
    <time>2026-10-02T13:24:37Z</time>
   </trkpt>
   <trkpt lat="46.5290300" lon="12.0152750">
    <ele>2486.0</ele>
    <time>2026-10-02T13:24:38Z</time>
   </trkpt>
   <trkpt lat="46.5290330" lon="12.0152570">
    <ele>2487.6</ele>
    <time>2026-10-02T13:24:39Z</time>
   </trkpt>
   <trkpt lat="46.5290410" lon="12.0152520">
    <ele>2487.5</ele>
    <time>2026-10-02T13:24:40Z</time>
   </trkpt>
   <trkpt lat="46.5290430" lon="12.0152450">
    <ele>2487.5</ele>
    <time>2026-10-02T13:24:41Z</time>
   </trkpt>
   <trkpt lat="46.5290480" lon="12.0152380">
    <ele>2487.5</ele>
    <time>2026-10-02T13:24:42Z</time>
   </trkpt>
   <trkpt lat="46.5290550" lon="12.0152260">
    <ele>2487.7</ele>
    <time>2026-10-02T13:24:43Z</time>
   </trkpt>
   <trkpt lat="46.5290560" lon="12.0152140">
    <ele>2489.2</ele>
    <time>2026-10-02T13:24:44Z</time>
   </trkpt>
   <trkpt lat="46.5290530" lon="12.0152020">
    <ele>2489.2</ele>
    <time>2026-10-02T13:24:45Z</time>
   </trkpt>
   <trkpt lat="46.5290540" lon="12.0152010">
    <ele>2489.2</ele>
    <time>2026-10-02T13:24:46Z</time>
   </trkpt>
   <trkpt lat="46.5290590" lon="12.0151890">
    <ele>2489.1</ele>
    <time>2026-10-02T13:24:47Z</time>
   </trkpt>
   <trkpt lat="46.5290600" lon="12.0151800">
    <ele>2490.6</ele>
    <time>2026-10-02T13:24:48Z</time>
   </trkpt>
   <trkpt lat="46.5290610" lon="12.0151790">
    <ele>2490.6</ele>
    <time>2026-10-02T13:24:49Z</time>
   </trkpt>
   <trkpt lat="46.5290680" lon="12.0151710">
    <ele>2490.6</ele>
    <time>2026-10-02T13:24:50Z</time>
   </trkpt>
   <trkpt lat="46.5290740" lon="12.0151580">
    <ele>2490.6</ele>
    <time>2026-10-02T13:24:51Z</time>
   </trkpt>
   <trkpt lat="46.5290780" lon="12.0151480">
    <ele>2490.8</ele>
    <time>2026-10-02T13:24:52Z</time>
   </trkpt>
   <trkpt lat="46.5290770" lon="12.0151450">
    <ele>2490.6</ele>
    <time>2026-10-02T13:24:53Z</time>
   </trkpt>
   <trkpt lat="46.5290810" lon="12.0151300">
    <ele>2492.2</ele>
    <time>2026-10-02T13:24:54Z</time>
   </trkpt>
   <trkpt lat="46.5290840" lon="12.0151270">
    <ele>2492.2</ele>
    <time>2026-10-02T13:24:55Z</time>
   </trkpt>
   <trkpt lat="46.5290870" lon="12.0151220">
    <ele>2492.2</ele>
    <time>2026-10-02T13:24:56Z</time>
   </trkpt>
   <trkpt lat="46.5290930" lon="12.0151120">
    <ele>2492.2</ele>
    <time>2026-10-02T13:24:57Z</time>
   </trkpt>
   <trkpt lat="46.5290970" lon="12.0151100">
    <ele>2492.2</ele>
    <time>2026-10-02T13:24:58Z</time>
   </trkpt>
   <trkpt lat="46.5291020" lon="12.0151030">
    <ele>2492.2</ele>
    <time>2026-10-02T13:24:59Z</time>
   </trkpt>
   <trkpt lat="46.5291060" lon="12.0150950">
    <ele>2492.2</ele>
    <time>2026-10-02T13:25:00Z</time>
   </trkpt>
   <trkpt lat="46.5291110" lon="12.0150930">
    <ele>2493.9</ele>
    <time>2026-10-02T13:25:01Z</time>
   </trkpt>
   <trkpt lat="46.5291160" lon="12.0150890">
    <ele>2493.9</ele>
    <time>2026-10-02T13:25:02Z</time>
   </trkpt>
   <trkpt lat="46.5291230" lon="12.0150750">
    <ele>2493.9</ele>
    <time>2026-10-02T13:25:03Z</time>
   </trkpt>
   <trkpt lat="46.5291270" lon="12.0150640">
    <ele>2493.9</ele>
    <time>2026-10-02T13:25:04Z</time>
   </trkpt>
   <trkpt lat="46.5291310" lon="12.0150520">
    <ele>2493.9</ele>
    <time>2026-10-02T13:25:05Z</time>
   </trkpt>
   <trkpt lat="46.5291470" lon="12.0150460">
    <ele>2495.8</ele>
    <time>2026-10-02T13:25:06Z</time>
   </trkpt>
   <trkpt lat="46.5291520" lon="12.0150430">
    <ele>2495.8</ele>
    <time>2026-10-02T13:25:07Z</time>
   </trkpt>
   <trkpt lat="46.5291560" lon="12.0150360">
    <ele>2495.8</ele>
    <time>2026-10-02T13:25:08Z</time>
   </trkpt>
   <trkpt lat="46.5291580" lon="12.0150320">
    <ele>2495.7</ele>
    <time>2026-10-02T13:25:09Z</time>
   </trkpt>
   <trkpt lat="46.5291680" lon="12.0150210">
    <ele>2496.3</ele>
    <time>2026-10-02T13:25:10Z</time>
   </trkpt>
   <trkpt lat="46.5291720" lon="12.0150130">
    <ele>2496.2</ele>
    <time>2026-10-02T13:25:11Z</time>
   </trkpt>
   <trkpt lat="46.5291780" lon="12.0150100">
    <ele>2496.2</ele>
    <time>2026-10-02T13:25:12Z</time>
   </trkpt>
   <trkpt lat="46.5291800" lon="12.0150110">
    <ele>2496.2</ele>
    <time>2026-10-02T13:25:13Z</time>
   </trkpt>
   <trkpt lat="46.5291920" lon="12.0150000">
    <ele>2497.7</ele>
    <time>2026-10-02T13:25:14Z</time>
   </trkpt>
   <trkpt lat="46.5292020" lon="12.0149940">
    <ele>2498.3</ele>
    <time>2026-10-02T13:25:15Z</time>
   </trkpt>
   <trkpt lat="46.5292050" lon="12.0149880">
    <ele>2498.3</ele>
    <time>2026-10-02T13:25:16Z</time>
   </trkpt>
   <trkpt lat="46.5291990" lon="12.0149900">
    <ele>2498.3</ele>
    <time>2026-10-02T13:25:17Z</time>
   </trkpt>
   <trkpt lat="46.5291990" lon="12.0149900">
    <ele>2498.3</ele>
    <time>2026-10-02T13:25:18Z</time>
   </trkpt>
   <trkpt lat="46.5291990" lon="12.0149900">
    <ele>2498.3</ele>
    <time>2026-10-02T13:25:19Z</time>
   </trkpt>
   <trkpt lat="46.5292040" lon="12.0149930">
    <ele>2498.3</ele>
    <time>2026-10-02T13:25:20Z</time>
   </trkpt>
   <trkpt lat="46.5292120" lon="12.0149860">
    <ele>2498.2</ele>
    <time>2026-10-02T13:25:21Z</time>
   </trkpt>
   <trkpt lat="46.5292180" lon="12.0149770">
    <ele>2498.2</ele>
    <time>2026-10-02T13:25:22Z</time>
   </trkpt>
   <trkpt lat="46.5292250" lon="12.0149760">
    <ele>2498.2</ele>
    <time>2026-10-02T13:25:23Z</time>
   </trkpt>
   <trkpt lat="46.5292310" lon="12.0149720">
    <ele>2498.9</ele>
    <time>2026-10-02T13:25:24Z</time>
   </trkpt>
   <trkpt lat="46.5292360" lon="12.0149650">
    <ele>2500.4</ele>
    <time>2026-10-02T13:25:25Z</time>
   </trkpt>
   <trkpt lat="46.5292400" lon="12.0149610">
    <ele>2500.4</ele>
    <time>2026-10-02T13:25:26Z</time>
   </trkpt>
   <trkpt lat="46.5292500" lon="12.0149530">
    <ele>2500.4</ele>
    <time>2026-10-02T13:25:27Z</time>
   </trkpt>
   <trkpt lat="46.5292580" lon="12.0149480">
    <ele>2501.1</ele>
    <time>2026-10-02T13:25:28Z</time>
   </trkpt>
   <trkpt lat="46.5292640" lon="12.0149480">
    <ele>2501.1</ele>
    <time>2026-10-02T13:25:29Z</time>
   </trkpt>
   <trkpt lat="46.5292680" lon="12.0149480">
    <ele>2501.1</ele>
    <time>2026-10-02T13:25:30Z</time>
   </trkpt>
   <trkpt lat="46.5292710" lon="12.0149420">
    <ele>2501.0</ele>
    <time>2026-10-02T13:25:31Z</time>
   </trkpt>
   <trkpt lat="46.5292790" lon="12.0149500">
    <ele>2501.0</ele>
    <time>2026-10-02T13:25:32Z</time>
   </trkpt>
   <trkpt lat="46.5292880" lon="12.0149450">
    <ele>2501.8</ele>
    <time>2026-10-02T13:25:33Z</time>
   </trkpt>
   <trkpt lat="46.5292960" lon="12.0149410">
    <ele>2501.8</ele>
    <time>2026-10-02T13:25:34Z</time>
   </trkpt>
   <trkpt lat="46.5293030" lon="12.0149400">
    <ele>2501.7</ele>
    <time>2026-10-02T13:25:35Z</time>
   </trkpt>
   <trkpt lat="46.5293130" lon="12.0149460">
    <ele>2501.7</ele>
    <time>2026-10-02T13:25:36Z</time>
   </trkpt>
   <trkpt lat="46.5293190" lon="12.0149480">
    <ele>2502.5</ele>
    <time>2026-10-02T13:25:37Z</time>
   </trkpt>
   <trkpt lat="46.5293240" lon="12.0149440">
    <ele>2502.5</ele>
    <time>2026-10-02T13:25:38Z</time>
   </trkpt>
   <trkpt lat="46.5293290" lon="12.0149440">
    <ele>2502.5</ele>
    <time>2026-10-02T13:25:39Z</time>
   </trkpt>
   <trkpt lat="46.5293350" lon="12.0149450">
    <ele>2502.5</ele>
    <time>2026-10-02T13:25:40Z</time>
   </trkpt>
   <trkpt lat="46.5293420" lon="12.0149430">
    <ele>2502.5</ele>
    <time>2026-10-02T13:25:41Z</time>
   </trkpt>
   <trkpt lat="46.5293440" lon="12.0149440">
    <ele>2503.3</ele>
    <time>2026-10-02T13:25:42Z</time>
   </trkpt>
   <trkpt lat="46.5293540" lon="12.0149390">
    <ele>2503.3</ele>
    <time>2026-10-02T13:25:43Z</time>
   </trkpt>
   <trkpt lat="46.5293570" lon="12.0149240">
    <ele>2503.3</ele>
    <time>2026-10-02T13:25:44Z</time>
   </trkpt>
   <trkpt lat="46.5293510" lon="12.0149220">
    <ele>2504.7</ele>
    <time>2026-10-02T13:25:45Z</time>
   </trkpt>
   <trkpt lat="46.5293550" lon="12.0149290">
    <ele>2503.3</ele>
    <time>2026-10-02T13:25:46Z</time>
   </trkpt>
   <trkpt lat="46.5293590" lon="12.0149260">
    <ele>2503.3</ele>
    <time>2026-10-02T13:25:47Z</time>
   </trkpt>
   <trkpt lat="46.5293600" lon="12.0149240">
    <ele>2503.2</ele>
    <time>2026-10-02T13:25:48Z</time>
   </trkpt>
   <trkpt lat="46.5293610" lon="12.0149240">
    <ele>2503.2</ele>
    <time>2026-10-02T13:25:49Z</time>
   </trkpt>
   <trkpt lat="46.5293660" lon="12.0149270">
    <ele>2503.2</ele>
    <time>2026-10-02T13:25:50Z</time>
   </trkpt>
   <trkpt lat="46.5293710" lon="12.0149300">
    <ele>2503.2</ele>
    <time>2026-10-02T13:25:51Z</time>
   </trkpt>
   <trkpt lat="46.5293680" lon="12.0149290">
    <ele>2503.2</ele>
    <time>2026-10-02T13:25:52Z</time>
   </trkpt>
   <trkpt lat="46.5293690" lon="12.0149230">
    <ele>2504.7</ele>
    <time>2026-10-02T13:25:53Z</time>
   </trkpt>
   <trkpt lat="46.5293710" lon="12.0149220">
    <ele>2504.6</ele>
    <time>2026-10-02T13:25:54Z</time>
   </trkpt>
   <trkpt lat="46.5293740" lon="12.0149190">
    <ele>2505.6</ele>
    <time>2026-10-02T13:25:55Z</time>
   </trkpt>
   <trkpt lat="46.5293860" lon="12.0149220">
    <ele>2505.5</ele>
    <time>2026-10-02T13:25:56Z</time>
   </trkpt>
   <trkpt lat="46.5293940" lon="12.0149250">
    <ele>2504.1</ele>
    <time>2026-10-02T13:25:57Z</time>
   </trkpt>
   <trkpt lat="46.5293960" lon="12.0149260">
    <ele>2504.1</ele>
    <time>2026-10-02T13:25:58Z</time>
   </trkpt>
   <trkpt lat="46.5294030" lon="12.0149180">
    <ele>2506.6</ele>
    <time>2026-10-02T13:25:59Z</time>
   </trkpt>
   <trkpt lat="46.5294090" lon="12.0149160">
    <ele>2506.5</ele>
    <time>2026-10-02T13:26:00Z</time>
   </trkpt>
   <trkpt lat="46.5294220" lon="12.0149100">
    <ele>2506.5</ele>
    <time>2026-10-02T13:26:01Z</time>
   </trkpt>
   <trkpt lat="46.5294260" lon="12.0149050">
    <ele>2506.5</ele>
    <time>2026-10-02T13:26:02Z</time>
   </trkpt>
   <trkpt lat="46.5294300" lon="12.0149060">
    <ele>2506.5</ele>
    <time>2026-10-02T13:26:03Z</time>
   </trkpt>
   <trkpt lat="46.5294370" lon="12.0149040">
    <ele>2507.6</ele>
    <time>2026-10-02T13:26:04Z</time>
   </trkpt>
   <trkpt lat="46.5294400" lon="12.0149070">
    <ele>2507.6</ele>
    <time>2026-10-02T13:26:05Z</time>
   </trkpt>
   <trkpt lat="46.5294420" lon="12.0149160">
    <ele>2507.6</ele>
    <time>2026-10-02T13:26:06Z</time>
   </trkpt>
   <trkpt lat="46.5294560" lon="12.0149080">
    <ele>2507.6</ele>
    <time>2026-10-02T13:26:07Z</time>
   </trkpt>
   <trkpt lat="46.5294640" lon="12.0149050">
    <ele>2508.8</ele>
    <time>2026-10-02T13:26:08Z</time>
   </trkpt>
   <trkpt lat="46.5294680" lon="12.0149030">
    <ele>2508.8</ele>
    <time>2026-10-02T13:26:09Z</time>
   </trkpt>
   <trkpt lat="46.5294740" lon="12.0149030">
    <ele>2508.8</ele>
    <time>2026-10-02T13:26:10Z</time>
   </trkpt>
   <trkpt lat="46.5294800" lon="12.0149020">
    <ele>2508.8</ele>
    <time>2026-10-02T13:26:11Z</time>
   </trkpt>
   <trkpt lat="46.5294940" lon="12.0149020">
    <ele>2509.9</ele>
    <time>2026-10-02T13:26:12Z</time>
   </trkpt>
   <trkpt lat="46.5294980" lon="12.0148960">
    <ele>2509.9</ele>
    <time>2026-10-02T13:26:13Z</time>
   </trkpt>
   <trkpt lat="46.5294990" lon="12.0148920">
    <ele>2509.9</ele>
    <time>2026-10-02T13:26:14Z</time>
   </trkpt>
   <trkpt lat="46.5295000" lon="12.0148930">
    <ele>2509.9</ele>
    <time>2026-10-02T13:26:15Z</time>
   </trkpt>
   <trkpt lat="46.5295040" lon="12.0148980">
    <ele>2509.9</ele>
    <time>2026-10-02T13:26:16Z</time>
   </trkpt>
   <trkpt lat="46.5295000" lon="12.0148980">
    <ele>2509.9</ele>
    <time>2026-10-02T13:26:17Z</time>
   </trkpt>
   <trkpt lat="46.5295070" lon="12.0148900">
    <ele>2509.9</ele>
    <time>2026-10-02T13:26:18Z</time>
   </trkpt>
   <trkpt lat="46.5295120" lon="12.0149010">
    <ele>2509.9</ele>
    <time>2026-10-02T13:26:19Z</time>
   </trkpt>
   <trkpt lat="46.5295200" lon="12.0148980">
    <ele>2509.8</ele>
    <time>2026-10-02T13:26:20Z</time>
   </trkpt>
   <trkpt lat="46.5295260" lon="12.0149040">
    <ele>2510.9</ele>
    <time>2026-10-02T13:26:21Z</time>
   </trkpt>
   <trkpt lat="46.5295310" lon="12.0149010">
    <ele>2510.9</ele>
    <time>2026-10-02T13:26:22Z</time>
   </trkpt>
   <trkpt lat="46.5295350" lon="12.0149000">
    <ele>2510.9</ele>
    <time>2026-10-02T13:26:23Z</time>
   </trkpt>
   <trkpt lat="46.5295480" lon="12.0149030">
    <ele>2510.9</ele>
    <time>2026-10-02T13:26:24Z</time>
   </trkpt>
   <trkpt lat="46.5295500" lon="12.0149090">
    <ele>2512.0</ele>
    <time>2026-10-02T13:26:25Z</time>
   </trkpt>
   <trkpt lat="46.5295480" lon="12.0149060">
    <ele>2512.1</ele>
    <time>2026-10-02T13:26:26Z</time>
   </trkpt>
   <trkpt lat="46.5295490" lon="12.0149040">
    <ele>2512.1</ele>
    <time>2026-10-02T13:26:27Z</time>
   </trkpt>
   <trkpt lat="46.5295500" lon="12.0149000">
    <ele>2512.2</ele>
    <time>2026-10-02T13:26:28Z</time>
   </trkpt>
   <trkpt lat="46.5295470" lon="12.0148990">
    <ele>2512.2</ele>
    <time>2026-10-02T13:26:29Z</time>
   </trkpt>
   <trkpt lat="46.5295470" lon="12.0148990">
    <ele>2512.2</ele>
    <time>2026-10-02T13:26:30Z</time>
   </trkpt>
   <trkpt lat="46.5295500" lon="12.0148940">
    <ele>2512.3</ele>
    <time>2026-10-02T13:26:31Z</time>
   </trkpt>
   <trkpt lat="46.5295490" lon="12.0148780">
    <ele>2512.6</ele>
    <time>2026-10-02T13:26:32Z</time>
   </trkpt>
   <trkpt lat="46.5295500" lon="12.0148860">
    <ele>2512.7</ele>
    <time>2026-10-02T13:26:33Z</time>
   </trkpt>
   <trkpt lat="46.5295470" lon="12.0148940">
    <ele>2512.9</ele>
    <time>2026-10-02T13:26:34Z</time>
   </trkpt>
   <trkpt lat="46.5295490" lon="12.0148990">
    <ele>2512.9</ele>
    <time>2026-10-02T13:26:35Z</time>
   </trkpt>
   <trkpt lat="46.5295570" lon="12.0148970">
    <ele>2513.1</ele>
    <time>2026-10-02T13:26:36Z</time>
   </trkpt>
   <trkpt lat="46.5295620" lon="12.0148920">
    <ele>2513.3</ele>
    <time>2026-10-02T13:26:37Z</time>
   </trkpt>
   <trkpt lat="46.5295700" lon="12.0148950">
    <ele>2513.4</ele>
    <time>2026-10-02T13:26:38Z</time>
   </trkpt>
   <trkpt lat="46.5295720" lon="12.0148960">
    <ele>2513.5</ele>
    <time>2026-10-02T13:26:39Z</time>
   </trkpt>
   <trkpt lat="46.5295770" lon="12.0148950">
    <ele>2513.6</ele>
    <time>2026-10-02T13:26:40Z</time>
   </trkpt>
   <trkpt lat="46.5295810" lon="12.0148930">
    <ele>2513.7</ele>
    <time>2026-10-02T13:26:41Z</time>
   </trkpt>
   <trkpt lat="46.5295940" lon="12.0148890">
    <ele>2514.0</ele>
    <time>2026-10-02T13:26:42Z</time>
   </trkpt>
   <trkpt lat="46.5295990" lon="12.0148890">
    <ele>2514.1</ele>
    <time>2026-10-02T13:26:43Z</time>
   </trkpt>
   <trkpt lat="46.5296140" lon="12.0148810">
    <ele>2514.5</ele>
    <time>2026-10-02T13:26:44Z</time>
   </trkpt>
   <trkpt lat="46.5296200" lon="12.0148690">
    <ele>2514.7</ele>
    <time>2026-10-02T13:26:45Z</time>
   </trkpt>
   <trkpt lat="46.5296200" lon="12.0148940">
    <ele>2515.0</ele>
    <time>2026-10-02T13:26:46Z</time>
   </trkpt>
   <trkpt lat="46.5296270" lon="12.0148910">
    <ele>2515.2</ele>
    <time>2026-10-02T13:26:47Z</time>
   </trkpt>
   <trkpt lat="46.5296210" lon="12.0148850">
    <ele>2515.4</ele>
    <time>2026-10-02T13:26:48Z</time>
   </trkpt>
   <trkpt lat="46.5296230" lon="12.0148860">
    <ele>2515.4</ele>
    <time>2026-10-02T13:26:49Z</time>
   </trkpt>
   <trkpt lat="46.5296310" lon="12.0148870">
    <ele>2515.6</ele>
    <time>2026-10-02T13:26:50Z</time>
   </trkpt>
   <trkpt lat="46.5296420" lon="12.0148880">
    <ele>2515.8</ele>
    <time>2026-10-02T13:26:51Z</time>
   </trkpt>
   <trkpt lat="46.5296400" lon="12.0148840">
    <ele>2515.9</ele>
    <time>2026-10-02T13:26:52Z</time>
   </trkpt>
   <trkpt lat="46.5296340" lon="12.0148760">
    <ele>2516.1</ele>
    <time>2026-10-02T13:26:53Z</time>
   </trkpt>
   <trkpt lat="46.5296440" lon="12.0148740">
    <ele>2516.3</ele>
    <time>2026-10-02T13:26:54Z</time>
   </trkpt>
   <trkpt lat="46.5296510" lon="12.0148740">
    <ele>2516.4</ele>
    <time>2026-10-02T13:26:55Z</time>
   </trkpt>
   <trkpt lat="46.5296630" lon="12.0148620">
    <ele>2516.7</ele>
    <time>2026-10-02T13:26:56Z</time>
   </trkpt>
   <trkpt lat="46.5296710" lon="12.0148470">
    <ele>2517.0</ele>
    <time>2026-10-02T13:26:57Z</time>
   </trkpt>
   <trkpt lat="46.5296770" lon="12.0148460">
    <ele>2517.1</ele>
    <time>2026-10-02T13:26:58Z</time>
   </trkpt>
   <trkpt lat="46.5296740" lon="12.0148460">
    <ele>2517.2</ele>
    <time>2026-10-02T13:26:59Z</time>
   </trkpt>
   <trkpt lat="46.5296750" lon="12.0148440">
    <ele>2517.2</ele>
    <time>2026-10-02T13:27:00Z</time>
   </trkpt>
   <trkpt lat="46.5296750" lon="12.0148460">
    <ele>2517.3</ele>
    <time>2026-10-02T13:27:01Z</time>
   </trkpt>
   <trkpt lat="46.5296810" lon="12.0148430">
    <ele>2517.4</ele>
    <time>2026-10-02T13:27:02Z</time>
   </trkpt>
   <trkpt lat="46.5296770" lon="12.0148210">
    <ele>2517.7</ele>
    <time>2026-10-02T13:27:03Z</time>
   </trkpt>
   <trkpt lat="46.5296840" lon="12.0148130">
    <ele>2517.9</ele>
    <time>2026-10-02T13:27:04Z</time>
   </trkpt>
   <trkpt lat="46.5296850" lon="12.0148010">
    <ele>2518.1</ele>
    <time>2026-10-02T13:27:05Z</time>
   </trkpt>
   <trkpt lat="46.5296810" lon="12.0147950">
    <ele>2518.2</ele>
    <time>2026-10-02T13:27:06Z</time>
   </trkpt>
   <trkpt lat="46.5296810" lon="12.0147910">
    <ele>2518.3</ele>
    <time>2026-10-02T13:27:07Z</time>
   </trkpt>
   <trkpt lat="46.5296820" lon="12.0147900">
    <ele>2518.3</ele>
    <time>2026-10-02T13:27:08Z</time>
   </trkpt>
   <trkpt lat="46.5296870" lon="12.0147810">
    <ele>2518.5</ele>
    <time>2026-10-02T13:27:09Z</time>
   </trkpt>
   <trkpt lat="46.5296890" lon="12.0147720">
    <ele>2518.6</ele>
    <time>2026-10-02T13:27:10Z</time>
   </trkpt>
   <trkpt lat="46.5296970" lon="12.0147650">
    <ele>2518.8</ele>
    <time>2026-10-02T13:27:11Z</time>
   </trkpt>
   <trkpt lat="46.5296920" lon="12.0147570">
    <ele>2519.0</ele>
    <time>2026-10-02T13:27:12Z</time>
   </trkpt>
   <trkpt lat="46.5296860" lon="12.0147520">
    <ele>2519.2</ele>
    <time>2026-10-02T13:27:13Z</time>
   </trkpt>
   <trkpt lat="46.5296820" lon="12.0147440">
    <ele>2519.3</ele>
    <time>2026-10-02T13:27:14Z</time>
   </trkpt>
   <trkpt lat="46.5296800" lon="12.0147360">
    <ele>2519.4</ele>
    <time>2026-10-02T13:27:15Z</time>
   </trkpt>
   <trkpt lat="46.5296770" lon="12.0147280">
    <ele>2519.6</ele>
    <time>2026-10-02T13:27:16Z</time>
   </trkpt>
   <trkpt lat="46.5296720" lon="12.0147200">
    <ele>2519.8</ele>
    <time>2026-10-02T13:27:17Z</time>
   </trkpt>
   <trkpt lat="46.5296740" lon="12.0147190">
    <ele>2519.8</ele>
    <time>2026-10-02T13:27:18Z</time>
   </trkpt>
   <trkpt lat="46.5296760" lon="12.0147090">
    <ele>2520.0</ele>
    <time>2026-10-02T13:27:19Z</time>
   </trkpt>
   <trkpt lat="46.5296710" lon="12.0146970">
    <ele>2520.2</ele>
    <time>2026-10-02T13:27:20Z</time>
   </trkpt>
   <trkpt lat="46.5296620" lon="12.0146910">
    <ele>2520.4</ele>
    <time>2026-10-02T13:27:21Z</time>
   </trkpt>
   <trkpt lat="46.5296600" lon="12.0146810">
    <ele>2520.6</ele>
    <time>2026-10-02T13:27:22Z</time>
   </trkpt>
   <trkpt lat="46.5296530" lon="12.0146750">
    <ele>2520.8</ele>
    <time>2026-10-02T13:27:23Z</time>
   </trkpt>
   <trkpt lat="46.5296480" lon="12.0146640">
    <ele>2521.0</ele>
    <time>2026-10-02T13:27:24Z</time>
   </trkpt>
   <trkpt lat="46.5296460" lon="12.0146630">
    <ele>2521.0</ele>
    <time>2026-10-02T13:27:25Z</time>
   </trkpt>
   <trkpt lat="46.5296450" lon="12.0146570">
    <ele>2521.1</ele>
    <time>2026-10-02T13:27:26Z</time>
   </trkpt>
   <trkpt lat="46.5296410" lon="12.0146440">
    <ele>2521.3</ele>
    <time>2026-10-02T13:27:27Z</time>
   </trkpt>
   <trkpt lat="46.5296400" lon="12.0146410">
    <ele>2521.4</ele>
    <time>2026-10-02T13:27:28Z</time>
   </trkpt>
   <trkpt lat="46.5296390" lon="12.0146350">
    <ele>2521.5</ele>
    <time>2026-10-02T13:27:29Z</time>
   </trkpt>
   <trkpt lat="46.5296420" lon="12.0146300">
    <ele>2521.6</ele>
    <time>2026-10-02T13:27:30Z</time>
   </trkpt>
   <trkpt lat="46.5296460" lon="12.0146290">
    <ele>2521.7</ele>
    <time>2026-10-02T13:27:31Z</time>
   </trkpt>
   <trkpt lat="46.5296470" lon="12.0146220">
    <ele>2521.8</ele>
    <time>2026-10-02T13:27:32Z</time>
   </trkpt>
   <trkpt lat="46.5296490" lon="12.0146220">
    <ele>2521.8</ele>
    <time>2026-10-02T13:27:33Z</time>
   </trkpt>
   <trkpt lat="46.5296550" lon="12.0146210">
    <ele>2522.0</ele>
    <time>2026-10-02T13:27:34Z</time>
   </trkpt>
   <trkpt lat="46.5296620" lon="12.0146120">
    <ele>2522.2</ele>
    <time>2026-10-02T13:27:35Z</time>
   </trkpt>
   <trkpt lat="46.5296640" lon="12.0146040">
    <ele>2522.3</ele>
    <time>2026-10-02T13:27:36Z</time>
   </trkpt>
   <trkpt lat="46.5296650" lon="12.0146020">
    <ele>2522.3</ele>
    <time>2026-10-02T13:27:37Z</time>
   </trkpt>
   <trkpt lat="46.5296700" lon="12.0145980">
    <ele>2522.5</ele>
    <time>2026-10-02T13:27:38Z</time>
   </trkpt>
   <trkpt lat="46.5296740" lon="12.0146020">
    <ele>2522.6</ele>
    <time>2026-10-02T13:27:39Z</time>
   </trkpt>
   <trkpt lat="46.5296790" lon="12.0145960">
    <ele>2522.7</ele>
    <time>2026-10-02T13:27:40Z</time>
   </trkpt>
   <trkpt lat="46.5296850" lon="12.0145980">
    <ele>2522.9</ele>
    <time>2026-10-02T13:27:41Z</time>
   </trkpt>
   <trkpt lat="46.5296840" lon="12.0145940">
    <ele>2522.9</ele>
    <time>2026-10-02T13:27:42Z</time>
   </trkpt>
   <trkpt lat="46.5296890" lon="12.0145990">
    <ele>2523.0</ele>
    <time>2026-10-02T13:27:43Z</time>
   </trkpt>
   <trkpt lat="46.5296880" lon="12.0146000">
    <ele>2523.1</ele>
    <time>2026-10-02T13:27:44Z</time>
   </trkpt>
   <trkpt lat="46.5296900" lon="12.0146010">
    <ele>2523.1</ele>
    <time>2026-10-02T13:27:45Z</time>
   </trkpt>
   <trkpt lat="46.5296900" lon="12.0146060">
    <ele>2523.2</ele>
    <time>2026-10-02T13:27:46Z</time>
   </trkpt>
   <trkpt lat="46.5296930" lon="12.0146060">
    <ele>2523.3</ele>
    <time>2026-10-02T13:27:47Z</time>
   </trkpt>
   <trkpt lat="46.5296980" lon="12.0146070">
    <ele>2523.4</ele>
    <time>2026-10-02T13:27:48Z</time>
   </trkpt>
   <trkpt lat="46.5296990" lon="12.0146040">
    <ele>2523.4</ele>
    <time>2026-10-02T13:27:49Z</time>
   </trkpt>
   <trkpt lat="46.5296970" lon="12.0146050">
    <ele>2523.5</ele>
    <time>2026-10-02T13:27:50Z</time>
   </trkpt>
   <trkpt lat="46.5296970" lon="12.0146060">
    <ele>2523.5</ele>
    <time>2026-10-02T13:27:51Z</time>
   </trkpt>
   <trkpt lat="46.5296960" lon="12.0146040">
    <ele>2523.5</ele>
    <time>2026-10-02T13:27:52Z</time>
   </trkpt>
   <trkpt lat="46.5296940" lon="12.0146020">
    <ele>2523.6</ele>
    <time>2026-10-02T13:27:53Z</time>
   </trkpt>
   <trkpt lat="46.5296960" lon="12.0145980">
    <ele>2523.6</ele>
    <time>2026-10-02T13:27:54Z</time>
   </trkpt>
   <trkpt lat="46.5296970" lon="12.0145900">
    <ele>2523.7</ele>
    <time>2026-10-02T13:27:55Z</time>
   </trkpt>
   <trkpt lat="46.5296970" lon="12.0145900">
    <ele>2523.7</ele>
    <time>2026-10-02T13:27:56Z</time>
   </trkpt>
   <trkpt lat="46.5297080" lon="12.0145890">
    <ele>2524.0</ele>
    <time>2026-10-02T13:27:57Z</time>
   </trkpt>
   <trkpt lat="46.5297170" lon="12.0145840">
    <ele>2524.2</ele>
    <time>2026-10-02T13:27:58Z</time>
   </trkpt>
   <trkpt lat="46.5297260" lon="12.0145780">
    <ele>2524.4</ele>
    <time>2026-10-02T13:27:59Z</time>
   </trkpt>
   <trkpt lat="46.5297260" lon="12.0145800">
    <ele>2524.4</ele>
    <time>2026-10-02T13:28:00Z</time>
   </trkpt>
   <trkpt lat="46.5297350" lon="12.0145790">
    <ele>2524.6</ele>
    <time>2026-10-02T13:28:01Z</time>
   </trkpt>
   <trkpt lat="46.5297350" lon="12.0145790">
    <ele>2524.6</ele>
    <time>2026-10-02T13:28:02Z</time>
   </trkpt>
   <trkpt lat="46.5297420" lon="12.0145700">
    <ele>2524.8</ele>
    <time>2026-10-02T13:28:03Z</time>
   </trkpt>
   <trkpt lat="46.5297490" lon="12.0145660">
    <ele>2525.0</ele>
    <time>2026-10-02T13:28:04Z</time>
   </trkpt>
   <trkpt lat="46.5297580" lon="12.0145660">
    <ele>2525.2</ele>
    <time>2026-10-02T13:28:05Z</time>
   </trkpt>
   <trkpt lat="46.5297680" lon="12.0145640">
    <ele>2525.4</ele>
    <time>2026-10-02T13:28:06Z</time>
   </trkpt>
   <trkpt lat="46.5297820" lon="12.0145620">
    <ele>2525.7</ele>
    <time>2026-10-02T13:28:07Z</time>
   </trkpt>
   <trkpt lat="46.5297850" lon="12.0145540">
    <ele>2525.8</ele>
    <time>2026-10-02T13:28:08Z</time>
   </trkpt>
   <trkpt lat="46.5297870" lon="12.0145560">
    <ele>2525.9</ele>
    <time>2026-10-02T13:28:09Z</time>
   </trkpt>
   <trkpt lat="46.5297950" lon="12.0145460">
    <ele>2526.1</ele>
    <time>2026-10-02T13:28:10Z</time>
   </trkpt>
   <trkpt lat="46.5297930" lon="12.0145440">
    <ele>2526.1</ele>
    <time>2026-10-02T13:28:11Z</time>
   </trkpt>
   <trkpt lat="46.5297990" lon="12.0145420">
    <ele>2526.3</ele>
    <time>2026-10-02T13:28:12Z</time>
   </trkpt>
   <trkpt lat="46.5297970" lon="12.0145450">
    <ele>2526.3</ele>
    <time>2026-10-02T13:28:13Z</time>
   </trkpt>
   <trkpt lat="46.5298100" lon="12.0145440">
    <ele>2526.6</ele>
    <time>2026-10-02T13:28:14Z</time>
   </trkpt>
   <trkpt lat="46.5298050" lon="12.0145440">
    <ele>2526.7</ele>
    <time>2026-10-02T13:28:15Z</time>
   </trkpt>
   <trkpt lat="46.5298060" lon="12.0145400">
    <ele>2526.8</ele>
    <time>2026-10-02T13:28:16Z</time>
   </trkpt>
   <trkpt lat="46.5298060" lon="12.0145400">
    <ele>2526.8</ele>
    <time>2026-10-02T13:28:17Z</time>
   </trkpt>
   <trkpt lat="46.5298060" lon="12.0145400">
    <ele>2526.8</ele>
    <time>2026-10-02T13:28:18Z</time>
   </trkpt>
   <trkpt lat="46.5298110" lon="12.0145320">
    <ele>2526.9</ele>
    <time>2026-10-02T13:28:19Z</time>
   </trkpt>
   <trkpt lat="46.5298140" lon="12.0145340">
    <ele>2527.0</ele>
    <time>2026-10-02T13:28:20Z</time>
   </trkpt>
   <trkpt lat="46.5298120" lon="12.0145310">
    <ele>2527.1</ele>
    <time>2026-10-02T13:28:21Z</time>
   </trkpt>
   <trkpt lat="46.5298210" lon="12.0145250">
    <ele>2527.3</ele>
    <time>2026-10-02T13:28:22Z</time>
   </trkpt>
   <trkpt lat="46.5298310" lon="12.0145210">
    <ele>2527.5</ele>
    <time>2026-10-02T13:28:23Z</time>
   </trkpt>
   <trkpt lat="46.5298310" lon="12.0145110">
    <ele>2527.7</ele>
    <time>2026-10-02T13:28:24Z</time>
   </trkpt>
   <trkpt lat="46.5298290" lon="12.0145000">
    <ele>2527.8</ele>
    <time>2026-10-02T13:28:25Z</time>
   </trkpt>
   <trkpt lat="46.5298280" lon="12.0144880">
    <ele>2528.0</ele>
    <time>2026-10-02T13:28:26Z</time>
   </trkpt>
   <trkpt lat="46.5298300" lon="12.0144790">
    <ele>2528.1</ele>
    <time>2026-10-02T13:28:27Z</time>
   </trkpt>
   <trkpt lat="46.5298320" lon="12.0144730">
    <ele>2528.2</ele>
    <time>2026-10-02T13:28:28Z</time>
   </trkpt>
   <trkpt lat="46.5298360" lon="12.0144680">
    <ele>2528.4</ele>
    <time>2026-10-02T13:28:29Z</time>
   </trkpt>
   <trkpt lat="46.5298360" lon="12.0144570">
    <ele>2528.5</ele>
    <time>2026-10-02T13:28:30Z</time>
   </trkpt>
   <trkpt lat="46.5298330" lon="12.0144510">
    <ele>2528.6</ele>
    <time>2026-10-02T13:28:31Z</time>
   </trkpt>
   <trkpt lat="46.5298330" lon="12.0144470">
    <ele>2528.7</ele>
    <time>2026-10-02T13:28:32Z</time>
   </trkpt>
   <trkpt lat="46.5298310" lon="12.0144430">
    <ele>2528.8</ele>
    <time>2026-10-02T13:28:33Z</time>
   </trkpt>
   <trkpt lat="46.5298290" lon="12.0144360">
    <ele>2528.9</ele>
    <time>2026-10-02T13:28:34Z</time>
   </trkpt>
   <trkpt lat="46.5298340" lon="12.0144280">
    <ele>2529.0</ele>
    <time>2026-10-02T13:28:35Z</time>
   </trkpt>
   <trkpt lat="46.5298370" lon="12.0144270">
    <ele>2529.1</ele>
    <time>2026-10-02T13:28:36Z</time>
   </trkpt>
   <trkpt lat="46.5298380" lon="12.0144250">
    <ele>2529.1</ele>
    <time>2026-10-02T13:28:37Z</time>
   </trkpt>
   <trkpt lat="46.5298390" lon="12.0144240">
    <ele>2529.2</ele>
    <time>2026-10-02T13:28:38Z</time>
   </trkpt>
   <trkpt lat="46.5298390" lon="12.0144220">
    <ele>2529.2</ele>
    <time>2026-10-02T13:28:39Z</time>
   </trkpt>
   <trkpt lat="46.5298420" lon="12.0144150">
    <ele>2529.3</ele>
    <time>2026-10-02T13:28:40Z</time>
   </trkpt>
   <trkpt lat="46.5298400" lon="12.0144090">
    <ele>2529.4</ele>
    <time>2026-10-02T13:28:41Z</time>
   </trkpt>
   <trkpt lat="46.5298430" lon="12.0144020">
    <ele>2529.5</ele>
    <time>2026-10-02T13:28:42Z</time>
   </trkpt>
   <trkpt lat="46.5298460" lon="12.0143980">
    <ele>2529.6</ele>
    <time>2026-10-02T13:28:43Z</time>
   </trkpt>
   <trkpt lat="46.5298430" lon="12.0143960">
    <ele>2529.7</ele>
    <time>2026-10-02T13:28:44Z</time>
   </trkpt>
   <trkpt lat="46.5298430" lon="12.0143960">
    <ele>2529.7</ele>
    <time>2026-10-02T13:28:45Z</time>
   </trkpt>
   <trkpt lat="46.5298450" lon="12.0143940">
    <ele>2529.7</ele>
    <time>2026-10-02T13:28:46Z</time>
   </trkpt>
   <trkpt lat="46.5298450" lon="12.0143940">
    <ele>2529.7</ele>
    <time>2026-10-02T13:28:47Z</time>
   </trkpt>
   <trkpt lat="46.5298460" lon="12.0143920">
    <ele>2529.8</ele>
    <time>2026-10-02T13:28:48Z</time>
   </trkpt>
   <trkpt lat="46.5298450" lon="12.0143930">
    <ele>2529.8</ele>
    <time>2026-10-02T13:28:49Z</time>
   </trkpt>
   <trkpt lat="46.5298460" lon="12.0143910">
    <ele>2529.8</ele>
    <time>2026-10-02T13:28:50Z</time>
   </trkpt>
   <trkpt lat="46.5298380" lon="12.0143850">
    <ele>2530.0</ele>
    <time>2026-10-02T13:28:51Z</time>
   </trkpt>
   <trkpt lat="46.5298340" lon="12.0143860">
    <ele>2530.1</ele>
    <time>2026-10-02T13:28:52Z</time>
   </trkpt>
   <trkpt lat="46.5298330" lon="12.0143860">
    <ele>2530.1</ele>
    <time>2026-10-02T13:28:53Z</time>
   </trkpt>
   <trkpt lat="46.5298320" lon="12.0143870">
    <ele>2530.2</ele>
    <time>2026-10-02T13:28:54Z</time>
   </trkpt>
   <trkpt lat="46.5298320" lon="12.0143840">
    <ele>2530.2</ele>
    <time>2026-10-02T13:28:55Z</time>
   </trkpt>
   <trkpt lat="46.5298320" lon="12.0143830">
    <ele>2530.2</ele>
    <time>2026-10-02T13:28:57Z</time>
   </trkpt>
   <trkpt lat="46.5298310" lon="12.0143830">
    <ele>2530.2</ele>
    <time>2026-10-02T13:28:58Z</time>
   </trkpt>
   <trkpt lat="46.5298310" lon="12.0143830">
    <ele>2530.2</ele>
    <time>2026-10-02T13:28:59Z</time>
   </trkpt>
   <trkpt lat="46.5298270" lon="12.0143800">
    <ele>2530.3</ele>
    <time>2026-10-02T13:29:00Z</time>
   </trkpt>
   <trkpt lat="46.5298260" lon="12.0143810">
    <ele>2530.4</ele>
    <time>2026-10-02T13:29:01Z</time>
   </trkpt>
   <trkpt lat="46.5298260" lon="12.0143810">
    <ele>2530.4</ele>
    <time>2026-10-02T13:29:02Z</time>
   </trkpt>
   <trkpt lat="46.5298260" lon="12.0143810">
    <ele>2530.4</ele>
    <time>2026-10-02T13:29:03Z</time>
   </trkpt>
   <trkpt lat="46.5298260" lon="12.0143810">
    <ele>2530.4</ele>
    <time>2026-10-02T13:29:04Z</time>
   </trkpt>
   <trkpt lat="46.5298260" lon="12.0143810">
    <ele>2530.4</ele>
    <time>2026-10-02T13:29:05Z</time>
   </trkpt>
   <trkpt lat="46.5298270" lon="12.0143750">
    <ele>2530.4</ele>
    <time>2026-10-02T13:29:06Z</time>
   </trkpt>
   <trkpt lat="46.5298250" lon="12.0143730">
    <ele>2530.5</ele>
    <time>2026-10-02T13:29:07Z</time>
   </trkpt>
   <trkpt lat="46.5298260" lon="12.0143740">
    <ele>2530.5</ele>
    <time>2026-10-02T13:29:08Z</time>
   </trkpt>
   <trkpt lat="46.5298270" lon="12.0143760">
    <ele>2530.6</ele>
    <time>2026-10-02T13:29:09Z</time>
   </trkpt>
   <trkpt lat="46.5298280" lon="12.0143770">
    <ele>2530.6</ele>
    <time>2026-10-02T13:29:10Z</time>
   </trkpt>
   <trkpt lat="46.5298280" lon="12.0143780">
    <ele>2530.6</ele>
    <time>2026-10-02T13:29:11Z</time>
   </trkpt>
   <trkpt lat="46.5298280" lon="12.0143780">
    <ele>2530.6</ele>
    <time>2026-10-02T13:29:12Z</time>
   </trkpt>
   <trkpt lat="46.5298300" lon="12.0143750">
    <ele>2530.7</ele>
    <time>2026-10-02T13:29:13Z</time>
   </trkpt>
   <trkpt lat="46.5298290" lon="12.0143720">
    <ele>2530.7</ele>
    <time>2026-10-02T13:29:14Z</time>
   </trkpt>
   <trkpt lat="46.5298290" lon="12.0143710">
    <ele>2530.7</ele>
    <time>2026-10-02T13:29:15Z</time>
   </trkpt>
   <trkpt lat="46.5298290" lon="12.0143710">
    <ele>2530.7</ele>
    <time>2026-10-02T13:29:16Z</time>
   </trkpt>
   <trkpt lat="46.5298290" lon="12.0143710">
    <ele>2530.7</ele>
    <time>2026-10-02T13:29:17Z</time>
   </trkpt>
   <trkpt lat="46.5298290" lon="12.0143710">
    <ele>2530.7</ele>
    <time>2026-10-02T13:29:18Z</time>
   </trkpt>
   <trkpt lat="46.5298290" lon="12.0143710">
    <ele>2530.7</ele>
    <time>2026-10-02T13:29:19Z</time>
   </trkpt>
   <trkpt lat="46.5298290" lon="12.0143710">
    <ele>2530.7</ele>
    <time>2026-10-02T13:29:20Z</time>
   </trkpt>
   <trkpt lat="46.5298290" lon="12.0143710">
    <ele>2530.7</ele>
    <time>2026-10-02T13:29:21Z</time>
   </trkpt>
   <trkpt lat="46.5298270" lon="12.0143660">
    <ele>2530.8</ele>
    <time>2026-10-02T13:29:22Z</time>
   </trkpt>
   <trkpt lat="46.5298250" lon="12.0143660">
    <ele>2530.9</ele>
    <time>2026-10-02T13:29:23Z</time>
   </trkpt>
   <trkpt lat="46.5298240" lon="12.0143620">
    <ele>2530.9</ele>
    <time>2026-10-02T13:29:24Z</time>
   </trkpt>
   <trkpt lat="46.5298270" lon="12.0143600">
    <ele>2531.0</ele>
    <time>2026-10-02T13:29:25Z</time>
   </trkpt>
   <trkpt lat="46.5298250" lon="12.0143590">
    <ele>2531.0</ele>
    <time>2026-10-02T13:29:26Z</time>
   </trkpt>
   <trkpt lat="46.5298230" lon="12.0143620">
    <ele>2531.1</ele>
    <time>2026-10-02T13:29:27Z</time>
   </trkpt>
   <trkpt lat="46.5298210" lon="12.0143640">
    <ele>2531.1</ele>
    <time>2026-10-02T13:29:28Z</time>
   </trkpt>
   <trkpt lat="46.5298210" lon="12.0143650">
    <ele>2531.2</ele>
    <time>2026-10-02T13:29:29Z</time>
   </trkpt>
   <trkpt lat="46.5298240" lon="12.0143690">
    <ele>2531.2</ele>
    <time>2026-10-02T13:29:30Z</time>
   </trkpt>
   <trkpt lat="46.5298220" lon="12.0143670">
    <ele>2531.3</ele>
    <time>2026-10-02T13:29:31Z</time>
   </trkpt>
   <trkpt lat="46.5298220" lon="12.0143670">
    <ele>2531.3</ele>
    <time>2026-10-02T13:29:32Z</time>
   </trkpt>
   <trkpt lat="46.5298250" lon="12.0143720">
    <ele>2531.4</ele>
    <time>2026-10-02T13:29:33Z</time>
   </trkpt>
   <trkpt lat="46.5298210" lon="12.0143750">
    <ele>2531.5</ele>
    <time>2026-10-02T13:29:34Z</time>
   </trkpt>
   <trkpt lat="46.5298190" lon="12.0143770">
    <ele>2531.5</ele>
    <time>2026-10-02T13:29:35Z</time>
   </trkpt>
   <trkpt lat="46.5298210" lon="12.0143790">
    <ele>2531.6</ele>
    <time>2026-10-02T13:29:36Z</time>
   </trkpt>
   <trkpt lat="46.5298210" lon="12.0143810">
    <ele>2531.6</ele>
    <time>2026-10-02T13:29:37Z</time>
   </trkpt>
   <trkpt lat="46.5298230" lon="12.0143830">
    <ele>2531.7</ele>
    <time>2026-10-02T13:29:38Z</time>
   </trkpt>
   <trkpt lat="46.5298220" lon="12.0143820">
    <ele>2531.7</ele>
    <time>2026-10-02T13:29:39Z</time>
   </trkpt>
   <trkpt lat="46.5298200" lon="12.0143860">
    <ele>2531.8</ele>
    <time>2026-10-02T13:29:40Z</time>
   </trkpt>
   <trkpt lat="46.5298280" lon="12.0143690">
    <ele>2532.1</ele>
    <time>2026-10-02T13:29:41Z</time>
   </trkpt>
   <trkpt lat="46.5298290" lon="12.0143630">
    <ele>2532.2</ele>
    <time>2026-10-02T13:29:42Z</time>
   </trkpt>
   <trkpt lat="46.5298300" lon="12.0143600">
    <ele>2532.2</ele>
    <time>2026-10-02T13:29:43Z</time>
   </trkpt>
   <trkpt lat="46.5298280" lon="12.0143710">
    <ele>2532.4</ele>
    <time>2026-10-02T13:29:44Z</time>
   </trkpt>
   <trkpt lat="46.5298240" lon="12.0143680">
    <ele>2532.5</ele>
    <time>2026-10-02T13:29:45Z</time>
   </trkpt>
   <trkpt lat="46.5298270" lon="12.0143700">
    <ele>2532.5</ele>
    <time>2026-10-02T13:29:46Z</time>
   </trkpt>
   <trkpt lat="46.5298360" lon="12.0143720">
    <ele>2532.7</ele>
    <time>2026-10-02T13:29:47Z</time>
   </trkpt>
   <trkpt lat="46.5298480" lon="12.0143730">
    <ele>2533.0</ele>
    <time>2026-10-02T13:29:48Z</time>
   </trkpt>
   <trkpt lat="46.5298490" lon="12.0143760">
    <ele>2533.0</ele>
    <time>2026-10-02T13:29:49Z</time>
   </trkpt>
   <trkpt lat="46.5298410" lon="12.0143710">
    <ele>2533.2</ele>
    <time>2026-10-02T13:29:50Z</time>
   </trkpt>
   <trkpt lat="46.5298400" lon="12.0143640">
    <ele>2533.3</ele>
    <time>2026-10-02T13:29:51Z</time>
   </trkpt>
   <trkpt lat="46.5298490" lon="12.0143600">
    <ele>2533.5</ele>
    <time>2026-10-02T13:29:52Z</time>
   </trkpt>
   <trkpt lat="46.5298570" lon="12.0143520">
    <ele>2533.7</ele>
    <time>2026-10-02T13:29:53Z</time>
   </trkpt>
   <trkpt lat="46.5298650" lon="12.0143580">
    <ele>2533.9</ele>
    <time>2026-10-02T13:29:54Z</time>
   </trkpt>
   <trkpt lat="46.5298620" lon="12.0143530">
    <ele>2534.0</ele>
    <time>2026-10-02T13:29:55Z</time>
   </trkpt>
   <trkpt lat="46.5298510" lon="12.0143570">
    <ele>2534.3</ele>
    <time>2026-10-02T13:29:56Z</time>
   </trkpt>
   <trkpt lat="46.5298450" lon="12.0143520">
    <ele>2534.4</ele>
    <time>2026-10-02T13:29:57Z</time>
   </trkpt>
   <trkpt lat="46.5298510" lon="12.0143510">
    <ele>2534.6</ele>
    <time>2026-10-02T13:29:58Z</time>
   </trkpt>
   <trkpt lat="46.5298440" lon="12.0143470">
    <ele>2534.7</ele>
    <time>2026-10-02T13:29:59Z</time>
   </trkpt>
   <trkpt lat="46.5298440" lon="12.0143470">
    <ele>2534.7</ele>
    <time>2026-10-02T13:30:00Z</time>
   </trkpt>
   <trkpt lat="46.5298440" lon="12.0143470">
    <ele>2534.7</ele>
    <time>2026-10-02T13:30:01Z</time>
   </trkpt>
   <trkpt lat="46.5298440" lon="12.0143470">
    <ele>2534.7</ele>
    <time>2026-10-02T13:30:02Z</time>
   </trkpt>
   <trkpt lat="46.5298440" lon="12.0143470">
    <ele>2534.7</ele>
    <time>2026-10-02T13:30:03Z</time>
   </trkpt>
   <trkpt lat="46.5298440" lon="12.0143470">
    <ele>2534.7</ele>
    <time>2026-10-02T13:30:04Z</time>
   </trkpt>
   <trkpt lat="46.5298440" lon="12.0143470">
    <ele>2534.7</ele>
    <time>2026-10-02T13:30:05Z</time>
   </trkpt>
   <trkpt lat="46.5298440" lon="12.0143470">
    <ele>2534.7</ele>
    <time>2026-10-02T13:30:06Z</time>
   </trkpt>
   <trkpt lat="46.5298440" lon="12.0143470">
    <ele>2534.7</ele>
    <time>2026-10-02T13:30:07Z</time>
   </trkpt>
   <trkpt lat="46.5298440" lon="12.0143470">
    <ele>2534.7</ele>
    <time>2026-10-02T13:30:08Z</time>
   </trkpt>
   <trkpt lat="46.5298440" lon="12.0143470">
    <ele>2534.7</ele>
    <time>2026-10-02T13:30:09Z</time>
   </trkpt>
   <trkpt lat="46.5298440" lon="12.0143470">
    <ele>2534.7</ele>
    <time>2026-10-02T13:30:10Z</time>
   </trkpt>
   <trkpt lat="46.5298440" lon="12.0143470">
    <ele>2534.7</ele>
    <time>2026-10-02T13:30:11Z</time>
   </trkpt>
   <trkpt lat="46.5298440" lon="12.0143470">
    <ele>2534.7</ele>
    <time>2026-10-02T13:30:12Z</time>
   </trkpt>
   <trkpt lat="46.5298440" lon="12.0143470">
    <ele>2534.7</ele>
    <time>2026-10-02T13:30:13Z</time>
   </trkpt>
   <trkpt lat="46.5298440" lon="12.0143470">
    <ele>2534.7</ele>
    <time>2026-10-02T13:30:14Z</time>
   </trkpt>
   <trkpt lat="46.5298440" lon="12.0143470">
    <ele>2534.7</ele>
    <time>2026-10-02T13:30:15Z</time>
   </trkpt>
   <trkpt lat="46.5298440" lon="12.0143470">
    <ele>2534.7</ele>
    <time>2026-10-02T13:30:16Z</time>
   </trkpt>
   <trkpt lat="46.5298440" lon="12.0143470">
    <ele>2534.7</ele>
    <time>2026-10-02T13:30:17Z</time>
   </trkpt>
   <trkpt lat="46.5298490" lon="12.0143240">
    <ele>2535.1</ele>
    <time>2026-10-02T13:30:18Z</time>
   </trkpt>
   <trkpt lat="46.5298440" lon="12.0143250">
    <ele>2535.2</ele>
    <time>2026-10-02T13:30:19Z</time>
   </trkpt>
   <trkpt lat="46.5298470" lon="12.0143240">
    <ele>2535.2</ele>
    <time>2026-10-02T13:30:20Z</time>
   </trkpt>
   <trkpt lat="46.5298460" lon="12.0143210">
    <ele>2535.3</ele>
    <time>2026-10-02T13:30:21Z</time>
   </trkpt>
   <trkpt lat="46.5298470" lon="12.0143270">
    <ele>2535.4</ele>
    <time>2026-10-02T13:30:22Z</time>
   </trkpt>
   <trkpt lat="46.5298460" lon="12.0143270">
    <ele>2535.4</ele>
    <time>2026-10-02T13:30:23Z</time>
   </trkpt>
   <trkpt lat="46.5298460" lon="12.0143270">
    <ele>2535.4</ele>
    <time>2026-10-02T13:30:24Z</time>
   </trkpt>
   <trkpt lat="46.5298530" lon="12.0143330">
    <ele>2535.6</ele>
    <time>2026-10-02T13:30:25Z</time>
   </trkpt>
   <trkpt lat="46.5298550" lon="12.0143360">
    <ele>2535.6</ele>
    <time>2026-10-02T13:30:26Z</time>
   </trkpt>
   <trkpt lat="46.5298490" lon="12.0143370">
    <ele>2535.8</ele>
    <time>2026-10-02T13:30:27Z</time>
   </trkpt>
   <trkpt lat="46.5298450" lon="12.0143370">
    <ele>2535.9</ele>
    <time>2026-10-02T13:30:28Z</time>
   </trkpt>
   <trkpt lat="46.5298380" lon="12.0143340">
    <ele>2536.0</ele>
    <time>2026-10-02T13:30:29Z</time>
   </trkpt>
   <trkpt lat="46.5298280" lon="12.0143360">
    <ele>2536.2</ele>
    <time>2026-10-02T13:30:30Z</time>
   </trkpt>
   <trkpt lat="46.5298220" lon="12.0143330">
    <ele>2536.4</ele>
    <time>2026-10-02T13:30:31Z</time>
   </trkpt>
   <trkpt lat="46.5298220" lon="12.0143280">
    <ele>2536.4</ele>
    <time>2026-10-02T13:30:32Z</time>
   </trkpt>
   <trkpt lat="46.5298210" lon="12.0143240">
    <ele>2536.5</ele>
    <time>2026-10-02T13:30:33Z</time>
   </trkpt>
   <trkpt lat="46.5298160" lon="12.0143120">
    <ele>2536.7</ele>
    <time>2026-10-02T13:30:34Z</time>
   </trkpt>
   <trkpt lat="46.5298140" lon="12.0142980">
    <ele>2536.9</ele>
    <time>2026-10-02T13:30:35Z</time>
   </trkpt>
   <trkpt lat="46.5298050" lon="12.0142880">
    <ele>2537.1</ele>
    <time>2026-10-02T13:30:36Z</time>
   </trkpt>
   <trkpt lat="46.5298060" lon="12.0142800">
    <ele>2537.2</ele>
    <time>2026-10-02T13:30:37Z</time>
   </trkpt>
   <trkpt lat="46.5298040" lon="12.0142680">
    <ele>2537.4</ele>
    <time>2026-10-02T13:30:38Z</time>
   </trkpt>
   <trkpt lat="46.5297980" lon="12.0142530">
    <ele>2537.6</ele>
    <time>2026-10-02T13:30:39Z</time>
   </trkpt>
   <trkpt lat="46.5297970" lon="12.0142410">
    <ele>2537.8</ele>
    <time>2026-10-02T13:30:40Z</time>
   </trkpt>
   <trkpt lat="46.5297920" lon="12.0142330">
    <ele>2537.9</ele>
    <time>2026-10-02T13:30:41Z</time>
   </trkpt>
   <trkpt lat="46.5297950" lon="12.0142260">
    <ele>2538.1</ele>
    <time>2026-10-02T13:30:42Z</time>
   </trkpt>
   <trkpt lat="46.5297930" lon="12.0142240">
    <ele>2538.1</ele>
    <time>2026-10-02T13:30:43Z</time>
   </trkpt>
   <trkpt lat="46.5297880" lon="12.0142170">
    <ele>2538.2</ele>
    <time>2026-10-02T13:30:44Z</time>
   </trkpt>
   <trkpt lat="46.5297860" lon="12.0142070">
    <ele>2538.4</ele>
    <time>2026-10-02T13:30:45Z</time>
   </trkpt>
   <trkpt lat="46.5297840" lon="12.0141990">
    <ele>2538.5</ele>
    <time>2026-10-02T13:30:46Z</time>
   </trkpt>
   <trkpt lat="46.5297850" lon="12.0141870">
    <ele>2538.7</ele>
    <time>2026-10-02T13:30:47Z</time>
   </trkpt>
   <trkpt lat="46.5297830" lon="12.0141830">
    <ele>2538.7</ele>
    <time>2026-10-02T13:30:48Z</time>
   </trkpt>
   <trkpt lat="46.5297870" lon="12.0141770">
    <ele>2538.9</ele>
    <time>2026-10-02T13:30:49Z</time>
   </trkpt>
   <trkpt lat="46.5297850" lon="12.0141800">
    <ele>2538.9</ele>
    <time>2026-10-02T13:30:50Z</time>
   </trkpt>
   <trkpt lat="46.5297920" lon="12.0141660">
    <ele>2539.2</ele>
    <time>2026-10-02T13:30:51Z</time>
   </trkpt>
   <trkpt lat="46.5297940" lon="12.0141610">
    <ele>2539.2</ele>
    <time>2026-10-02T13:30:52Z</time>
   </trkpt>
   <trkpt lat="46.5297980" lon="12.0141500">
    <ele>2539.4</ele>
    <time>2026-10-02T13:30:53Z</time>
   </trkpt>
   <trkpt lat="46.5297930" lon="12.0141470">
    <ele>2539.5</ele>
    <time>2026-10-02T13:30:54Z</time>
   </trkpt>
   <trkpt lat="46.5297920" lon="12.0141400">
    <ele>2539.6</ele>
    <time>2026-10-02T13:30:55Z</time>
   </trkpt>
   <trkpt lat="46.5297920" lon="12.0141320">
    <ele>2539.7</ele>
    <time>2026-10-02T13:30:56Z</time>
   </trkpt>
   <trkpt lat="46.5297910" lon="12.0141370">
    <ele>2539.8</ele>
    <time>2026-10-02T13:30:57Z</time>
   </trkpt>
   <trkpt lat="46.5297920" lon="12.0141380">
    <ele>2539.8</ele>
    <time>2026-10-02T13:30:58Z</time>
   </trkpt>
   <trkpt lat="46.5297920" lon="12.0141380">
    <ele>2539.8</ele>
    <time>2026-10-02T13:30:59Z</time>
   </trkpt>
   <trkpt lat="46.5297920" lon="12.0141380">
    <ele>2539.8</ele>
    <time>2026-10-02T13:31:00Z</time>
   </trkpt>
   <trkpt lat="46.5297920" lon="12.0141380">
    <ele>2539.8</ele>
    <time>2026-10-02T13:31:01Z</time>
   </trkpt>
   <trkpt lat="46.5297920" lon="12.0141380">
    <ele>2539.8</ele>
    <time>2026-10-02T13:31:02Z</time>
   </trkpt>
   <trkpt lat="46.5297920" lon="12.0141380">
    <ele>2539.8</ele>
    <time>2026-10-02T13:31:03Z</time>
   </trkpt>
   <trkpt lat="46.5297920" lon="12.0141380">
    <ele>2539.8</ele>
    <time>2026-10-02T13:31:04Z</time>
   </trkpt>
   <trkpt lat="46.5297980" lon="12.0141430">
    <ele>2540.0</ele>
    <time>2026-10-02T13:31:05Z</time>
   </trkpt>
   <trkpt lat="46.5297980" lon="12.0141430">
    <ele>2540.0</ele>
    <time>2026-10-02T13:31:06Z</time>
   </trkpt>
   <trkpt lat="46.5297980" lon="12.0141430">
    <ele>2540.0</ele>
    <time>2026-10-02T13:31:07Z</time>
   </trkpt>
   <trkpt lat="46.5297980" lon="12.0141430">
    <ele>2540.0</ele>
    <time>2026-10-02T13:31:08Z</time>
   </trkpt>
   <trkpt lat="46.5297950" lon="12.0141380">
    <ele>2540.0</ele>
    <time>2026-10-02T13:31:09Z</time>
   </trkpt>
   <trkpt lat="46.5297970" lon="12.0141320">
    <ele>2540.1</ele>
    <time>2026-10-02T13:31:10Z</time>
   </trkpt>
   <trkpt lat="46.5297960" lon="12.0141290">
    <ele>2540.2</ele>
    <time>2026-10-02T13:31:12Z</time>
   </trkpt>
   <trkpt lat="46.5297960" lon="12.0141250">
    <ele>2540.2</ele>
    <time>2026-10-02T13:31:13Z</time>
   </trkpt>
   <trkpt lat="46.5297940" lon="12.0141300">
    <ele>2540.3</ele>
    <time>2026-10-02T13:31:14Z</time>
   </trkpt>
   <trkpt lat="46.5297950" lon="12.0141280">
    <ele>2540.3</ele>
    <time>2026-10-02T13:31:15Z</time>
   </trkpt>
   <trkpt lat="46.5297950" lon="12.0141280">
    <ele>2540.3</ele>
    <time>2026-10-02T13:31:16Z</time>
   </trkpt>
   <trkpt lat="46.5297940" lon="12.0141230">
    <ele>2540.4</ele>
    <time>2026-10-02T13:31:17Z</time>
   </trkpt>
   <trkpt lat="46.5297910" lon="12.0141200">
    <ele>2540.5</ele>
    <time>2026-10-02T13:31:18Z</time>
   </trkpt>
   <trkpt lat="46.5297880" lon="12.0141170">
    <ele>2540.5</ele>
    <time>2026-10-02T13:31:19Z</time>
   </trkpt>
   <trkpt lat="46.5297880" lon="12.0141170">
    <ele>2540.5</ele>
    <time>2026-10-02T13:31:20Z</time>
   </trkpt>
   <trkpt lat="46.5297880" lon="12.0141170">
    <ele>2540.5</ele>
    <time>2026-10-02T13:31:21Z</time>
   </trkpt>
   <trkpt lat="46.5297850" lon="12.0141110">
    <ele>2540.6</ele>
    <time>2026-10-02T13:31:22Z</time>
   </trkpt>
   <trkpt lat="46.5297850" lon="12.0141040">
    <ele>2540.7</ele>
    <time>2026-10-02T13:31:23Z</time>
   </trkpt>
   <trkpt lat="46.5297820" lon="12.0141010">
    <ele>2540.8</ele>
    <time>2026-10-02T13:31:24Z</time>
   </trkpt>
   <trkpt lat="46.5297760" lon="12.0141010">
    <ele>2540.9</ele>
    <time>2026-10-02T13:31:25Z</time>
   </trkpt>
   <trkpt lat="46.5297700" lon="12.0140960">
    <ele>2541.0</ele>
    <time>2026-10-02T13:31:26Z</time>
   </trkpt>
   <trkpt lat="46.5297680" lon="12.0140940">
    <ele>2541.1</ele>
    <time>2026-10-02T13:31:27Z</time>
   </trkpt>
   <trkpt lat="46.5297650" lon="12.0140750">
    <ele>2541.3</ele>
    <time>2026-10-02T13:31:28Z</time>
   </trkpt>
   <trkpt lat="46.5297650" lon="12.0140640">
    <ele>2541.5</ele>
    <time>2026-10-02T13:31:29Z</time>
   </trkpt>
   <trkpt lat="46.5297710" lon="12.0140620">
    <ele>2541.6</ele>
    <time>2026-10-02T13:31:30Z</time>
   </trkpt>
   <trkpt lat="46.5297680" lon="12.0140520">
    <ele>2541.7</ele>
    <time>2026-10-02T13:31:31Z</time>
   </trkpt>
   <trkpt lat="46.5297690" lon="12.0140430">
    <ele>2541.8</ele>
    <time>2026-10-02T13:31:32Z</time>
   </trkpt>
   <trkpt lat="46.5297660" lon="12.0140370">
    <ele>2541.9</ele>
    <time>2026-10-02T13:31:33Z</time>
   </trkpt>
   <trkpt lat="46.5297670" lon="12.0140220">
    <ele>2542.1</ele>
    <time>2026-10-02T13:31:34Z</time>
   </trkpt>
   <trkpt lat="46.5297660" lon="12.0140190">
    <ele>2542.1</ele>
    <time>2026-10-02T13:31:35Z</time>
   </trkpt>
   <trkpt lat="46.5297630" lon="12.0140080">
    <ele>2542.3</ele>
    <time>2026-10-02T13:31:36Z</time>
   </trkpt>
   <trkpt lat="46.5297630" lon="12.0140040">
    <ele>2542.3</ele>
    <time>2026-10-02T13:31:37Z</time>
   </trkpt>
   <trkpt lat="46.5297590" lon="12.0139980">
    <ele>2542.4</ele>
    <time>2026-10-02T13:31:38Z</time>
   </trkpt>
   <trkpt lat="46.5297610" lon="12.0140090">
    <ele>2542.6</ele>
    <time>2026-10-02T13:31:39Z</time>
   </trkpt>
   <trkpt lat="46.5297620" lon="12.0140060">
    <ele>2542.6</ele>
    <time>2026-10-02T13:31:40Z</time>
   </trkpt>
   <trkpt lat="46.5297610" lon="12.0139980">
    <ele>2542.7</ele>
    <time>2026-10-02T13:31:41Z</time>
   </trkpt>
   <trkpt lat="46.5297650" lon="12.0139990">
    <ele>2542.8</ele>
    <time>2026-10-02T13:31:42Z</time>
   </trkpt>
   <trkpt lat="46.5297700" lon="12.0140000">
    <ele>2542.9</ele>
    <time>2026-10-02T13:31:43Z</time>
   </trkpt>
   <trkpt lat="46.5297780" lon="12.0139970">
    <ele>2543.0</ele>
    <time>2026-10-02T13:31:44Z</time>
   </trkpt>
   <trkpt lat="46.5297830" lon="12.0139950">
    <ele>2543.1</ele>
    <time>2026-10-02T13:31:45Z</time>
   </trkpt>
   <trkpt lat="46.5297830" lon="12.0139890">
    <ele>2543.2</ele>
    <time>2026-10-02T13:31:46Z</time>
   </trkpt>
   <trkpt lat="46.5297860" lon="12.0139770">
    <ele>2543.3</ele>
    <time>2026-10-02T13:31:47Z</time>
   </trkpt>
   <trkpt lat="46.5297870" lon="12.0139640">
    <ele>2543.5</ele>
    <time>2026-10-02T13:31:48Z</time>
   </trkpt>
   <trkpt lat="46.5297880" lon="12.0139550">
    <ele>2543.6</ele>
    <time>2026-10-02T13:31:49Z</time>
   </trkpt>
   <trkpt lat="46.5297850" lon="12.0139340">
    <ele>2543.9</ele>
    <time>2026-10-02T13:31:50Z</time>
   </trkpt>
   <trkpt lat="46.5297850" lon="12.0139120">
    <ele>2544.1</ele>
    <time>2026-10-02T13:31:51Z</time>
   </trkpt>
   <trkpt lat="46.5297930" lon="12.0138900">
    <ele>2544.4</ele>
    <time>2026-10-02T13:31:52Z</time>
   </trkpt>
   <trkpt lat="46.5297950" lon="12.0138910">
    <ele>2544.5</ele>
    <time>2026-10-02T13:31:53Z</time>
   </trkpt>
   <trkpt lat="46.5297950" lon="12.0138930">
    <ele>2544.5</ele>
    <time>2026-10-02T13:31:54Z</time>
   </trkpt>
   <trkpt lat="46.5297940" lon="12.0138920">
    <ele>2544.5</ele>
    <time>2026-10-02T13:31:55Z</time>
   </trkpt>
   <trkpt lat="46.5297900" lon="12.0138890">
    <ele>2544.6</ele>
    <time>2026-10-02T13:31:56Z</time>
   </trkpt>
   <trkpt lat="46.5297900" lon="12.0138840">
    <ele>2544.7</ele>
    <time>2026-10-02T13:31:57Z</time>
   </trkpt>
   <trkpt lat="46.5297900" lon="12.0138850">
    <ele>2544.7</ele>
    <time>2026-10-02T13:31:58Z</time>
   </trkpt>
   <trkpt lat="46.5297900" lon="12.0138850">
    <ele>2544.7</ele>
    <time>2026-10-02T13:31:59Z</time>
   </trkpt>
   <trkpt lat="46.5297900" lon="12.0138850">
    <ele>2544.7</ele>
    <time>2026-10-02T13:32:00Z</time>
   </trkpt>
   <trkpt lat="46.5297900" lon="12.0138850">
    <ele>2544.7</ele>
    <time>2026-10-02T13:32:01Z</time>
   </trkpt>
   <trkpt lat="46.5298020" lon="12.0138860">
    <ele>2544.9</ele>
    <time>2026-10-02T13:32:02Z</time>
   </trkpt>
   <trkpt lat="46.5297910" lon="12.0138730">
    <ele>2545.1</ele>
    <time>2026-10-02T13:32:03Z</time>
   </trkpt>
   <trkpt lat="46.5297800" lon="12.0138680">
    <ele>2545.3</ele>
    <time>2026-10-02T13:32:04Z</time>
   </trkpt>
   <trkpt lat="46.5297710" lon="12.0138640">
    <ele>2545.5</ele>
    <time>2026-10-02T13:32:05Z</time>
   </trkpt>
   <trkpt lat="46.5297590" lon="12.0138530">
    <ele>2545.7</ele>
    <time>2026-10-02T13:32:06Z</time>
   </trkpt>
   <trkpt lat="46.5297530" lon="12.0138470">
    <ele>2545.9</ele>
    <time>2026-10-02T13:32:07Z</time>
   </trkpt>
   <trkpt lat="46.5297490" lon="12.0138430">
    <ele>2546.0</ele>
    <time>2026-10-02T13:32:08Z</time>
   </trkpt>
   <trkpt lat="46.5297470" lon="12.0138390">
    <ele>2546.0</ele>
    <time>2026-10-02T13:32:09Z</time>
   </trkpt>
   <trkpt lat="46.5297480" lon="12.0138340">
    <ele>2546.1</ele>
    <time>2026-10-02T13:32:10Z</time>
   </trkpt>
   <trkpt lat="46.5297450" lon="12.0138240">
    <ele>2546.2</ele>
    <time>2026-10-02T13:32:11Z</time>
   </trkpt>
   <trkpt lat="46.5297460" lon="12.0138240">
    <ele>2546.2</ele>
    <time>2026-10-02T13:32:12Z</time>
   </trkpt>
   <trkpt lat="46.5297430" lon="12.0138130">
    <ele>2546.4</ele>
    <time>2026-10-02T13:32:13Z</time>
   </trkpt>
   <trkpt lat="46.5297420" lon="12.0138070">
    <ele>2546.4</ele>
    <time>2026-10-02T13:32:14Z</time>
   </trkpt>
   <trkpt lat="46.5297340" lon="12.0137920">
    <ele>2546.7</ele>
    <time>2026-10-02T13:32:15Z</time>
   </trkpt>
   <trkpt lat="46.5297260" lon="12.0137840">
    <ele>2546.9</ele>
    <time>2026-10-02T13:32:16Z</time>
   </trkpt>
   <trkpt lat="46.5297280" lon="12.0137840">
    <ele>2546.9</ele>
    <time>2026-10-02T13:32:17Z</time>
   </trkpt>
   <trkpt lat="46.5297290" lon="12.0137850">
    <ele>2546.9</ele>
    <time>2026-10-02T13:32:18Z</time>
   </trkpt>
   <trkpt lat="46.5297310" lon="12.0137830">
    <ele>2547.0</ele>
    <time>2026-10-02T13:32:19Z</time>
   </trkpt>
   <trkpt lat="46.5297270" lon="12.0137830">
    <ele>2547.0</ele>
    <time>2026-10-02T13:32:20Z</time>
   </trkpt>
   <trkpt lat="46.5297340" lon="12.0137870">
    <ele>2547.2</ele>
    <time>2026-10-02T13:32:21Z</time>
   </trkpt>
   <trkpt lat="46.5297400" lon="12.0137860">
    <ele>2547.3</ele>
    <time>2026-10-02T13:32:22Z</time>
   </trkpt>
   <trkpt lat="46.5297440" lon="12.0137860">
    <ele>2547.4</ele>
    <time>2026-10-02T13:32:23Z</time>
   </trkpt>
   <trkpt lat="46.5297430" lon="12.0137810">
    <ele>2547.4</ele>
    <time>2026-10-02T13:32:24Z</time>
   </trkpt>
   <trkpt lat="46.5297440" lon="12.0137870">
    <ele>2547.5</ele>
    <time>2026-10-02T13:32:25Z</time>
   </trkpt>
   <trkpt lat="46.5297450" lon="12.0137880">
    <ele>2547.5</ele>
    <time>2026-10-02T13:32:26Z</time>
   </trkpt>
   <trkpt lat="46.5297420" lon="12.0137910">
    <ele>2547.6</ele>
    <time>2026-10-02T13:32:27Z</time>
   </trkpt>
   <trkpt lat="46.5297440" lon="12.0137940">
    <ele>2547.7</ele>
    <time>2026-10-02T13:32:28Z</time>
   </trkpt>
   <trkpt lat="46.5297440" lon="12.0137940">
    <ele>2547.7</ele>
    <time>2026-10-02T13:32:29Z</time>
   </trkpt>
   <trkpt lat="46.5297450" lon="12.0137960">
    <ele>2547.7</ele>
    <time>2026-10-02T13:32:30Z</time>
   </trkpt>
   <trkpt lat="46.5297510" lon="12.0137790">
    <ele>2547.9</ele>
    <time>2026-10-02T13:32:31Z</time>
   </trkpt>
   <trkpt lat="46.5297520" lon="12.0137640">
    <ele>2548.1</ele>
    <time>2026-10-02T13:32:32Z</time>
   </trkpt>
   <trkpt lat="46.5297500" lon="12.0137710">
    <ele>2548.2</ele>
    <time>2026-10-02T13:32:33Z</time>
   </trkpt>
   <trkpt lat="46.5297460" lon="12.0137620">
    <ele>2548.4</ele>
    <time>2026-10-02T13:32:34Z</time>
   </trkpt>
   <trkpt lat="46.5297440" lon="12.0137550">
    <ele>2548.5</ele>
    <time>2026-10-02T13:32:35Z</time>
   </trkpt>
   <trkpt lat="46.5297400" lon="12.0137470">
    <ele>2548.6</ele>
    <time>2026-10-02T13:32:36Z</time>
   </trkpt>
   <trkpt lat="46.5297340" lon="12.0137390">
    <ele>2548.8</ele>
    <time>2026-10-02T13:32:37Z</time>
   </trkpt>
   <trkpt lat="46.5297290" lon="12.0137300">
    <ele>2548.9</ele>
    <time>2026-10-02T13:32:38Z</time>
   </trkpt>
   <trkpt lat="46.5297320" lon="12.0137280">
    <ele>2549.0</ele>
    <time>2026-10-02T13:32:39Z</time>
   </trkpt>
   <trkpt lat="46.5297350" lon="12.0137130">
    <ele>2549.2</ele>
    <time>2026-10-02T13:32:40Z</time>
   </trkpt>
   <trkpt lat="46.5297380" lon="12.0137100">
    <ele>2549.3</ele>
    <time>2026-10-02T13:32:41Z</time>
   </trkpt>
   <trkpt lat="46.5297370" lon="12.0137030">
    <ele>2549.4</ele>
    <time>2026-10-02T13:32:42Z</time>
   </trkpt>
   <trkpt lat="46.5297330" lon="12.0136770">
    <ele>2549.8</ele>
    <time>2026-10-02T13:32:43Z</time>
   </trkpt>
   <trkpt lat="46.5297260" lon="12.0136710">
    <ele>2549.9</ele>
    <time>2026-10-02T13:32:44Z</time>
   </trkpt>
   <trkpt lat="46.5297220" lon="12.0136740">
    <ele>2550.0</ele>
    <time>2026-10-02T13:32:45Z</time>
   </trkpt>
   <trkpt lat="46.5297180" lon="12.0136670">
    <ele>2550.2</ele>
    <time>2026-10-02T13:32:46Z</time>
   </trkpt>
   <trkpt lat="46.5297170" lon="12.0136530">
    <ele>2550.4</ele>
    <time>2026-10-02T13:32:47Z</time>
   </trkpt>
   <trkpt lat="46.5297180" lon="12.0136450">
    <ele>2550.5</ele>
    <time>2026-10-02T13:32:48Z</time>
   </trkpt>
   <trkpt lat="46.5297230" lon="12.0136460">
    <ele>2550.6</ele>
    <time>2026-10-02T13:32:49Z</time>
   </trkpt>
   <trkpt lat="46.5297280" lon="12.0136480">
    <ele>2550.7</ele>
    <time>2026-10-02T13:32:50Z</time>
   </trkpt>
   <trkpt lat="46.5297250" lon="12.0136460">
    <ele>2550.8</ele>
    <time>2026-10-02T13:32:51Z</time>
   </trkpt>
   <trkpt lat="46.5297240" lon="12.0136470">
    <ele>2550.8</ele>
    <time>2026-10-02T13:32:52Z</time>
   </trkpt>
   <trkpt lat="46.5297310" lon="12.0136490">
    <ele>2550.9</ele>
    <time>2026-10-02T13:32:53Z</time>
   </trkpt>
   <trkpt lat="46.5297340" lon="12.0136510">
    <ele>2551.0</ele>
    <time>2026-10-02T13:32:54Z</time>
   </trkpt>
   <trkpt lat="46.5297340" lon="12.0136520">
    <ele>2551.0</ele>
    <time>2026-10-02T13:32:55Z</time>
   </trkpt>
   <trkpt lat="46.5297350" lon="12.0136520">
    <ele>2551.0</ele>
    <time>2026-10-02T13:32:56Z</time>
   </trkpt>
   <trkpt lat="46.5297350" lon="12.0136520">
    <ele>2551.0</ele>
    <time>2026-10-02T13:32:57Z</time>
   </trkpt>
   <trkpt lat="46.5297350" lon="12.0136520">
    <ele>2551.0</ele>
    <time>2026-10-02T13:32:58Z</time>
   </trkpt>
   <trkpt lat="46.5297350" lon="12.0136520">
    <ele>2551.0</ele>
    <time>2026-10-02T13:32:59Z</time>
   </trkpt>
   <trkpt lat="46.5297350" lon="12.0136520">
    <ele>2551.0</ele>
    <time>2026-10-02T13:33:00Z</time>
   </trkpt>
   <trkpt lat="46.5297410" lon="12.0136540">
    <ele>2551.2</ele>
    <time>2026-10-02T13:33:01Z</time>
   </trkpt>
   <trkpt lat="46.5297410" lon="12.0136550">
    <ele>2551.2</ele>
    <time>2026-10-02T13:33:02Z</time>
   </trkpt>
   <trkpt lat="46.5297410" lon="12.0136550">
    <ele>2551.2</ele>
    <time>2026-10-02T13:33:03Z</time>
   </trkpt>
   <trkpt lat="46.5297440" lon="12.0136570">
    <ele>2551.3</ele>
    <time>2026-10-02T13:33:04Z</time>
   </trkpt>
   <trkpt lat="46.5297560" lon="12.0136560">
    <ele>2551.5</ele>
    <time>2026-10-02T13:33:05Z</time>
   </trkpt>
   <trkpt lat="46.5297500" lon="12.0136570">
    <ele>2551.6</ele>
    <time>2026-10-02T13:33:06Z</time>
   </trkpt>
   <trkpt lat="46.5297550" lon="12.0136540">
    <ele>2551.7</ele>
    <time>2026-10-02T13:33:07Z</time>
   </trkpt>
   <trkpt lat="46.5297590" lon="12.0136520">
    <ele>2551.8</ele>
    <time>2026-10-02T13:33:08Z</time>
   </trkpt>
   <trkpt lat="46.5297660" lon="12.0136490">
    <ele>2552.0</ele>
    <time>2026-10-02T13:33:09Z</time>
   </trkpt>
   <trkpt lat="46.5297780" lon="12.0136480">
    <ele>2552.2</ele>
    <time>2026-10-02T13:33:10Z</time>
   </trkpt>
   <trkpt lat="46.5297730" lon="12.0136470">
    <ele>2552.3</ele>
    <time>2026-10-02T13:33:11Z</time>
   </trkpt>
   <trkpt lat="46.5297790" lon="12.0136420">
    <ele>2552.5</ele>
    <time>2026-10-02T13:33:12Z</time>
   </trkpt>
   <trkpt lat="46.5297850" lon="12.0136370">
    <ele>2552.6</ele>
    <time>2026-10-02T13:33:13Z</time>
   </trkpt>
   <trkpt lat="46.5297890" lon="12.0136300">
    <ele>2552.7</ele>
    <time>2026-10-02T13:33:14Z</time>
   </trkpt>
   <trkpt lat="46.5297930" lon="12.0136300">
    <ele>2552.8</ele>
    <time>2026-10-02T13:33:15Z</time>
   </trkpt>
   <trkpt lat="46.5297970" lon="12.0136290">
    <ele>2552.9</ele>
    <time>2026-10-02T13:33:16Z</time>
   </trkpt>
   <trkpt lat="46.5297930" lon="12.0136310">
    <ele>2553.0</ele>
    <time>2026-10-02T13:33:17Z</time>
   </trkpt>
   <trkpt lat="46.5297920" lon="12.0136310">
    <ele>2553.0</ele>
    <time>2026-10-02T13:33:18Z</time>
   </trkpt>
   <trkpt lat="46.5297920" lon="12.0136310">
    <ele>2553.0</ele>
    <time>2026-10-02T13:33:19Z</time>
   </trkpt>
   <trkpt lat="46.5297920" lon="12.0136310">
    <ele>2553.0</ele>
    <time>2026-10-02T13:33:20Z</time>
   </trkpt>
   <trkpt lat="46.5297920" lon="12.0136310">
    <ele>2553.0</ele>
    <time>2026-10-02T13:33:21Z</time>
   </trkpt>
   <trkpt lat="46.5297920" lon="12.0136310">
    <ele>2553.0</ele>
    <time>2026-10-02T13:33:22Z</time>
   </trkpt>
   <trkpt lat="46.5297920" lon="12.0136300">
    <ele>2553.0</ele>
    <time>2026-10-02T13:33:23Z</time>
   </trkpt>
   <trkpt lat="46.5297920" lon="12.0136310">
    <ele>2553.0</ele>
    <time>2026-10-02T13:33:24Z</time>
   </trkpt>
   <trkpt lat="46.5297930" lon="12.0136290">
    <ele>2553.1</ele>
    <time>2026-10-02T13:33:25Z</time>
   </trkpt>
   <trkpt lat="46.5297990" lon="12.0136350">
    <ele>2553.2</ele>
    <time>2026-10-02T13:33:26Z</time>
   </trkpt>
   <trkpt lat="46.5297990" lon="12.0136350">
    <ele>2553.2</ele>
    <time>2026-10-02T13:33:27Z</time>
   </trkpt>
   <trkpt lat="46.5298100" lon="12.0136400">
    <ele>2553.5</ele>
    <time>2026-10-02T13:33:28Z</time>
   </trkpt>
   <trkpt lat="46.5298100" lon="12.0136400">
    <ele>2553.5</ele>
    <time>2026-10-02T13:33:29Z</time>
   </trkpt>
   <trkpt lat="46.5298100" lon="12.0136400">
    <ele>2553.5</ele>
    <time>2026-10-02T13:33:30Z</time>
   </trkpt>
   <trkpt lat="46.5298100" lon="12.0136400">
    <ele>2553.5</ele>
    <time>2026-10-02T13:33:31Z</time>
   </trkpt>
   <trkpt lat="46.5298070" lon="12.0136370">
    <ele>2553.5</ele>
    <time>2026-10-02T13:33:32Z</time>
   </trkpt>
   <trkpt lat="46.5298130" lon="12.0136340">
    <ele>2553.7</ele>
    <time>2026-10-02T13:33:33Z</time>
   </trkpt>
   <trkpt lat="46.5298210" lon="12.0136290">
    <ele>2553.9</ele>
    <time>2026-10-02T13:33:34Z</time>
   </trkpt>
   <trkpt lat="46.5298220" lon="12.0136170">
    <ele>2554.0</ele>
    <time>2026-10-02T13:33:35Z</time>
   </trkpt>
   <trkpt lat="46.5298310" lon="12.0136170">
    <ele>2554.2</ele>
    <time>2026-10-02T13:33:36Z</time>
   </trkpt>
   <trkpt lat="46.5298400" lon="12.0136140">
    <ele>2554.4</ele>
    <time>2026-10-02T13:33:37Z</time>
   </trkpt>
   <trkpt lat="46.5298470" lon="12.0136150">
    <ele>2554.5</ele>
    <time>2026-10-02T13:33:38Z</time>
   </trkpt>
   <trkpt lat="46.5298540" lon="12.0136140">
    <ele>2554.7</ele>
    <time>2026-10-02T13:33:39Z</time>
   </trkpt>
   <trkpt lat="46.5298620" lon="12.0136110">
    <ele>2554.8</ele>
    <time>2026-10-02T13:33:40Z</time>
   </trkpt>
   <trkpt lat="46.5298670" lon="12.0136080">
    <ele>2555.0</ele>
    <time>2026-10-02T13:33:41Z</time>
   </trkpt>
   <trkpt lat="46.5298670" lon="12.0136080">
    <ele>2555.0</ele>
    <time>2026-10-02T13:33:42Z</time>
   </trkpt>
   <trkpt lat="46.5298650" lon="12.0136070">
    <ele>2555.0</ele>
    <time>2026-10-02T13:33:43Z</time>
   </trkpt>
   <trkpt lat="46.5298640" lon="12.0136070">
    <ele>2555.0</ele>
    <time>2026-10-02T13:33:44Z</time>
   </trkpt>
   <trkpt lat="46.5298640" lon="12.0136070">
    <ele>2555.0</ele>
    <time>2026-10-02T13:33:45Z</time>
   </trkpt>
   <trkpt lat="46.5298640" lon="12.0136070">
    <ele>2555.0</ele>
    <time>2026-10-02T13:33:46Z</time>
   </trkpt>
   <trkpt lat="46.5298640" lon="12.0136070">
    <ele>2555.0</ele>
    <time>2026-10-02T13:33:47Z</time>
   </trkpt>
   <trkpt lat="46.5298600" lon="12.0135960">
    <ele>2555.2</ele>
    <time>2026-10-02T13:33:48Z</time>
   </trkpt>
   <trkpt lat="46.5298630" lon="12.0136020">
    <ele>2555.3</ele>
    <time>2026-10-02T13:33:49Z</time>
   </trkpt>
   <trkpt lat="46.5298710" lon="12.0135950">
    <ele>2555.5</ele>
    <time>2026-10-02T13:33:50Z</time>
   </trkpt>
   <trkpt lat="46.5298790" lon="12.0135870">
    <ele>2555.7</ele>
    <time>2026-10-02T13:33:51Z</time>
   </trkpt>
   <trkpt lat="46.5298860" lon="12.0135960">
    <ele>2555.9</ele>
    <time>2026-10-02T13:33:52Z</time>
   </trkpt>
   <trkpt lat="46.5298950" lon="12.0135910">
    <ele>2556.1</ele>
    <time>2026-10-02T13:33:53Z</time>
   </trkpt>
   <trkpt lat="46.5298940" lon="12.0135920">
    <ele>2556.1</ele>
    <time>2026-10-02T13:33:54Z</time>
   </trkpt>
   <trkpt lat="46.5299070" lon="12.0135960">
    <ele>2556.3</ele>
    <time>2026-10-02T13:33:55Z</time>
   </trkpt>
   <trkpt lat="46.5299070" lon="12.0135920">
    <ele>2556.4</ele>
    <time>2026-10-02T13:33:56Z</time>
   </trkpt>
   <trkpt lat="46.5299070" lon="12.0135940">
    <ele>2556.4</ele>
    <time>2026-10-02T13:33:57Z</time>
   </trkpt>
   <trkpt lat="46.5299190" lon="12.0135930">
    <ele>2556.6</ele>
    <time>2026-10-02T13:33:58Z</time>
   </trkpt>
   <trkpt lat="46.5299230" lon="12.0135950">
    <ele>2556.7</ele>
    <time>2026-10-02T13:33:59Z</time>
   </trkpt>
   <trkpt lat="46.5299340" lon="12.0135950">
    <ele>2556.9</ele>
    <time>2026-10-02T13:34:00Z</time>
   </trkpt>
   <trkpt lat="46.5299440" lon="12.0135910">
    <ele>2557.1</ele>
    <time>2026-10-02T13:34:01Z</time>
   </trkpt>
   <trkpt lat="46.5299430" lon="12.0135860">
    <ele>2557.2</ele>
    <time>2026-10-02T13:34:02Z</time>
   </trkpt>
   <trkpt lat="46.5299530" lon="12.0135860">
    <ele>2557.4</ele>
    <time>2026-10-02T13:34:03Z</time>
   </trkpt>
   <trkpt lat="46.5299610" lon="12.0135870">
    <ele>2557.5</ele>
    <time>2026-10-02T13:34:04Z</time>
   </trkpt>
   <trkpt lat="46.5299780" lon="12.0135830">
    <ele>2557.8</ele>
    <time>2026-10-02T13:34:05Z</time>
   </trkpt>
   <trkpt lat="46.5299840" lon="12.0135820">
    <ele>2557.9</ele>
    <time>2026-10-02T13:34:06Z</time>
   </trkpt>
   <trkpt lat="46.5299840" lon="12.0135790">
    <ele>2558.0</ele>
    <time>2026-10-02T13:34:07Z</time>
   </trkpt>
   <trkpt lat="46.5300020" lon="12.0135760">
    <ele>2558.3</ele>
    <time>2026-10-02T13:34:08Z</time>
   </trkpt>
   <trkpt lat="46.5300010" lon="12.0135740">
    <ele>2558.3</ele>
    <time>2026-10-02T13:34:09Z</time>
   </trkpt>
   <trkpt lat="46.5300030" lon="12.0135740">
    <ele>2558.4</ele>
    <time>2026-10-02T13:34:10Z</time>
   </trkpt>
   <trkpt lat="46.5300080" lon="12.0135680">
    <ele>2558.5</ele>
    <time>2026-10-02T13:34:11Z</time>
   </trkpt>
   <trkpt lat="46.5300210" lon="12.0135680">
    <ele>2558.7</ele>
    <time>2026-10-02T13:34:12Z</time>
   </trkpt>
   <trkpt lat="46.5300250" lon="12.0135620">
    <ele>2558.8</ele>
    <time>2026-10-02T13:34:13Z</time>
   </trkpt>
   <trkpt lat="46.5300270" lon="12.0135480">
    <ele>2559.0</ele>
    <time>2026-10-02T13:34:14Z</time>
   </trkpt>
   <trkpt lat="46.5300280" lon="12.0135390">
    <ele>2559.1</ele>
    <time>2026-10-02T13:34:15Z</time>
   </trkpt>
   <trkpt lat="46.5300260" lon="12.0135280">
    <ele>2559.2</ele>
    <time>2026-10-02T13:34:16Z</time>
   </trkpt>
   <trkpt lat="46.5300280" lon="12.0135180">
    <ele>2559.3</ele>
    <time>2026-10-02T13:34:17Z</time>
   </trkpt>
   <trkpt lat="46.5300310" lon="12.0135040">
    <ele>2559.5</ele>
    <time>2026-10-02T13:34:18Z</time>
   </trkpt>
   <trkpt lat="46.5300380" lon="12.0134960">
    <ele>2559.7</ele>
    <time>2026-10-02T13:34:19Z</time>
   </trkpt>
   <trkpt lat="46.5300420" lon="12.0134890">
    <ele>2559.8</ele>
    <time>2026-10-02T13:34:20Z</time>
   </trkpt>
   <trkpt lat="46.5300560" lon="12.0134790">
    <ele>2560.0</ele>
    <time>2026-10-02T13:34:21Z</time>
   </trkpt>
   <trkpt lat="46.5300620" lon="12.0134770">
    <ele>2560.1</ele>
    <time>2026-10-02T13:34:22Z</time>
   </trkpt>
   <trkpt lat="46.5300590" lon="12.0134710">
    <ele>2560.2</ele>
    <time>2026-10-02T13:34:23Z</time>
   </trkpt>
   <trkpt lat="46.5300610" lon="12.0134580">
    <ele>2560.3</ele>
    <time>2026-10-02T13:34:24Z</time>
   </trkpt>
   <trkpt lat="46.5300600" lon="12.0134470">
    <ele>2560.5</ele>
    <time>2026-10-02T13:34:25Z</time>
   </trkpt>
   <trkpt lat="46.5300610" lon="12.0134330">
    <ele>2560.6</ele>
    <time>2026-10-02T13:34:26Z</time>
   </trkpt>
   <trkpt lat="46.5300620" lon="12.0134240">
    <ele>2560.7</ele>
    <time>2026-10-02T13:34:27Z</time>
   </trkpt>
   <trkpt lat="46.5300600" lon="12.0134220">
    <ele>2560.8</ele>
    <time>2026-10-02T13:34:28Z</time>
   </trkpt>
   <trkpt lat="46.5300630" lon="12.0134150">
    <ele>2560.9</ele>
    <time>2026-10-02T13:34:29Z</time>
   </trkpt>
   <trkpt lat="46.5300680" lon="12.0134040">
    <ele>2561.0</ele>
    <time>2026-10-02T13:34:30Z</time>
   </trkpt>
   <trkpt lat="46.5300700" lon="12.0133950">
    <ele>2561.1</ele>
    <time>2026-10-02T13:34:31Z</time>
   </trkpt>
   <trkpt lat="46.5300760" lon="12.0133890">
    <ele>2561.2</ele>
    <time>2026-10-02T13:34:32Z</time>
   </trkpt>
   <trkpt lat="46.5300760" lon="12.0133790">
    <ele>2561.3</ele>
    <time>2026-10-02T13:34:33Z</time>
   </trkpt>
   <trkpt lat="46.5300810" lon="12.0133550">
    <ele>2561.6</ele>
    <time>2026-10-02T13:34:34Z</time>
   </trkpt>
   <trkpt lat="46.5300810" lon="12.0133470">
    <ele>2561.7</ele>
    <time>2026-10-02T13:34:35Z</time>
   </trkpt>
   <trkpt lat="46.5300810" lon="12.0133400">
    <ele>2561.7</ele>
    <time>2026-10-02T13:34:36Z</time>
   </trkpt>
   <trkpt lat="46.5300830" lon="12.0133270">
    <ele>2561.9</ele>
    <time>2026-10-02T13:34:37Z</time>
   </trkpt>
   <trkpt lat="46.5300870" lon="12.0133210">
    <ele>2561.9</ele>
    <time>2026-10-02T13:34:38Z</time>
   </trkpt>
   <trkpt lat="46.5300920" lon="12.0133160">
    <ele>2562.0</ele>
    <time>2026-10-02T13:34:39Z</time>
   </trkpt>
   <trkpt lat="46.5300990" lon="12.0133110">
    <ele>2562.2</ele>
    <time>2026-10-02T13:34:40Z</time>
   </trkpt>
   <trkpt lat="46.5301000" lon="12.0133170">
    <ele>2562.2</ele>
    <time>2026-10-02T13:34:41Z</time>
   </trkpt>
   <trkpt lat="46.5300970" lon="12.0133210">
    <ele>2562.3</ele>
    <time>2026-10-02T13:34:42Z</time>
   </trkpt>
   <trkpt lat="46.5300990" lon="12.0133210">
    <ele>2562.3</ele>
    <time>2026-10-02T13:34:43Z</time>
   </trkpt>
   <trkpt lat="46.5300980" lon="12.0132940">
    <ele>2562.6</ele>
    <time>2026-10-02T13:34:44Z</time>
   </trkpt>
   <trkpt lat="46.5300950" lon="12.0132910">
    <ele>2562.6</ele>
    <time>2026-10-02T13:34:45Z</time>
   </trkpt>
   <trkpt lat="46.5300920" lon="12.0132950">
    <ele>2562.7</ele>
    <time>2026-10-02T13:34:46Z</time>
   </trkpt>
   <trkpt lat="46.5300960" lon="12.0132880">
    <ele>2562.8</ele>
    <time>2026-10-02T13:34:47Z</time>
   </trkpt>
   <trkpt lat="46.5300970" lon="12.0132980">
    <ele>2562.9</ele>
    <time>2026-10-02T13:34:48Z</time>
   </trkpt>
   <trkpt lat="46.5300970" lon="12.0133000">
    <ele>2562.9</ele>
    <time>2026-10-02T13:34:49Z</time>
   </trkpt>
   <trkpt lat="46.5300990" lon="12.0133020">
    <ele>2563.0</ele>
    <time>2026-10-02T13:34:50Z</time>
   </trkpt>
   <trkpt lat="46.5300990" lon="12.0132980">
    <ele>2563.0</ele>
    <time>2026-10-02T13:34:51Z</time>
   </trkpt>
   <trkpt lat="46.5300910" lon="12.0132810">
    <ele>2563.2</ele>
    <time>2026-10-02T13:34:52Z</time>
   </trkpt>
   <trkpt lat="46.5300920" lon="12.0132730">
    <ele>2563.3</ele>
    <time>2026-10-02T13:34:53Z</time>
   </trkpt>
   <trkpt lat="46.5300970" lon="12.0132730">
    <ele>2563.4</ele>
    <time>2026-10-02T13:34:54Z</time>
   </trkpt>
   <trkpt lat="46.5300930" lon="12.0132610">
    <ele>2563.5</ele>
    <time>2026-10-02T13:34:55Z</time>
   </trkpt>
   <trkpt lat="46.5300900" lon="12.0132470">
    <ele>2563.6</ele>
    <time>2026-10-02T13:34:56Z</time>
   </trkpt>
   <trkpt lat="46.5300870" lon="12.0132330">
    <ele>2563.8</ele>
    <time>2026-10-02T13:34:57Z</time>
   </trkpt>
   <trkpt lat="46.5300840" lon="12.0132220">
    <ele>2563.9</ele>
    <time>2026-10-02T13:34:58Z</time>
   </trkpt>
   <trkpt lat="46.5300820" lon="12.0132120">
    <ele>2564.0</ele>
    <time>2026-10-02T13:34:59Z</time>
   </trkpt>
   <trkpt lat="46.5300830" lon="12.0132090">
    <ele>2564.1</ele>
    <time>2026-10-02T13:35:00Z</time>
   </trkpt>
   <trkpt lat="46.5300860" lon="12.0132070">
    <ele>2564.1</ele>
    <time>2026-10-02T13:35:01Z</time>
   </trkpt>
   <trkpt lat="46.5300800" lon="12.0131850">
    <ele>2564.4</ele>
    <time>2026-10-02T13:35:02Z</time>
   </trkpt>
   <trkpt lat="46.5300820" lon="12.0131800">
    <ele>2564.4</ele>
    <time>2026-10-02T13:35:03Z</time>
   </trkpt>
   <trkpt lat="46.5300800" lon="12.0131800">
    <ele>2564.4</ele>
    <time>2026-10-02T13:35:04Z</time>
   </trkpt>
   <trkpt lat="46.5300780" lon="12.0131760">
    <ele>2564.5</ele>
    <time>2026-10-02T13:35:05Z</time>
   </trkpt>
   <trkpt lat="46.5300760" lon="12.0131690">
    <ele>2564.6</ele>
    <time>2026-10-02T13:35:06Z</time>
   </trkpt>
   <trkpt lat="46.5300760" lon="12.0131700">
    <ele>2564.6</ele>
    <time>2026-10-02T13:35:07Z</time>
   </trkpt>
   <trkpt lat="46.5300760" lon="12.0131710">
    <ele>2564.6</ele>
    <time>2026-10-02T13:35:08Z</time>
   </trkpt>
   <trkpt lat="46.5300790" lon="12.0131470">
    <ele>2564.8</ele>
    <time>2026-10-02T13:35:10Z</time>
   </trkpt>
   <trkpt lat="46.5300900" lon="12.0131620">
    <ele>2565.1</ele>
    <time>2026-10-02T13:35:11Z</time>
   </trkpt>
   <trkpt lat="46.5300980" lon="12.0131600">
    <ele>2565.2</ele>
    <time>2026-10-02T13:35:12Z</time>
   </trkpt>
   <trkpt lat="46.5301060" lon="12.0131550">
    <ele>2565.3</ele>
    <time>2026-10-02T13:35:13Z</time>
   </trkpt>
   <trkpt lat="46.5301120" lon="12.0131490">
    <ele>2565.4</ele>
    <time>2026-10-02T13:35:14Z</time>
   </trkpt>
   <trkpt lat="46.5301190" lon="12.0131420">
    <ele>2565.5</ele>
    <time>2026-10-02T13:35:15Z</time>
   </trkpt>
   <trkpt lat="46.5301230" lon="12.0131370">
    <ele>2565.6</ele>
    <time>2026-10-02T13:35:16Z</time>
   </trkpt>
   <trkpt lat="46.5301290" lon="12.0131370">
    <ele>2565.7</ele>
    <time>2026-10-02T13:35:17Z</time>
   </trkpt>
   <trkpt lat="46.5301340" lon="12.0131390">
    <ele>2565.8</ele>
    <time>2026-10-02T13:35:18Z</time>
   </trkpt>
   <trkpt lat="46.5301440" lon="12.0131410">
    <ele>2565.9</ele>
    <time>2026-10-02T13:35:19Z</time>
   </trkpt>
   <trkpt lat="46.5301550" lon="12.0131470">
    <ele>2566.1</ele>
    <time>2026-10-02T13:35:21Z</time>
   </trkpt>
   <trkpt lat="46.5301610" lon="12.0131550">
    <ele>2566.2</ele>
    <time>2026-10-02T13:35:22Z</time>
   </trkpt>
   <trkpt lat="46.5301730" lon="12.0131640">
    <ele>2566.4</ele>
    <time>2026-10-02T13:35:23Z</time>
   </trkpt>
   <trkpt lat="46.5301830" lon="12.0131740">
    <ele>2566.6</ele>
    <time>2026-10-02T13:35:24Z</time>
   </trkpt>
   <trkpt lat="46.5301950" lon="12.0131840">
    <ele>2566.9</ele>
    <time>2026-10-02T13:35:25Z</time>
   </trkpt>
   <trkpt lat="46.5301990" lon="12.0131870">
    <ele>2566.9</ele>
    <time>2026-10-02T13:35:26Z</time>
   </trkpt>
   <trkpt lat="46.5302100" lon="12.0132000">
    <ele>2567.2</ele>
    <time>2026-10-02T13:35:27Z</time>
   </trkpt>
   <trkpt lat="46.5302190" lon="12.0132080">
    <ele>2567.3</ele>
    <time>2026-10-02T13:35:28Z</time>
   </trkpt>
   <trkpt lat="46.5302240" lon="12.0132130">
    <ele>2567.4</ele>
    <time>2026-10-02T13:35:29Z</time>
   </trkpt>
   <trkpt lat="46.5302270" lon="12.0132100">
    <ele>2567.5</ele>
    <time>2026-10-02T13:35:30Z</time>
   </trkpt>
   <trkpt lat="46.5302260" lon="12.0132090">
    <ele>2567.5</ele>
    <time>2026-10-02T13:35:31Z</time>
   </trkpt>
   <trkpt lat="46.5302260" lon="12.0132090">
    <ele>2567.5</ele>
    <time>2026-10-02T13:35:32Z</time>
   </trkpt>
   <trkpt lat="46.5302260" lon="12.0132090">
    <ele>2567.5</ele>
    <time>2026-10-02T13:35:33Z</time>
   </trkpt>
   <trkpt lat="46.5302270" lon="12.0132090">
    <ele>2567.5</ele>
    <time>2026-10-02T13:35:34Z</time>
   </trkpt>
   <trkpt lat="46.5302330" lon="12.0132030">
    <ele>2567.6</ele>
    <time>2026-10-02T13:35:35Z</time>
   </trkpt>
   <trkpt lat="46.5302390" lon="12.0131940">
    <ele>2567.8</ele>
    <time>2026-10-02T13:35:36Z</time>
   </trkpt>
   <trkpt lat="46.5302430" lon="12.0131800">
    <ele>2567.9</ele>
    <time>2026-10-02T13:35:37Z</time>
   </trkpt>
   <trkpt lat="46.5302470" lon="12.0131690">
    <ele>2568.1</ele>
    <time>2026-10-02T13:35:38Z</time>
   </trkpt>
   <trkpt lat="46.5302500" lon="12.0131600">
    <ele>2568.2</ele>
    <time>2026-10-02T13:35:39Z</time>
   </trkpt>
   <trkpt lat="46.5302550" lon="12.0131520">
    <ele>2568.3</ele>
    <time>2026-10-02T13:35:40Z</time>
   </trkpt>
   <trkpt lat="46.5302590" lon="12.0131410">
    <ele>2568.5</ele>
    <time>2026-10-02T13:35:41Z</time>
   </trkpt>
   <trkpt lat="46.5302640" lon="12.0131320">
    <ele>2568.6</ele>
    <time>2026-10-02T13:35:42Z</time>
   </trkpt>
   <trkpt lat="46.5302690" lon="12.0131230">
    <ele>2568.8</ele>
    <time>2026-10-02T13:35:43Z</time>
   </trkpt>
   <trkpt lat="46.5302730" lon="12.0131130">
    <ele>2568.9</ele>
    <time>2026-10-02T13:35:44Z</time>
   </trkpt>
   <trkpt lat="46.5302760" lon="12.0131030">
    <ele>2569.0</ele>
    <time>2026-10-02T13:35:45Z</time>
   </trkpt>
   <trkpt lat="46.5302800" lon="12.0130960">
    <ele>2569.1</ele>
    <time>2026-10-02T13:35:46Z</time>
   </trkpt>
   <trkpt lat="46.5302860" lon="12.0130890">
    <ele>2569.3</ele>
    <time>2026-10-02T13:35:47Z</time>
   </trkpt>
   <trkpt lat="46.5302920" lon="12.0130790">
    <ele>2569.4</ele>
    <time>2026-10-02T13:35:48Z</time>
   </trkpt>
   <trkpt lat="46.5302950" lon="12.0130710">
    <ele>2569.5</ele>
    <time>2026-10-02T13:35:49Z</time>
   </trkpt>
   <trkpt lat="46.5302980" lon="12.0130640">
    <ele>2569.6</ele>
    <time>2026-10-02T13:35:50Z</time>
   </trkpt>
   <trkpt lat="46.5302950" lon="12.0130620">
    <ele>2569.7</ele>
    <time>2026-10-02T13:35:51Z</time>
   </trkpt>
   <trkpt lat="46.5302970" lon="12.0130600">
    <ele>2569.7</ele>
    <time>2026-10-02T13:35:52Z</time>
   </trkpt>
   <trkpt lat="46.5302980" lon="12.0130640">
    <ele>2569.8</ele>
    <time>2026-10-02T13:35:53Z</time>
   </trkpt>
   <trkpt lat="46.5302980" lon="12.0130640">
    <ele>2569.8</ele>
    <time>2026-10-02T13:35:54Z</time>
   </trkpt>
   <trkpt lat="46.5303010" lon="12.0130640">
    <ele>2569.8</ele>
    <time>2026-10-02T13:35:55Z</time>
   </trkpt>
   <trkpt lat="46.5303070" lon="12.0130550">
    <ele>2570.0</ele>
    <time>2026-10-02T13:35:56Z</time>
   </trkpt>
   <trkpt lat="46.5303130" lon="12.0130500">
    <ele>2570.1</ele>
    <time>2026-10-02T13:35:57Z</time>
   </trkpt>
   <trkpt lat="46.5303170" lon="12.0130470">
    <ele>2570.2</ele>
    <time>2026-10-02T13:35:58Z</time>
   </trkpt>
   <trkpt lat="46.5303230" lon="12.0130470">
    <ele>2570.3</ele>
    <time>2026-10-02T13:35:59Z</time>
   </trkpt>
   <trkpt lat="46.5303310" lon="12.0130480">
    <ele>2570.4</ele>
    <time>2026-10-02T13:36:00Z</time>
   </trkpt>
   <trkpt lat="46.5303400" lon="12.0130530">
    <ele>2570.6</ele>
    <time>2026-10-02T13:36:01Z</time>
   </trkpt>
   <trkpt lat="46.5303500" lon="12.0130570">
    <ele>2570.7</ele>
    <time>2026-10-02T13:36:02Z</time>
   </trkpt>
   <trkpt lat="46.5303560" lon="12.0130650">
    <ele>2570.9</ele>
    <time>2026-10-02T13:36:03Z</time>
   </trkpt>
   <trkpt lat="46.5303630" lon="12.0130710">
    <ele>2571.0</ele>
    <time>2026-10-02T13:36:04Z</time>
   </trkpt>
   <trkpt lat="46.5303700" lon="12.0130730">
    <ele>2571.2</ele>
    <time>2026-10-02T13:36:05Z</time>
   </trkpt>
   <trkpt lat="46.5303760" lon="12.0130750">
    <ele>2571.3</ele>
    <time>2026-10-02T13:36:06Z</time>
   </trkpt>
   <trkpt lat="46.5303800" lon="12.0130760">
    <ele>2571.3</ele>
    <time>2026-10-02T13:36:07Z</time>
   </trkpt>
   <trkpt lat="46.5303850" lon="12.0130750">
    <ele>2571.4</ele>
    <time>2026-10-02T13:36:08Z</time>
   </trkpt>
   <trkpt lat="46.5303900" lon="12.0130740">
    <ele>2571.5</ele>
    <time>2026-10-02T13:36:09Z</time>
   </trkpt>
   <trkpt lat="46.5304000" lon="12.0130730">
    <ele>2571.7</ele>
    <time>2026-10-02T13:36:10Z</time>
   </trkpt>
   <trkpt lat="46.5304030" lon="12.0130770">
    <ele>2571.7</ele>
    <time>2026-10-02T13:36:11Z</time>
   </trkpt>
   <trkpt lat="46.5304110" lon="12.0130820">
    <ele>2571.9</ele>
    <time>2026-10-02T13:36:12Z</time>
   </trkpt>
   <trkpt lat="46.5304150" lon="12.0130820">
    <ele>2572.0</ele>
    <time>2026-10-02T13:36:13Z</time>
   </trkpt>
   <trkpt lat="46.5304230" lon="12.0130850">
    <ele>2572.1</ele>
    <time>2026-10-02T13:36:14Z</time>
   </trkpt>
   <trkpt lat="46.5304290" lon="12.0130910">
    <ele>2572.2</ele>
    <time>2026-10-02T13:36:15Z</time>
   </trkpt>
   <trkpt lat="46.5304380" lon="12.0130930">
    <ele>2572.4</ele>
    <time>2026-10-02T13:36:16Z</time>
   </trkpt>
   <trkpt lat="46.5304450" lon="12.0130890">
    <ele>2572.5</ele>
    <time>2026-10-02T13:36:17Z</time>
   </trkpt>
   <trkpt lat="46.5304520" lon="12.0130880">
    <ele>2572.6</ele>
    <time>2026-10-02T13:36:18Z</time>
   </trkpt>
   <trkpt lat="46.5304610" lon="12.0130890">
    <ele>2572.8</ele>
    <time>2026-10-02T13:36:19Z</time>
   </trkpt>
   <trkpt lat="46.5304660" lon="12.0130920">
    <ele>2572.9</ele>
    <time>2026-10-02T13:36:20Z</time>
   </trkpt>
   <trkpt lat="46.5304720" lon="12.0130900">
    <ele>2573.0</ele>
    <time>2026-10-02T13:36:21Z</time>
   </trkpt>
   <trkpt lat="46.5304810" lon="12.0130880">
    <ele>2573.1</ele>
    <time>2026-10-02T13:36:22Z</time>
   </trkpt>
   <trkpt lat="46.5304820" lon="12.0130840">
    <ele>2573.2</ele>
    <time>2026-10-02T13:36:23Z</time>
   </trkpt>
   <trkpt lat="46.5304810" lon="12.0130840">
    <ele>2573.2</ele>
    <time>2026-10-02T13:36:24Z</time>
   </trkpt>
   <trkpt lat="46.5304810" lon="12.0130840">
    <ele>2573.2</ele>
    <time>2026-10-02T13:36:25Z</time>
   </trkpt>
   <trkpt lat="46.5304810" lon="12.0130840">
    <ele>2573.2</ele>
    <time>2026-10-02T13:36:26Z</time>
   </trkpt>
   <trkpt lat="46.5304790" lon="12.0130760">
    <ele>2573.3</ele>
    <time>2026-10-02T13:36:27Z</time>
   </trkpt>
   <trkpt lat="46.5304790" lon="12.0130750">
    <ele>2573.3</ele>
    <time>2026-10-02T13:36:28Z</time>
   </trkpt>
   <trkpt lat="46.5304730" lon="12.0130750">
    <ele>2573.4</ele>
    <time>2026-10-02T13:36:29Z</time>
   </trkpt>
   <trkpt lat="46.5304780" lon="12.0130730">
    <ele>2573.5</ele>
    <time>2026-10-02T13:36:30Z</time>
   </trkpt>
   <trkpt lat="46.5304760" lon="12.0130730">
    <ele>2573.5</ele>
    <time>2026-10-02T13:36:31Z</time>
   </trkpt>
   <trkpt lat="46.5304790" lon="12.0130760">
    <ele>2573.6</ele>
    <time>2026-10-02T13:36:32Z</time>
   </trkpt>
   <trkpt lat="46.5304770" lon="12.0130750">
    <ele>2573.6</ele>
    <time>2026-10-02T13:36:33Z</time>
   </trkpt>
   <trkpt lat="46.5304810" lon="12.0130810">
    <ele>2573.7</ele>
    <time>2026-10-02T13:36:34Z</time>
   </trkpt>
   <trkpt lat="46.5304780" lon="12.0130770">
    <ele>2573.8</ele>
    <time>2026-10-02T13:36:35Z</time>
   </trkpt>
   <trkpt lat="46.5304770" lon="12.0130760">
    <ele>2573.8</ele>
    <time>2026-10-02T13:36:36Z</time>
   </trkpt>
   <trkpt lat="46.5304790" lon="12.0130800">
    <ele>2573.8</ele>
    <time>2026-10-02T13:36:37Z</time>
   </trkpt>
   <trkpt lat="46.5304770" lon="12.0130820">
    <ele>2573.9</ele>
    <time>2026-10-02T13:36:38Z</time>
   </trkpt>
   <trkpt lat="46.5304770" lon="12.0130750">
    <ele>2573.9</ele>
    <time>2026-10-02T13:36:39Z</time>
   </trkpt>
   <trkpt lat="46.5304740" lon="12.0130720">
    <ele>2574.0</ele>
    <time>2026-10-02T13:36:40Z</time>
   </trkpt>
   <trkpt lat="46.5304730" lon="12.0130720">
    <ele>2574.0</ele>
    <time>2026-10-02T13:36:41Z</time>
   </trkpt>
   <trkpt lat="46.5304700" lon="12.0130680">
    <ele>2574.1</ele>
    <time>2026-10-02T13:36:42Z</time>
   </trkpt>
   <trkpt lat="46.5304690" lon="12.0130670">
    <ele>2574.1</ele>
    <time>2026-10-02T13:36:43Z</time>
   </trkpt>
   <trkpt lat="46.5304700" lon="12.0130620">
    <ele>2574.2</ele>
    <time>2026-10-02T13:36:44Z</time>
   </trkpt>
   <trkpt lat="46.5304680" lon="12.0130560">
    <ele>2574.2</ele>
    <time>2026-10-02T13:36:45Z</time>
   </trkpt>
   <trkpt lat="46.5304610" lon="12.0130470">
    <ele>2574.4</ele>
    <time>2026-10-02T13:36:46Z</time>
   </trkpt>
   <trkpt lat="46.5304540" lon="12.0130370">
    <ele>2574.5</ele>
    <time>2026-10-02T13:36:47Z</time>
   </trkpt>
   <trkpt lat="46.5304410" lon="12.0130220">
    <ele>2574.8</ele>
    <time>2026-10-02T13:36:48Z</time>
   </trkpt>
   <trkpt lat="46.5304300" lon="12.0130140">
    <ele>2574.9</ele>
    <time>2026-10-02T13:36:49Z</time>
   </trkpt>
   <trkpt lat="46.5304170" lon="12.0130070">
    <ele>2575.1</ele>
    <time>2026-10-02T13:36:50Z</time>
   </trkpt>
   <trkpt lat="46.5304100" lon="12.0129940">
    <ele>2575.3</ele>
    <time>2026-10-02T13:36:51Z</time>
   </trkpt>
   <trkpt lat="46.5304120" lon="12.0129810">
    <ele>2575.4</ele>
    <time>2026-10-02T13:36:52Z</time>
   </trkpt>
   <trkpt lat="46.5304060" lon="12.0129610">
    <ele>2575.7</ele>
    <time>2026-10-02T13:36:53Z</time>
   </trkpt>
   <trkpt lat="46.5304020" lon="12.0129530">
    <ele>2575.8</ele>
    <time>2026-10-02T13:36:54Z</time>
   </trkpt>
   <trkpt lat="46.5303970" lon="12.0129360">
    <ele>2575.9</ele>
    <time>2026-10-02T13:36:55Z</time>
   </trkpt>
   <trkpt lat="46.5303890" lon="12.0129240">
    <ele>2576.1</ele>
    <time>2026-10-02T13:36:56Z</time>
   </trkpt>
   <trkpt lat="46.5303870" lon="12.0129150">
    <ele>2576.2</ele>
    <time>2026-10-02T13:36:57Z</time>
   </trkpt>
   <trkpt lat="46.5303840" lon="12.0129000">
    <ele>2576.3</ele>
    <time>2026-10-02T13:36:58Z</time>
   </trkpt>
   <trkpt lat="46.5303760" lon="12.0128880">
    <ele>2576.5</ele>
    <time>2026-10-02T13:36:59Z</time>
   </trkpt>
   <trkpt lat="46.5303700" lon="12.0128750">
    <ele>2576.6</ele>
    <time>2026-10-02T13:37:00Z</time>
   </trkpt>
   <trkpt lat="46.5303610" lon="12.0128630">
    <ele>2576.8</ele>
    <time>2026-10-02T13:37:01Z</time>
   </trkpt>
   <trkpt lat="46.5303560" lon="12.0128520">
    <ele>2576.9</ele>
    <time>2026-10-02T13:37:02Z</time>
   </trkpt>
   <trkpt lat="46.5303490" lon="12.0128410">
    <ele>2577.0</ele>
    <time>2026-10-02T13:37:03Z</time>
   </trkpt>
   <trkpt lat="46.5303390" lon="12.0128240">
    <ele>2577.2</ele>
    <time>2026-10-02T13:37:04Z</time>
   </trkpt>
   <trkpt lat="46.5303380" lon="12.0128160">
    <ele>2577.3</ele>
    <time>2026-10-02T13:37:05Z</time>
   </trkpt>
   <trkpt lat="46.5303270" lon="12.0127970">
    <ele>2577.5</ele>
    <time>2026-10-02T13:37:06Z</time>
   </trkpt>
   <trkpt lat="46.5303230" lon="12.0127910">
    <ele>2577.5</ele>
    <time>2026-10-02T13:37:07Z</time>
   </trkpt>
   <trkpt lat="46.5303200" lon="12.0127890">
    <ele>2577.6</ele>
    <time>2026-10-02T13:37:08Z</time>
   </trkpt>
   <trkpt lat="46.5303210" lon="12.0127810">
    <ele>2577.6</ele>
    <time>2026-10-02T13:37:09Z</time>
   </trkpt>
   <trkpt lat="46.5303160" lon="12.0127730">
    <ele>2577.7</ele>
    <time>2026-10-02T13:37:10Z</time>
   </trkpt>
   <trkpt lat="46.5303120" lon="12.0127610">
    <ele>2577.8</ele>
    <time>2026-10-02T13:37:11Z</time>
   </trkpt>
   <trkpt lat="46.5303110" lon="12.0127520">
    <ele>2577.9</ele>
    <time>2026-10-02T13:37:12Z</time>
   </trkpt>
   <trkpt lat="46.5303070" lon="12.0127400">
    <ele>2578.0</ele>
    <time>2026-10-02T13:37:13Z</time>
   </trkpt>
   <trkpt lat="46.5303000" lon="12.0127280">
    <ele>2578.2</ele>
    <time>2026-10-02T13:37:14Z</time>
   </trkpt>
   <trkpt lat="46.5302950" lon="12.0127210">
    <ele>2578.3</ele>
    <time>2026-10-02T13:37:15Z</time>
   </trkpt>
   <trkpt lat="46.5302920" lon="12.0127170">
    <ele>2578.3</ele>
    <time>2026-10-02T13:37:16Z</time>
   </trkpt>
   <trkpt lat="46.5302880" lon="12.0127070">
    <ele>2578.4</ele>
    <time>2026-10-02T13:37:17Z</time>
   </trkpt>
   <trkpt lat="46.5302870" lon="12.0127070">
    <ele>2578.4</ele>
    <time>2026-10-02T13:37:18Z</time>
   </trkpt>
   <trkpt lat="46.5302910" lon="12.0127100">
    <ele>2578.5</ele>
    <time>2026-10-02T13:37:19Z</time>
   </trkpt>
   <trkpt lat="46.5302910" lon="12.0127100">
    <ele>2578.5</ele>
    <time>2026-10-02T13:37:20Z</time>
   </trkpt>
   <trkpt lat="46.5302930" lon="12.0127060">
    <ele>2578.5</ele>
    <time>2026-10-02T13:37:21Z</time>
   </trkpt>
   <trkpt lat="46.5302890" lon="12.0127030">
    <ele>2578.6</ele>
    <time>2026-10-02T13:37:22Z</time>
   </trkpt>
   <trkpt lat="46.5302830" lon="12.0127020">
    <ele>2578.6</ele>
    <time>2026-10-02T13:37:23Z</time>
   </trkpt>
   <trkpt lat="46.5302870" lon="12.0127060">
    <ele>2578.7</ele>
    <time>2026-10-02T13:37:24Z</time>
   </trkpt>
   <trkpt lat="46.5302890" lon="12.0127060">
    <ele>2578.7</ele>
    <time>2026-10-02T13:37:25Z</time>
   </trkpt>
   <trkpt lat="46.5302940" lon="12.0127110">
    <ele>2578.8</ele>
    <time>2026-10-02T13:37:26Z</time>
   </trkpt>
   <trkpt lat="46.5302960" lon="12.0127120">
    <ele>2578.8</ele>
    <time>2026-10-02T13:37:27Z</time>
   </trkpt>
   <trkpt lat="46.5302960" lon="12.0127120">
    <ele>2578.8</ele>
    <time>2026-10-02T13:37:28Z</time>
   </trkpt>
   <trkpt lat="46.5302960" lon="12.0127120">
    <ele>2578.8</ele>
    <time>2026-10-02T13:37:29Z</time>
   </trkpt>
   <trkpt lat="46.5302960" lon="12.0127120">
    <ele>2578.8</ele>
    <time>2026-10-02T13:37:30Z</time>
   </trkpt>
   <trkpt lat="46.5302960" lon="12.0127120">
    <ele>2578.8</ele>
    <time>2026-10-02T13:37:31Z</time>
   </trkpt>
   <trkpt lat="46.5302960" lon="12.0127120">
    <ele>2578.8</ele>
    <time>2026-10-02T13:37:32Z</time>
   </trkpt>
   <trkpt lat="46.5302980" lon="12.0127150">
    <ele>2578.9</ele>
    <time>2026-10-02T13:37:33Z</time>
   </trkpt>
   <trkpt lat="46.5302950" lon="12.0127040">
    <ele>2579.0</ele>
    <time>2026-10-02T13:37:34Z</time>
   </trkpt>
   <trkpt lat="46.5302920" lon="12.0126990">
    <ele>2579.0</ele>
    <time>2026-10-02T13:37:35Z</time>
   </trkpt>
   <trkpt lat="46.5302860" lon="12.0126790">
    <ele>2579.2</ele>
    <time>2026-10-02T13:37:36Z</time>
   </trkpt>
   <trkpt lat="46.5302870" lon="12.0126710">
    <ele>2579.3</ele>
    <time>2026-10-02T13:37:37Z</time>
   </trkpt>
   <trkpt lat="46.5302850" lon="12.0126620">
    <ele>2579.4</ele>
    <time>2026-10-02T13:37:38Z</time>
   </trkpt>
   <trkpt lat="46.5302850" lon="12.0126530">
    <ele>2579.4</ele>
    <time>2026-10-02T13:37:39Z</time>
   </trkpt>
   <trkpt lat="46.5302790" lon="12.0126490">
    <ele>2579.5</ele>
    <time>2026-10-02T13:37:40Z</time>
   </trkpt>
   <trkpt lat="46.5302710" lon="12.0126510">
    <ele>2579.6</ele>
    <time>2026-10-02T13:37:41Z</time>
   </trkpt>
   <trkpt lat="46.5302660" lon="12.0126480">
    <ele>2579.7</ele>
    <time>2026-10-02T13:37:42Z</time>
   </trkpt>
   <trkpt lat="46.5302630" lon="12.0126450">
    <ele>2579.7</ele>
    <time>2026-10-02T13:37:43Z</time>
   </trkpt>
   <trkpt lat="46.5302540" lon="12.0126410">
    <ele>2579.9</ele>
    <time>2026-10-02T13:37:44Z</time>
   </trkpt>
   <trkpt lat="46.5302470" lon="12.0126430">
    <ele>2580.0</ele>
    <time>2026-10-02T13:37:45Z</time>
   </trkpt>
   <trkpt lat="46.5302480" lon="12.0126510">
    <ele>2580.0</ele>
    <time>2026-10-02T13:37:46Z</time>
   </trkpt>
   <trkpt lat="46.5302490" lon="12.0126530">
    <ele>2580.1</ele>
    <time>2026-10-02T13:37:47Z</time>
   </trkpt>
   <trkpt lat="46.5302490" lon="12.0126530">
    <ele>2580.1</ele>
    <time>2026-10-02T13:37:48Z</time>
   </trkpt>
   <trkpt lat="46.5302450" lon="12.0126500">
    <ele>2580.1</ele>
    <time>2026-10-02T13:37:49Z</time>
   </trkpt>
   <trkpt lat="46.5302190" lon="12.0126440">
    <ele>2580.5</ele>
    <time>2026-10-02T13:37:50Z</time>
   </trkpt>
   <trkpt lat="46.5302150" lon="12.0126400">
    <ele>2580.5</ele>
    <time>2026-10-02T13:37:51Z</time>
   </trkpt>
   <trkpt lat="46.5302110" lon="12.0126360">
    <ele>2580.6</ele>
    <time>2026-10-02T13:37:52Z</time>
   </trkpt>
   <trkpt lat="46.5302070" lon="12.0126310">
    <ele>2580.7</ele>
    <time>2026-10-02T13:37:53Z</time>
   </trkpt>
   <trkpt lat="46.5302010" lon="12.0126250">
    <ele>2580.8</ele>
    <time>2026-10-02T13:37:54Z</time>
   </trkpt>
   <trkpt lat="46.5301960" lon="12.0126170">
    <ele>2580.9</ele>
    <time>2026-10-02T13:37:55Z</time>
   </trkpt>
   <trkpt lat="46.5301910" lon="12.0126070">
    <ele>2581.0</ele>
    <time>2026-10-02T13:37:56Z</time>
   </trkpt>
   <trkpt lat="46.5301850" lon="12.0125960">
    <ele>2581.1</ele>
    <time>2026-10-02T13:37:57Z</time>
   </trkpt>
   <trkpt lat="46.5301790" lon="12.0125870">
    <ele>2581.2</ele>
    <time>2026-10-02T13:37:58Z</time>
   </trkpt>
   <trkpt lat="46.5301740" lon="12.0125790">
    <ele>2581.4</ele>
    <time>2026-10-02T13:37:59Z</time>
   </trkpt>
   <trkpt lat="46.5301700" lon="12.0125410">
    <ele>2581.7</ele>
    <time>2026-10-02T13:38:00Z</time>
   </trkpt>
   <trkpt lat="46.5301580" lon="12.0125330">
    <ele>2581.9</ele>
    <time>2026-10-02T13:38:01Z</time>
   </trkpt>
   <trkpt lat="46.5301540" lon="12.0125190">
    <ele>2582.1</ele>
    <time>2026-10-02T13:38:02Z</time>
   </trkpt>
   <trkpt lat="46.5301560" lon="12.0125200">
    <ele>2582.1</ele>
    <time>2026-10-02T13:38:03Z</time>
   </trkpt>
   <trkpt lat="46.5301520" lon="12.0125250">
    <ele>2582.2</ele>
    <time>2026-10-02T13:38:04Z</time>
   </trkpt>
   <trkpt lat="46.5301390" lon="12.0124980">
    <ele>2582.5</ele>
    <time>2026-10-02T13:38:05Z</time>
   </trkpt>
   <trkpt lat="46.5301470" lon="12.0125090">
    <ele>2582.7</ele>
    <time>2026-10-02T13:38:06Z</time>
   </trkpt>
   <trkpt lat="46.5301410" lon="12.0124900">
    <ele>2582.9</ele>
    <time>2026-10-02T13:38:07Z</time>
   </trkpt>
   <trkpt lat="46.5301430" lon="12.0124850">
    <ele>2582.9</ele>
    <time>2026-10-02T13:38:08Z</time>
   </trkpt>
   <trkpt lat="46.5301380" lon="12.0124760">
    <ele>2583.1</ele>
    <time>2026-10-02T13:38:09Z</time>
   </trkpt>
   <trkpt lat="46.5301340" lon="12.0124730">
    <ele>2583.1</ele>
    <time>2026-10-02T13:38:10Z</time>
   </trkpt>
   <trkpt lat="46.5301260" lon="12.0124540">
    <ele>2583.4</ele>
    <time>2026-10-02T13:38:12Z</time>
   </trkpt>
   <trkpt lat="46.5301030" lon="12.0124520">
    <ele>2583.7</ele>
    <time>2026-10-02T13:38:13Z</time>
   </trkpt>
   <trkpt lat="46.5301070" lon="12.0124370">
    <ele>2583.9</ele>
    <time>2026-10-02T13:38:14Z</time>
   </trkpt>
   <trkpt lat="46.5301050" lon="12.0124170">
    <ele>2584.1</ele>
    <time>2026-10-02T13:38:15Z</time>
   </trkpt>
   <trkpt lat="46.5301030" lon="12.0124110">
    <ele>2584.1</ele>
    <time>2026-10-02T13:38:16Z</time>
   </trkpt>
   <trkpt lat="46.5301030" lon="12.0124060">
    <ele>2584.2</ele>
    <time>2026-10-02T13:38:17Z</time>
   </trkpt>
   <trkpt lat="46.5301030" lon="12.0123990">
    <ele>2584.2</ele>
    <time>2026-10-02T13:38:18Z</time>
   </trkpt>
   <trkpt lat="46.5301020" lon="12.0123800">
    <ele>2584.4</ele>
    <time>2026-10-02T13:38:19Z</time>
   </trkpt>
   <trkpt lat="46.5301050" lon="12.0123790">
    <ele>2584.5</ele>
    <time>2026-10-02T13:38:20Z</time>
   </trkpt>
   <trkpt lat="46.5300970" lon="12.0123640">
    <ele>2584.7</ele>
    <time>2026-10-02T13:38:21Z</time>
   </trkpt>
   <trkpt lat="46.5300990" lon="12.0123530">
    <ele>2584.8</ele>
    <time>2026-10-02T13:38:22Z</time>
   </trkpt>
   <trkpt lat="46.5301020" lon="12.0123460">
    <ele>2584.9</ele>
    <time>2026-10-02T13:38:23Z</time>
   </trkpt>
   <trkpt lat="46.5300960" lon="12.0123390">
    <ele>2585.0</ele>
    <time>2026-10-02T13:38:24Z</time>
   </trkpt>
   <trkpt lat="46.5300920" lon="12.0123360">
    <ele>2585.1</ele>
    <time>2026-10-02T13:38:25Z</time>
   </trkpt>
   <trkpt lat="46.5300990" lon="12.0123440">
    <ele>2585.3</ele>
    <time>2026-10-02T13:38:26Z</time>
   </trkpt>
   <trkpt lat="46.5300990" lon="12.0123390">
    <ele>2585.3</ele>
    <time>2026-10-02T13:38:27Z</time>
   </trkpt>
   <trkpt lat="46.5300930" lon="12.0123340">
    <ele>2585.4</ele>
    <time>2026-10-02T13:38:28Z</time>
   </trkpt>
   <trkpt lat="46.5300900" lon="12.0123340">
    <ele>2585.5</ele>
    <time>2026-10-02T13:38:29Z</time>
   </trkpt>
   <trkpt lat="46.5300910" lon="12.0123350">
    <ele>2585.5</ele>
    <time>2026-10-02T13:38:30Z</time>
   </trkpt>
   <trkpt lat="46.5300910" lon="12.0123350">
    <ele>2585.5</ele>
    <time>2026-10-02T13:38:31Z</time>
   </trkpt>
   <trkpt lat="46.5300850" lon="12.0123260">
    <ele>2585.6</ele>
    <time>2026-10-02T13:38:32Z</time>
   </trkpt>
   <trkpt lat="46.5300810" lon="12.0123360">
    <ele>2585.7</ele>
    <time>2026-10-02T13:38:33Z</time>
   </trkpt>
   <trkpt lat="46.5300730" lon="12.0123390">
    <ele>2585.9</ele>
    <time>2026-10-02T13:38:34Z</time>
   </trkpt>
   <trkpt lat="46.5300640" lon="12.0123420">
    <ele>2586.0</ele>
    <time>2026-10-02T13:38:35Z</time>
   </trkpt>
   <trkpt lat="46.5300590" lon="12.0123420">
    <ele>2586.1</ele>
    <time>2026-10-02T13:38:36Z</time>
   </trkpt>
   <trkpt lat="46.5300540" lon="12.0123290">
    <ele>2586.3</ele>
    <time>2026-10-02T13:38:37Z</time>
   </trkpt>
   <trkpt lat="46.5300490" lon="12.0123190">
    <ele>2586.4</ele>
    <time>2026-10-02T13:38:38Z</time>
   </trkpt>
   <trkpt lat="46.5300410" lon="12.0123080">
    <ele>2586.6</ele>
    <time>2026-10-02T13:38:39Z</time>
   </trkpt>
   <trkpt lat="46.5300400" lon="12.0123060">
    <ele>2586.7</ele>
    <time>2026-10-02T13:38:40Z</time>
   </trkpt>
   <trkpt lat="46.5300370" lon="12.0122960">
    <ele>2586.8</ele>
    <time>2026-10-02T13:38:41Z</time>
   </trkpt>
   <trkpt lat="46.5300370" lon="12.0122910">
    <ele>2586.8</ele>
    <time>2026-10-02T13:38:42Z</time>
   </trkpt>
   <trkpt lat="46.5300350" lon="12.0122910">
    <ele>2586.9</ele>
    <time>2026-10-02T13:38:43Z</time>
   </trkpt>
   <trkpt lat="46.5300330" lon="12.0122900">
    <ele>2586.9</ele>
    <time>2026-10-02T13:38:44Z</time>
   </trkpt>
   <trkpt lat="46.5300170" lon="12.0122770">
    <ele>2587.2</ele>
    <time>2026-10-02T13:38:45Z</time>
   </trkpt>
   <trkpt lat="46.5300080" lon="12.0122690">
    <ele>2587.4</ele>
    <time>2026-10-02T13:38:46Z</time>
   </trkpt>
   <trkpt lat="46.5300060" lon="12.0122680">
    <ele>2587.4</ele>
    <time>2026-10-02T13:38:47Z</time>
   </trkpt>
   <trkpt lat="46.5300050" lon="12.0122720">
    <ele>2587.5</ele>
    <time>2026-10-02T13:38:48Z</time>
   </trkpt>
   <trkpt lat="46.5300050" lon="12.0122720">
    <ele>2587.5</ele>
    <time>2026-10-02T13:38:49Z</time>
   </trkpt>
   <trkpt lat="46.5300050" lon="12.0122720">
    <ele>2587.5</ele>
    <time>2026-10-02T13:38:50Z</time>
   </trkpt>
   <trkpt lat="46.5300030" lon="12.0122780">
    <ele>2587.6</ele>
    <time>2026-10-02T13:38:51Z</time>
   </trkpt>
   <trkpt lat="46.5300080" lon="12.0122810">
    <ele>2587.7</ele>
    <time>2026-10-02T13:38:52Z</time>
   </trkpt>
   <trkpt lat="46.5300080" lon="12.0122800">
    <ele>2587.7</ele>
    <time>2026-10-02T13:38:53Z</time>
   </trkpt>
   <trkpt lat="46.5300030" lon="12.0122740">
    <ele>2587.8</ele>
    <time>2026-10-02T13:38:54Z</time>
   </trkpt>
   <trkpt lat="46.5300030" lon="12.0122750">
    <ele>2587.8</ele>
    <time>2026-10-02T13:38:55Z</time>
   </trkpt>
   <trkpt lat="46.5300040" lon="12.0122750">
    <ele>2587.8</ele>
    <time>2026-10-02T13:38:56Z</time>
   </trkpt>
   <trkpt lat="46.5300050" lon="12.0122660">
    <ele>2587.9</ele>
    <time>2026-10-02T13:38:57Z</time>
   </trkpt>
   <trkpt lat="46.5300030" lon="12.0122710">
    <ele>2588.0</ele>
    <time>2026-10-02T13:38:58Z</time>
   </trkpt>
   <trkpt lat="46.5300020" lon="12.0122750">
    <ele>2588.1</ele>
    <time>2026-10-02T13:38:59Z</time>
   </trkpt>
   <trkpt lat="46.5299990" lon="12.0122680">
    <ele>2588.2</ele>
    <time>2026-10-02T13:39:00Z</time>
   </trkpt>
   <trkpt lat="46.5300020" lon="12.0122750">
    <ele>2588.3</ele>
    <time>2026-10-02T13:39:01Z</time>
   </trkpt>
   <trkpt lat="46.5300100" lon="12.0122710">
    <ele>2588.4</ele>
    <time>2026-10-02T13:39:02Z</time>
   </trkpt>
   <trkpt lat="46.5300100" lon="12.0122690">
    <ele>2588.5</ele>
    <time>2026-10-02T13:39:03Z</time>
   </trkpt>
   <trkpt lat="46.5275180" lon="12.0090230">
    <ele>2716.6</ele>
    <time>2026-10-02T14:46:45Z</time>
   </trkpt>
  </trkseg>
 </trk>
</gpx>
